Date,Value,Drawdown
2007-04-27,10016.050098361731,0.0
2007-04-30,9907.444099595603,-0.010843196439671576
2007-05-01,9927.970094317292,-0.008793886130705975
2007-05-02,9966.731366347994,-0.004923970180800485
2007-05-03,9992.090321893314,-0.0023921382414346937
2007-05-04,10022.997708782596,0.0
2007-05-07,10029.262852832775,0.0
2007-05-08,10032.177204043792,0.0
2007-05-09,10038.355123640471,0.0
2007-05-10,9883.671881275255,-0.015409221975115628
2007-05-11,9956.05404154765,-0.008198662139278223
2007-05-14,9872.539158238096,-0.016518240624091463
2007-05-15,9832.660328557917,-0.02049088645988828
2007-05-16,9863.940543534698,-0.017374816686353767
2007-05-17,9842.065913436632,-0.019553921711892297
2007-05-18,9919.4990474359,-0.011840194408410887
2007-05-21,9895.977580909435,-0.01418335384407099
2007-05-22,9924.614645676316,-0.011330589181517858
2007-05-23,9887.700486578724,-0.015007900717414646
2007-05-24,9729.78302322891,-0.030739309041265983
2007-05-25,9779.424975026755,-0.025794081343459507
2007-05-29,9768.727065496674,-0.026859784777768958
2007-05-30,9829.073401279267,-0.02084820867398307
2007-05-31,9877.12188679626,-0.01606171876351581
2007-06-01,9930.822464736497,-0.010712179194650395
2007-06-04,9957.844477281269,-0.008020302665881829
2007-06-05,9919.567685280103,-0.01183335684953224
2007-06-06,9845.493472028491,-0.019212475473973645
2007-06-07,9682.823277846739,-0.03541734093033322
2007-06-08,9692.679183531658,-0.03443551616287621
2007-06-11,9697.101316100727,-0.03399499253977245
2007-06-12,9614.388722572443,-0.042234648589944856
2007-06-13,9714.73391212502,-0.032238470100875216
2007-06-14,9786.376380397369,-0.02510159683927582
2007-06-15,9879.991514635016,-0.015775852423521752
2007-06-18,9902.27059489899,-0.013556456916034021
2007-06-19,9898.158531763736,-0.013966092068865898
2007-06-20,9817.568544868143,-0.021994298473499097
2007-06-21,9872.163219340964,-0.01655569087291231
2007-06-22,9761.57343282335,-0.027572414744054585
2007-06-25,9721.957024002857,-0.03151891876115165
2007-06-26,9708.016930300695,-0.032907601820324595
2007-06-27,9751.715137892881,-0.028554477523169974
2007-06-28,9755.775526133337,-0.028149990115577284
2007-06-29,9790.109731025736,-0.02472968823648347
2007-07-02,9840.94586858164,-0.019665498244222146
2007-07-03,9821.153354623973,-0.021637187202610986
2007-07-05,9771.318836477301,-0.026601597958443968
2007-07-06,9782.937071059327,-0.02544421366202032
2007-07-09,9824.242384363224,-0.021329464502905293
2007-07-10,9711.72821791534,-0.03253789108894134
2007-07-11,9648.003570927136,-0.03888600750874527
2007-07-12,9816.043219882826,-0.02214624816710231
2007-07-13,9815.793811115398,-0.022171093748311166
2007-07-16,9798.764486633849,-0.023867519534388926
2007-07-17,9829.687259246788,-0.02078705742360787
2007-07-18,9759.197183459424,-0.027809131749446214
2007-07-19,9838.62270745465,-0.01989692671017873
2007-07-20,9781.210799525408,-0.02561618123167253
2007-07-23,9782.039753986945,-0.025533602517199272
2007-07-24,9739.318105497961,-0.029789444033342938
2007-07-25,9698.510696750282,-0.0338545929790679
2007-07-26,9688.329880455347,-0.034868784663815044
2007-07-27,9705.239942038375,-0.03318423959893635
2007-07-30,9684.467468623183,-0.03525355007454134
2007-07-31,9743.560445115081,-0.02936683100911064
2007-08-01,9714.795951024678,-0.03223228991508842
2007-08-02,9732.189625209165,-0.03049956837154344
2007-08-03,9783.284867902075,-0.025409566865960076
2007-08-06,9719.85031962961,-0.03172878425677306
2007-08-07,9716.385091174432,-0.03207398308790599
2007-08-08,9646.948806088809,-0.03899108098197235
2007-08-09,9668.734213962236,-0.03682086408835772
2007-08-10,9648.105572977798,-0.038875846277208304
2007-08-13,9659.124415221706,-0.037778172195330195
2007-08-14,9674.06495822163,-0.036289826463793085
2007-08-15,9660.41675289537,-0.037649432211762535
2007-08-16,9630.988237062726,-0.0405810395787245
2007-08-17,9640.928548225666,-0.039590806513595034
2007-08-20,9633.334142139554,-0.04034734540792306
2007-08-21,9669.027108157883,-0.03679168657948906
2007-08-22,9656.738631949367,-0.03801583894879268
2007-08-23,9665.061111695075,-0.037186770875069275
2007-08-24,9686.386930526272,-0.03506233728325758
2007-08-27,9719.709091578256,-0.0317428531006837
2007-08-28,9738.712444316128,-0.029849778737024324
2007-08-29,9709.177012240085,-0.03279203687715404
2007-08-30,9745.79957211259,-0.0291437738478596
2007-08-31,9801.17862235087,-0.02362702836952313
2007-09-04,9903.888904236821,-0.013395244315174692
2007-09-05,9775.977233461184,-0.026137538167122942
2007-09-06,9836.927881648811,-0.020065761721987263
2007-09-07,9764.106215163587,-0.02732010425005027
2007-09-10,9799.784788368941,-0.02376587920362505
2007-09-11,9872.780218482354,-0.016494226705347947
2007-09-12,9852.973075450926,-0.01846737298155232
2007-09-13,9785.851683981171,-0.02515386600187619
2007-09-14,9775.534649826053,-0.026181627425739484
2007-09-17,9823.7533071403,-0.02137818535576419
2007-09-18,9868.236169325324,-0.01694689540465788
2007-09-19,9858.241643445452,-0.017942529226810278
2007-09-20,9960.609068895876,-0.007744899815459005
2007-09-21,9954.79929792224,-0.00832365708217031
2007-09-24,9960.763464508931,-0.007729519246515881
2007-09-25,9968.365416789758,-0.006972228616009546
2007-09-26,9968.994779022412,-0.006909532863079715
2007-09-27,10086.838765693596,0.0
2007-09-28,10103.60805933236,0.0
2007-10-01,10242.406293510228,0.0
2007-10-02,10193.200867066122,-0.004804088515340754
2007-10-03,10111.481116134808,-0.012782658061355812
2007-10-04,10118.612098306477,-0.01208643668843612
2007-10-05,10272.243259422055,0.0
2007-10-08,10220.934297861098,-0.0049949130160926725
2007-10-09,10318.229490955442,0.0
2007-10-10,10306.84914190747,-0.001102936221562656
2007-10-11,10230.07284723374,-0.008543776216547339
2007-10-12,10335.942578909446,0.0
2007-10-15,10299.592301936967,-0.0035168807000390823
2007-10-16,10234.725195076191,-0.009792757947377662
2007-10-17,10281.311968003754,-0.005285498684673984
2007-10-18,10336.759058515689,0.0
2007-10-19,10203.564078159716,-0.01288556496305715
2007-10-22,10111.21733902519,-0.02181938441379183
2007-10-23,10181.499772348816,-0.015020112715016465
2007-10-24,10237.175970012031,-0.00963387924009107
2007-10-25,10264.710921075926,-0.006970089660782719
2007-10-26,10391.091335656252,0.0
2007-10-29,10444.229592472899,0.0
2007-10-30,10367.496489528921,-0.007346937585447022
2007-10-31,10386.59135248148,-0.00551866841695603
2007-11-01,10277.88562926292,-0.01592687729977338
2007-11-02,10396.871912146451,-0.004534339264293696
2007-11-05,10389.362821134531,-0.005253309576601972
2007-11-06,10508.827821017987,0.0
2007-11-07,10461.259336288756,-0.004526526225321903
2007-11-08,10443.292540443827,-0.0062362122294066236
2007-11-09,10475.703946083091,-0.003152004723937618
2007-11-12,10192.470667627942,-0.030103942968531694
2007-11-13,10189.284771235749,-0.030407106789126503
2007-11-14,10243.291976931223,-0.02526788416455772
2007-11-15,10109.39233254977,-0.038009518784705265
2007-11-16,10126.3130178644,-0.03639937866224663
2007-11-19,10199.359601591961,-0.029448405159620106
2007-11-20,10188.582242587525,-0.030473958074559104
2007-11-21,10259.939794623906,-0.02368370960425259
2007-11-23,10272.618172405328,-0.022477259370472513
2007-11-26,10439.648958962993,-0.006582928489572759
2007-11-27,10342.472932417306,-0.015830013721222613
2007-11-28,10276.742503556652,-0.02208479588914347
2007-11-29,10304.708933207035,-0.01942356381581467
2007-11-30,10249.587699246324,-0.024668795244049524
2007-12-03,10314.277868174382,-0.018513002226042685
2007-12-04,10308.402898181312,-0.019072053158566304
2007-12-05,10206.01454835893,-0.02881513312582984
2007-12-06,10237.744632776972,-0.02579575884751295
2007-12-07,10178.280905376223,-0.03145421366412149
2007-12-10,10261.103791715514,-0.02357294586243175
2007-12-11,10015.004977087394,-0.0469912393980737
2007-12-12,10099.392827034593,-0.03896105264609162
2007-12-13,10032.217419883174,-0.04535333619050996
2007-12-14,9888.697181132851,-0.05901044821048973
2007-12-17,9842.551383766187,-0.06340159422150071
2007-12-18,9900.955330108203,-0.05784398614791453
2007-12-19,9921.108549353963,-0.05592624426566084
2007-12-20,9949.954478455207,-0.053181320703058366
2007-12-21,10015.337171770469,-0.046959628386005314
2007-12-24,10054.799129080646,-0.04320450383907415
2007-12-26,10099.627357869658,-0.03893873513941437
2007-12-27,10070.088409709078,-0.0417496050731192
2007-12-28,10207.16947022749,-0.02870523296491445
2007-12-31,10160.812969092558,-0.03311642914439883
2008-01-02,10308.901571575845,-0.01902460035002984
2008-01-03,10360.70879986278,-0.014094723377136797
2008-01-04,10329.622702662662,-0.017052817060805636
2008-01-07,10312.688043693457,-0.018664286889565784
2008-01-08,10458.080839665836,-0.004828985897994742
2008-01-09,10442.076651636355,-0.0063519138878770365
2008-01-10,10532.827923981149,0.0
2008-01-11,10582.86947570563,0.0
2008-01-14,10666.048560930625,0.0
2008-01-15,10594.035983880953,-0.006751570334439738
2008-01-16,10471.881102017063,-0.018204254162576206
2008-01-17,10500.526983619817,-0.015518547132544303
2008-01-18,10546.543710096917,-0.011204229021743783
2008-01-22,10634.050283217204,-0.0030000123785888233
2008-01-23,10608.692752826497,-0.005377418617258156
2008-01-24,10701.0269757705,0.0
2008-01-25,10754.684685121378,0.0
2008-01-28,10848.239273748763,0.0
2008-01-29,10796.45839708215,-0.004773205619820309
2008-01-30,10857.389194306343,0.0
2008-01-31,10827.347078846706,-0.0027669741704930972
2008-02-01,10693.565141740282,-0.015088715126097774
2008-02-04,10650.013615625936,-0.019099948889108154
2008-02-05,10540.017301697071,-0.02923095846796231
2008-02-06,10592.624554780567,-0.02438566351334437
2008-02-07,10597.531913145744,-0.02393368023473541
2008-02-08,10675.826248768695,-0.01672252346198111
2008-02-11,10717.843297849573,-0.0128526199033141
2008-02-12,10588.804082861834,-0.024737541101073846
2008-02-13,10635.807960679633,-0.02040833479036641
2008-02-14,10515.866076196939,-0.031455362978836554
2008-02-15,10510.244010443284,-0.031973173076000894
2008-02-19,10477.711219516108,-0.034969546361047765
2008-02-20,10596.918892814703,-0.023990141352603578
2008-02-21,10618.236888358773,-0.022026686311749977
2008-02-22,10616.50360455534,-0.022186327250507287
2008-02-25,10641.243679384947,-0.01990768784771424
2008-02-26,10789.122234797296,-0.006287603611450754
2008-02-27,10838.731765742099,-0.0017184083788787108
2008-02-28,10801.859128667173,-0.00511449526634733
2008-02-29,10630.542641531725,-0.020893287393029647
2008-03-03,10703.779448405972,-0.014147945067763068
2008-03-04,10540.625839471273,-0.02917491020780405
2008-03-05,10690.319865821933,-0.015387615336845517
2008-03-06,10595.79604494696,-0.024093559204505954
2008-03-07,10584.541340767066,-0.025130153175531356
2008-03-10,10621.328451591113,-0.02174194352718062
2008-03-11,10558.539937117917,-0.02752496496534762
2008-03-12,10664.40811292559,-0.017774170007827772
2008-03-13,10663.587032700107,-0.017849794102238414
2008-03-14,10719.431927830443,-0.012706302040664141
2008-03-17,10738.356054909782,-0.010963329882195061
2008-03-18,10577.721984553707,-0.025758237523556216
2008-03-19,10514.821373779285,-0.03155158338679631
2008-03-20,10548.73788850468,-0.02842776474877773
2008-03-24,10430.19736088021,-0.039345723523492415
2008-03-25,10466.024478663416,-0.03604593228067754
2008-03-26,10385.17949317061,-0.04349201200076358
2008-03-27,10262.98134111492,-0.05474684959282217
2008-03-28,10276.184681850262,-0.053530780011171286
2008-03-31,10312.382985557713,-0.05019680136679938
2008-04-01,10205.785448584082,-0.06001477280228329
2008-04-02,10225.814348807162,-0.058170047531351354
2008-04-03,10249.429552804679,-0.05599501230189674
2008-04-04,10247.686870550371,-0.05615551886780501
2008-04-07,10255.411463620729,-0.05544405933254137
2008-04-08,10205.503487825552,-0.06004074228292766
2008-04-09,10111.085423419348,-0.06873694564420318
2008-04-10,10104.705533233093,-0.06932455377651559
2008-04-11,10045.998878346018,-0.07473162299329028
2008-04-14,10034.360672397266,-0.07580353869424483
2008-04-15,10029.991008800265,-0.07620599857836619
2008-04-16,10292.328067367114,-0.05204392297510607
2008-04-17,10252.04296797235,-0.05575430847145457
2008-04-18,10160.289888571742,-0.06420505825656153
2008-04-21,10190.185747963144,-0.06145155473408681
2008-04-22,10112.357689287614,-0.06861976592028463
2008-04-23,10185.232787245015,-0.06190773813411876
2008-04-24,10251.604657278509,-0.05579467827730722
2008-04-25,10207.393761321224,-0.05986664209531878
2008-04-28,10211.032329101057,-0.05953151845604254
2008-04-29,10190.431825773967,-0.061428890186798424
2008-04-30,10164.947565920445,-0.06377607139191588
2008-05-01,10404.570861858967,-0.041706005407343705
2008-05-02,10392.511783751275,-0.04281668476974654
2008-05-05,10383.79744295027,-0.04361930321190166
2008-05-06,10520.306655957069,-0.03104637149104328
2008-05-07,10313.723417896708,-0.05007334329460478
2008-05-08,10366.497544389682,-0.04521267876941226
2008-05-09,10323.500837280968,-0.049172811941322725
2008-05-12,10402.578967072017,-0.041889465238367785
2008-05-13,10374.186405450548,-0.04450451026561597
2008-05-14,10400.546159456839,-0.042076693270705845
2008-05-15,10567.750525612271,-0.02667664053582597
2008-05-16,10615.392771636652,-0.02228863848747309
2008-05-19,10597.241083111612,-0.023960466603808683
2008-05-20,10641.858735700363,-0.01985103920922393
2008-05-21,10695.544615194809,-0.01490639933920812
2008-05-22,10597.283833428539,-0.02395652916395441
2008-05-23,10608.187932939221,-0.02295222699558408
2008-05-27,10464.514427016447,-0.03618501282941211
2008-05-28,10465.57764855665,-0.03608708675149652
2008-05-29,10386.928135000258,-0.043330956539054166
2008-05-30,10425.674262140905,-0.039762315271136384
2008-06-02,10384.526062362324,-0.04355219505182617
2008-06-03,10304.115037436448,-0.05095830562655279
2008-06-04,10267.337538420683,-0.054345629996858325
2008-06-05,10287.017030697149,-0.05253308630663245
2008-06-06,10158.39828414552,-0.06437928102709778
2008-06-09,10110.425320474562,-0.06879774322021093
2008-06-10,10062.02234377275,-0.07325581097808354
2008-06-11,9913.867275121354,-0.08690136296115969
2008-06-12,9865.220184082496,-0.09138191442415489
2008-06-13,9901.621962825162,-0.0880291950833253
2008-06-16,9932.68768433673,-0.08516794354710333
2008-06-17,9946.187460748204,-0.08392457129896169
2008-06-18,9992.813745761923,-0.07963014248377553
2008-06-19,9964.273295705438,-0.08225880850520295
2008-06-20,9937.08847734764,-0.08476261654517392
2008-06-23,9814.267842231375,-0.09607478680252013
2008-06-24,9867.12269450613,-0.0912066871766476
2008-06-25,9872.474183711516,-0.09071379803823554
2008-06-26,9980.120481718686,-0.08079923238338915
2008-06-27,10064.957123489765,-0.07298550845281782
2008-06-30,10062.19949305014,-0.0732394949674644
2008-07-01,10139.86629713453,-0.06608613584084144
2008-07-02,10196.240550986831,-0.06089388816108943
2008-07-03,10121.45704588991,-0.06778168630100856
2008-07-07,10077.674970741846,-0.0718141543616565
2008-07-08,10085.778116051692,-0.07106782896382557
2008-07-09,10137.336894641072,-0.06631910183737988
2008-07-10,10151.757617368386,-0.06499090751098724
2008-07-11,10208.284020934374,-0.05978464635976777
2008-07-14,10287.837314322951,-0.052457535581580395
2008-07-15,10302.638086161545,-0.05109433752597825
2008-07-16,10142.863959546004,-0.06581004161986181
2008-07-17,10105.089125974318,-0.0692892236677426
2008-07-18,10065.558249732932,-0.07293014281818777
2008-07-21,10131.153409296892,-0.0668886204604594
2008-07-22,10004.979509048628,-0.07850963707782732
2008-07-23,9898.23719994118,-0.08834094248626045
2008-07-24,9726.858710180462,-0.10412544525149148
2008-07-25,9728.46609632686,-0.10397739988647492
2008-07-28,9574.974497356205,-0.11811446324707986
2008-07-29,9623.692669200858,-0.11362736501630055
2008-07-30,9690.373366152913,-0.10748586122024784
2008-07-31,9604.364829786113,-0.11540752036201496
2008-08-01,9535.350200181814,-0.1217639867619198
2008-08-04,9495.430634646682,-0.12544070542979868
2008-08-05,9439.612397745108,-0.13058174218390572
2008-08-06,9490.154204154864,-0.1259266814224973
2008-08-07,9524.379922853663,-0.12277438411728991
2008-08-08,9650.573153004974,-0.11115158715450923
2008-08-11,9660.211697385901,-0.11026384662974464
2008-08-12,9681.368749060306,-0.10831521503003194
2008-08-13,9655.24536911344,-0.11072126122395165
2008-08-14,9721.847881613721,-0.10458695846402044
2008-08-15,9754.867456658012,-0.10154575081701012
2008-08-18,9694.459565659401,-0.10710950927841723
2008-08-19,9623.236326196688,-0.11366939565515899
2008-08-20,9624.413449968803,-0.11356097882022298
2008-08-21,9597.137520988932,-0.11607317843762033
2008-08-22,9615.45455751546,-0.11438612124562664
2008-08-25,9631.794276891753,-0.11288118123805457
2008-08-26,9639.191836706479,-0.11219984250345294
2008-08-27,9654.882115944034,-0.1107547179936138
2008-08-28,9647.611697541839,-0.11142434660064648
2008-08-29,9602.035385583913,-0.11562206956537413
2008-09-02,9660.990178960657,-0.11019214600624994
2008-09-03,9686.856358077877,-0.1078097888249504
2008-09-04,9707.77904827231,-0.10588274266127373
2008-09-05,9709.34695351856,-0.10573833361245089
2008-09-08,9757.629421924985,-0.10129136505100844
2008-09-09,9822.733447817713,-0.09529507766298062
2008-09-10,9786.215808738185,-0.09865846810851042
2008-09-11,9780.628916081545,-0.09917303865182014
2008-09-12,9692.285387657254,-0.10730975797202469
2008-09-15,9891.238535082854,-0.08898554172951101
2008-09-16,9851.703925941118,-0.09262680469192452
2008-09-17,9886.398460846365,-0.08943132792634612
2008-09-18,9695.242576102079,-0.10703739153181491
2008-09-19,9659.57089883944,-0.11032286620940546
2008-09-22,9862.732311133215,-0.0916110554178835
2008-09-23,9643.956284561418,-0.11176102173635383
2008-09-24,9532.594976521677,-0.12201775160453787
2008-09-25,9533.458633726856,-0.12193820603518213
2008-09-26,9517.580039751329,-0.12340067492999285
2008-09-29,9396.62234762366,-0.13454126222616347
2008-09-30,9021.771443178912,-0.16906622009000438
2008-10-01,9099.509846618821,-0.16190626643552208
2008-10-02,8746.416649223705,-0.19442727043345187
2008-10-03,8742.146771292591,-0.19482053974108182
2008-10-06,8746.50120967864,-0.1944194821472054
2008-10-07,8811.213145234366,-0.18845930752348827
2008-10-08,8769.462889239152,-0.19230463859231528
2008-10-09,8698.778778528169,-0.19881486950013338
2008-10-10,8403.504695133537,-0.22601054961349565
2008-10-13,8289.562310560501,-0.23650500482127146
2008-10-14,8286.221400132916,-0.2368127132738096
2008-10-15,8313.554896182673,-0.2342952115465904
2008-10-16,8287.371525239278,-0.23670678310166793
2008-10-17,8271.25798638988,-0.23819089116494407
2008-10-20,8304.315355038701,-0.23514620260702113
2008-10-21,8364.98032174667,-0.2295587666569695
2008-10-22,8466.021089862643,-0.22025259126731334
2008-10-23,8467.535327608673,-0.2201131251655709
2008-10-24,8374.253638995224,-0.22870466471012063
2008-10-27,8356.932096812065,-0.2303000337139547
2008-10-28,8266.772088037858,-0.2386040566388662
2008-10-29,8288.266577484212,-0.23662434594952064
2008-10-30,8226.285767748634,-0.24233297521815556
2008-10-31,8163.6439858543,-0.24810248212016317
2008-11-03,8159.263197686778,-0.24850596661253266
2008-11-04,8289.250543796707,-0.23653371952958802
2008-11-05,8218.017101981646,-0.24309454557535748
2008-11-06,8193.533916927745,-0.24534952461458537
2008-11-07,8158.358691643887,-0.24858927448947277
2008-11-10,8158.454311432109,-0.24858046760353458
2008-11-11,8004.608565708807,-0.26275014900391935
2008-11-12,7846.400454621396,-0.2773216180980157
2008-11-13,8073.586578972032,-0.2563970550852269
2008-11-14,7968.505241646555,-0.2660753797215568
2008-11-17,7962.791736986652,-0.2666016116321619
2008-11-18,7963.506971328267,-0.2665357362795504
2008-11-19,8091.676988243814,-0.25473087098258196
2008-11-20,8337.323097807708,-0.23210608475011352
2008-11-21,8248.508114324379,-0.24028622657738674
2008-11-24,8286.268532685755,-0.23680837221612105
2008-11-25,8381.307711489215,-0.22805496224779298
2008-11-26,8362.655687386254,-0.2297728728586369
2008-11-28,8419.513324117388,-0.22453610408176083
2008-12-01,8377.587263675692,-0.22839762729801272
2008-12-02,8454.471759462045,-0.2213163212482423
2008-12-03,8434.949153779737,-0.22311441518527708
2008-12-04,8504.557722096974,-0.21670324514508543
2008-12-05,8378.572377977549,-0.22830689514461677
2008-12-08,8435.321839480923,-0.22308008964950443
2008-12-09,8524.293390183382,-0.21488552748449374
2008-12-10,8605.340200540073,-0.207420859053966
2008-12-11,8556.090523984454,-0.21195691055532007
2008-12-12,8550.204735909894,-0.21249901031514506
2008-12-15,8580.288812606294,-0.20972817138158495
2008-12-16,8880.764433491036,-0.1820534131586492
2008-12-17,8996.639938989276,-0.17138091137903122
2008-12-18,8787.518350294202,-0.1906416733313373
2008-12-19,8739.208447020823,-0.1950911687310889
2008-12-22,8734.006810897175,-0.195570255925124
2008-12-23,8670.989689724282,-0.2013743327658013
2008-12-24,8707.989967027193,-0.19796648980827758
2008-12-26,8829.015695231219,-0.18681963617356656
2008-12-29,8871.194885507513,-0.1829347988962574
2008-12-30,8889.846986468383,-0.1812168812065562
2008-12-31,8803.935598593023,-0.18912959266396734
2009-01-02,8684.579711174887,-0.20012264866316898
2009-01-05,8601.360752080203,-0.2077873788856357
2009-01-06,8679.661418419539,-0.20057563903381237
2009-01-07,8457.607774326225,-0.22102748432731623
2009-01-08,8526.746150329911,-0.2146596204913268
2009-01-09,8294.511170586304,-0.23604919910801592
2009-01-12,8141.768806373682,-0.25011725556975906
2009-01-13,8139.6698896952685,-0.2503105724566138
2009-01-14,7980.028080588226,-0.26501408968806395
2009-01-15,7965.57867951557,-0.26634492538107135
2009-01-16,7986.563279177654,-0.2644121771589584
2009-01-20,7922.864269404896,-0.2702790581036114
2009-01-21,7829.6575093780475,-0.27886369648755427
2009-01-22,7847.041424108925,-0.2772625827741402
2009-01-23,7953.495279736998,-0.26745784484654544
2009-01-26,7965.485872828212,-0.2663534731714928
2009-01-27,7962.406095609422,-0.26663713042681214
2009-01-28,7912.327495156366,-0.2712495284496551
2009-01-29,7983.064386209756,-0.26473443630480653
2009-01-30,8063.778371359591,-0.25730042213202897
2009-02-02,7944.212377622613,-0.2683128295899544
2009-02-03,7975.842783822316,-0.2653995688019658
2009-02-04,8031.203353933289,-0.26030068461164835
2009-02-05,8145.2084639883215,-0.24980045218792557
2009-02-06,8262.214820074678,-0.2390237954804627
2009-02-09,8223.511348255699,-0.24258850805789112
2009-02-10,7962.2654120450525,-0.26665008782954047
2009-02-11,8015.33540082817,-0.26176217344852637
2009-02-12,8081.717662443295,-0.2556481564940696
2009-02-13,8045.752250501931,-0.2589606850677183
2009-02-17,8143.901746994126,-0.24992080496987068
2009-02-18,8196.57198464668,-0.2450697089365651
2009-02-19,8044.223023376836,-0.2591015317388403
2009-02-20,8155.618736709961,-0.24884163303395268
2009-02-23,8162.817113416083,-0.24817863969574783
2009-02-24,8001.762488417459,-0.26301228175429003
2009-02-25,7892.310543451358,-0.27309315322415484
2009-02-26,7864.148643918061,-0.2756869535410915
2009-02-27,7835.624737201861,-0.2783140958683794
2009-03-02,7754.476511171114,-0.2857881050043235
2009-03-03,7710.528030734722,-0.2898358995201026
2009-03-04,7699.241259440912,-0.2908754469740825
2009-03-05,7829.104990127688,-0.27891458526389556
2009-03-06,7786.26789548079,-0.2828600176215531
2009-03-09,7748.367585017404,-0.28635075648935215
2009-03-10,7662.37787242197,-0.2942706819020404
2009-03-11,7705.069029888352,-0.2903386908218303
2009-03-12,7833.5258508280385,-0.2785074099640851
2009-03-13,7834.444916544081,-0.2784227610950435
2009-03-16,7798.054490513511,-0.28177443481506204
2009-03-17,7880.387714580411,-0.27419128359947553
2009-03-18,8091.662115382891,-0.254732240820271
2009-03-19,8088.984399614058,-0.25497886694013394
2009-03-20,7943.341962409148,-0.26839299759331936
2009-03-23,8284.592116793157,-0.23696277543982402
2009-03-24,8069.794823426491,-0.2567462878038559
2009-03-25,8162.249956529005,-0.24823087664488241
2009-03-26,8356.493172703827,-0.23034046001721986
2009-03-27,8126.160951987178,-0.25155478848924673
2009-03-30,7848.473612763002,-0.277130673654144
2009-03-31,7889.272709020636,-0.2733729474155904
2009-04-01,8033.468589612291,-0.2600920492170371
2009-04-02,8232.943263749361,-0.24171979870936666
2009-04-03,8302.908188860707,-0.2352758070775629
2009-04-06,8178.089451498963,-0.2467720088925628
2009-04-07,7994.607410133653,-0.2636712871703949
2009-04-08,8101.061748243361,-0.2538665048047104
2009-04-09,8241.333628599488,-0.24094701948040365
2009-04-13,8251.47174628304,-0.2400132666691046
2009-04-14,8176.310161933392,-0.2469358871080093
2009-04-15,8200.635724389926,-0.24469542561020374
2009-04-16,8325.260850232144,-0.23321705603056553
2009-04-17,8308.826470756017,-0.23473071453372985
2009-04-20,7996.629100563341,-0.26348508306612006
2009-04-21,8117.486626487911,-0.2523537213951258
2009-04-22,8143.860049173623,-0.2499246454714642
2009-04-23,8158.504295306918,-0.24857586393004416
2009-04-24,8273.787683338538,-0.23795789804814726
2009-04-27,8180.891488217392,-0.24651393241871777
2009-04-28,8105.098626808636,-0.25349469547808223
2009-04-29,8211.6957251105,-0.24367676444566022
2009-04-30,8240.681781697225,-0.24100705664869493
2009-05-01,8330.96176316304,-0.23269198385816092
2009-05-04,8574.293517864038,-0.21028035705301684
2009-05-05,8501.45940099256,-0.21698861035111838
2009-05-06,8654.115923914485,-0.20292846014466004
2009-05-07,8436.74644596716,-0.22294887887122794
2009-05-08,8679.535907235262,-0.2005871990121857
2009-05-11,8534.730892498104,-0.2139242003985865
2009-05-12,8557.247467179954,-0.21185035241553207
2009-05-13,8382.479184216922,-0.2279470658919801
2009-05-14,8447.053189446424,-0.2219995950890209
2009-05-15,8415.248934807803,-0.22492886786993016
2009-05-18,8575.537220163393,-0.21016580812443952
2009-05-19,8646.966830111114,-0.20358691437112553
2009-05-20,8715.164051529686,-0.19730573385911676
2009-05-21,8734.191386985842,-0.19555325588161787
2009-05-22,8776.822910727313,-0.19162675725671574
2009-05-26,8784.253120620113,-0.19094241134631063
2009-05-27,8699.261805468672,-0.19877038118605905
2009-05-28,8773.609956546223,-0.19192268053289108
2009-05-29,8958.364131412985,-0.17490623472254396
2009-06-01,9014.906980208674,-0.16969845891348112
2009-06-02,9038.5641240335,-0.16751956089283793
2009-06-03,8814.932217409942,-0.18811676917388886
2009-06-04,8938.210752944073,-0.17676242483494053
2009-06-05,8845.541749958646,-0.1852975340888321
2009-06-08,8811.72658000703,-0.18841201855157452
2009-06-09,8887.029017046898,-0.18147642513291407
2009-06-10,8902.570896762742,-0.18004496868996056
2009-06-11,8991.91094955706,-0.17181646631287262
2009-06-12,8941.787417790565,-0.1764330026522699
2009-06-15,8733.803426789484,-0.19558898824686843
2009-06-16,8679.56187930894,-0.20058480690177927
2009-06-17,8703.817085001325,-0.1983508254852243
2009-06-18,8615.002694202356,-0.20653091272438706
2009-06-19,8681.37571951469,-0.20041774646272814
2009-06-22,8536.605364971962,-0.2137515555352303
2009-06-23,8612.970260579488,-0.20671810631084653
2009-06-24,8549.197011977192,-0.212591824887292
2009-06-25,8665.342738307638,-0.20189443491149994
2009-06-26,8675.286661133014,-0.20097856806290337
2009-06-29,8689.246290023315,-0.1996928419421503
2009-06-30,8674.630348351073,-0.20103901655288525
2009-07-01,8659.59706344574,-0.20242362979979867
2009-07-02,8629.492918869733,-0.20519631704875485
2009-07-06,8614.00594655553,-0.20662271634577234
2009-07-07,8654.66001471393,-0.20287834765539503
2009-07-08,8768.626857270741,-0.1923816397896979
2009-07-09,8688.306849082483,-0.19977936743405456
2009-07-10,8742.577527603056,-0.19478086571791142
2009-07-13,8705.434720368148,-0.1982018361344814
2009-07-14,8610.985435297473,-0.20690091501803154
2009-07-15,8515.32649600557,-0.21571140689411417
2009-07-16,8624.797393207144,-0.20562878986321853
2009-07-17,8665.392500264317,-0.2018898516773735
2009-07-20,8787.984286187067,-0.19059875915698765
2009-07-21,8815.12674391584,-0.18809885266537862
2009-07-22,8859.528644147485,-0.18400929674755906
2009-07-23,9031.647488086352,-0.16815660501305574
2009-07-24,9015.164565632473,-0.169674734478519
2009-07-27,9030.107722162313,-0.16829842234100478
2009-07-28,9020.767939910822,-0.1691586459255464
2009-07-29,8954.45687337472,-0.1752661055872924
2009-07-30,9070.016507668104,-0.16462269654803785
2009-07-31,9119.739706566264,-0.16004303213624405
2009-08-03,9317.923935013203,-0.1417896357717785
2009-08-04,9285.615756567635,-0.1447653215344764
2009-08-05,9244.690472353037,-0.14853467008431565
2009-08-06,9174.592129830107,-0.15499094988311746
2009-08-07,9210.039176773196,-0.15172616437080688
2009-08-10,9129.94899884979,-0.1591027239184195
2009-08-11,9086.57708077617,-0.16309741521090493
2009-08-12,9082.544184700604,-0.16346885773759257
2009-08-13,9202.585751154524,-0.15241264852323844
2009-08-14,9161.099350562401,-0.15623367767211316
2009-08-17,8948.751279829286,-0.17579160885914946
2009-08-18,8919.143771559691,-0.1785185543282426
2009-08-19,8956.843163060774,-0.1750463207344748
2009-08-20,9007.925056140162,-0.1703415162768639
2009-08-21,8882.862265007785,-0.18186019621862748
2009-08-24,8978.528110262163,-0.17304906828148536
2009-08-25,9010.893997513884,-0.17006806735460567
2009-08-26,9034.051233742231,-0.16793521241002185
2009-08-27,9022.580793943864,-0.16899167631613132
2009-08-28,9044.303271955192,-0.1669909671564449
2009-08-31,9015.076547446604,-0.16968284123275734
2009-09-01,8983.480751231442,-0.17259291433133717
2009-09-02,9092.194120630835,-0.1625800680149868
2009-09-03,9173.76750673233,-0.1550669002873094
2009-09-04,9156.749741976624,-0.1566342904260576
2009-09-08,9212.091230610366,-0.15153716370034687
2009-09-09,9220.331345665487,-0.15077822295431165
2009-09-10,9297.891464488572,-0.14363468987881334
2009-09-11,9352.610631202646,-0.1385948809768014
2009-09-14,9312.286690765113,-0.14230884385644826
2009-09-15,9383.686079326704,-0.1357327335887023
2009-09-16,9504.34416506335,-0.12461974099192596
2009-09-17,9444.443951742698,-0.13013674072811154
2009-09-18,9416.558895190812,-0.13270504292791752
2009-09-21,9372.146952191284,-0.13679552381652904
2009-09-22,9469.383457931275,-0.1278397330642751
2009-09-23,9396.206901533138,-0.1345795261294911
2009-09-24,9286.079572138768,-0.14472260264848713
2009-09-25,9283.69130174329,-0.14494256993092824
2009-09-28,9377.648189745547,-0.13628884237996897
2009-09-29,9342.449832153827,-0.1395307228138194
2009-09-30,9340.430286263283,-0.1397167293992334
2009-10-01,9363.002375064661,-0.13763776838959996
2009-10-02,9314.772574059522,-0.14207988611624744
2009-10-05,9319.336394090831,-0.14165954380838375
2009-10-06,9288.545869962645,-0.1444954487922755
2009-10-07,9338.724929625483,-0.13987379815741086
2009-10-08,9351.15537056608,-0.13872891509960206
2009-10-09,9222.096579907804,-0.15061563927874044
2009-10-12,9273.194851952117,-0.14590932626648245
2009-10-13,9310.76501940097,-0.14244899461800897
2009-10-14,9373.338471401717,-0.13668578111604102
2009-10-15,9301.759992999432,-0.1432783861264445
2009-10-16,9272.15897018969,-0.1460047342641041
2009-10-19,9381.965049662329,-0.1358912458823648
2009-10-20,9317.967610222602,-0.1417856131463925
2009-10-21,9275.102122680646,-0.14573366057978787
2009-10-22,9327.703326158426,-0.14088892281305443
2009-10-23,9232.491251756966,-0.14965825701463098
2009-10-26,9141.444700116941,-0.15804393335086941
2009-10-27,9078.617937584298,-0.1638304775566891
2009-10-28,9048.746642138382,-0.1665817186618327
2009-10-29,9025.662613980114,-0.16870783091084118
2009-10-30,9008.360329818193,-0.17030142618980515
2009-11-02,8999.050313520456,-0.1711589082355458
2009-11-03,9022.842434524544,-0.16896757838835164
2009-11-04,9058.555089130217,-0.16567832956742867
2009-11-05,9057.42879788195,-0.16578206456560463
2009-11-06,9085.349798968227,-0.16321045176011373
2009-11-09,9139.730987629808,-0.1582017717092873
2009-11-10,9145.602733517951,-0.15766096527939322
2009-11-11,9222.41076522366,-0.15058670181410383
2009-11-12,9133.177750322124,-0.15880534566158888
2009-11-13,9245.010576950082,-0.148505187435097
2009-11-16,9390.804520793854,-0.13507710253967609
2009-11-17,9415.995304190448,-0.1327569514475696
2009-11-18,9387.525939918134,-0.1353790702426888
2009-11-19,9332.067435514746,-0.14048697449212577
2009-11-20,9317.407137642746,-0.14183723444961982
2009-11-23,9442.351341740745,-0.13032947675005047
2009-11-24,9445.999249949888,-0.12999349282759376
2009-11-25,9561.323477863802,-0.11937176546293493
2009-11-27,9498.91506900641,-0.12511977796764628
2009-11-30,9536.711488898847,-0.12163860775112156
2009-12-01,9580.314555798845,-0.11762262691819148
2009-12-02,9671.353992013217,-0.10923760593523602
2009-12-03,9625.384810481493,-0.11347151343445594
2009-12-04,9356.9100291426,-0.13819889278267738
2009-12-07,9333.242519461299,-0.14037874553159724
2009-12-08,9260.667252717092,-0.14706315791153346
2009-12-09,9283.260879699515,-0.1449822131670757
2009-12-10,9289.694467012781,-0.14438965935896142
2009-12-11,9271.041366809835,-0.14610766908202888
2009-12-14,9331.023418160716,-0.14058313180355175
2009-12-15,9300.441997631784,-0.14339977768237577
2009-12-16,9357.645605415726,-0.13813114387362002
2009-12-17,9220.511668949752,-0.15076161460758686
2009-12-18,9281.159921825345,-0.14517571805453733
2009-12-21,9321.92045082493,-0.14142154398284068
2009-12-22,9340.030291907584,-0.13975357014874878
2009-12-23,9378.503415486624,-0.13621007337521363
2009-12-24,9430.498850647382,-0.1314211287928435
2009-12-28,9445.75621949108,-0.13001587670409087
2009-12-29,9449.416915323625,-0.12967871500093808
2009-12-30,9463.015879400326,-0.12842620725406362
2009-12-31,9392.032238238695,-0.13496402586692635
2010-01-04,9545.551954982178,-0.12082437277021407
2010-01-05,9538.774858283334,-0.1214485648828445
2010-01-06,9516.038281055993,-0.1235426757985022
2010-01-07,9467.358662992783,-0.12802622310366263
2010-01-08,9551.30176010558,-0.12029479747172367
2010-01-11,9565.47350294885,-0.11898953498277276
2010-01-12,9427.661853042768,-0.1316824252752521
2010-01-13,9510.674809287297,-0.12403666856902107
2010-01-14,9543.008336226172,-0.12105864812964773
2010-01-15,9425.662412478461,-0.1318665800963168
2010-01-19,9480.041799144938,-0.12685806601495797
2010-01-20,9247.926719624298,-0.14823660144061646
2010-01-21,9241.538467432996,-0.14882497974012987
2010-01-22,9231.222882624808,-0.14977507783678812
2010-01-25,9203.377636704177,-0.15233971335111907
2010-01-26,9215.195766145542,-0.15125122612551956
2010-01-27,9205.004028993539,-0.15218991746002075
2010-01-28,9204.749412339392,-0.15221336846187683
2010-01-29,9262.057189411977,-0.1469351403310627
2010-02-01,9209.695751623916,-0.15175779491689245
2010-02-02,9230.450773030423,-0.14984619158066959
2010-02-03,9175.918901127416,-0.1548687500362147
2010-02-04,9229.08368361384,-0.14997210485430434
2010-02-05,9235.890709750847,-0.1493451561454402
2010-02-08,9236.083367827085,-0.14932741172523112
2010-02-09,9187.93329576499,-0.1537621861632097
2010-02-10,9146.19579745072,-0.15760634220913616
2010-02-11,9120.525846218456,-0.15997062617951519
2010-02-12,9129.174361667921,-0.1591740704611293
2010-02-16,9240.187851312026,-0.1489493757709619
2010-02-17,9233.272480837819,-0.14958630333710587
2010-02-18,9306.323965142368,-0.14285802980861728
2010-02-19,9287.735049022147,-0.14457012797398183
2010-02-22,9268.625656954231,-0.14633016362582507
2010-02-23,9184.623536635574,-0.15406702548232987
2010-02-24,9218.247568635741,-0.15097014543147935
2010-02-25,9183.991787240297,-0.15412521160644976
2010-02-26,9246.59708020909,-0.14835906545027955
2010-03-01,9309.829871836959,-0.14253512467628315
2010-03-02,9367.152855299386,-0.13725549598870812
2010-03-03,9405.297431265913,-0.1337422594929094
2010-03-04,9368.951562433596,-0.1370898293535695
2010-03-05,9465.286893973469,-0.128217039604963
2010-03-08,9488.461364261932,-0.12608259734875138
2010-03-09,9495.10556825185,-0.1254706450763392
2010-03-10,9560.114111592902,-0.11948315193432846
2010-03-11,9583.721071687305,-0.11730887599451201
2010-03-12,9603.856670768211,-0.11545432342017259
2010-03-15,9549.272129763027,-0.12048173286717012
2010-03-16,9649.766425578831,-0.111225889310553
2010-03-17,9711.4759553616,-0.10554224578646065
2010-03-18,9670.07906004707,-0.10935503121523016
2010-03-19,9579.207289242919,-0.11772460968182918
2010-03-22,9650.498329748372,-0.11115847861388894
2010-03-23,9735.90532893515,-0.10329222295534024
2010-03-24,9632.05320282221,-0.11285733333817527
2010-03-25,9632.01242115063,-0.11286108945954565
2010-03-26,9642.249585538546,-0.1119182141324565
2010-03-29,9656.821398925882,-0.11057610387679973
2010-03-30,9687.050426027447,-0.10779191455093329
2010-03-31,9652.086985541178,-0.11101215837387768
2010-04-01,9748.416210357069,-0.10213993107392927
2010-04-05,9826.40678021079,-0.09495675209250165
2010-04-06,9831.46570709726,-0.09449080887208872
2010-04-07,9773.603148154309,-0.09982013417372715
2010-04-08,9781.301727327957,-0.09911107060090385
2010-04-09,9873.678989350372,-0.09060283161552618
2010-04-12,9845.593165777953,-0.09318962509504403
2010-04-13,9823.683850832142,-0.09520754252931085
2010-04-14,9896.459829297348,-0.08850464396292523
2010-04-15,9917.234523429846,-0.08659122870620839
2010-04-16,9738.447706717954,-0.10305806189347677
2010-04-19,9730.31343148021,-0.10380725445645589
2010-04-20,9782.79861468713,-0.0989732025248512
2010-04-21,9827.849410125351,-0.09482388129928021
2010-04-22,9827.224940612748,-0.09488139692310338
2010-04-23,9833.210115287491,-0.09433014334200485
2010-04-26,9826.505310278986,-0.09494767716054209
2010-04-27,9743.905629859479,-0.10255536985178526
2010-04-28,9692.983323908837,-0.10724547582839938
2010-04-29,9730.049513182346,-0.1038315621692163
2010-04-30,9737.721073716966,-0.10312498709878937
2010-05-03,9733.475846252924,-0.10351598602017531
2010-05-04,9823.227013554568,-0.09524961869231818
2010-05-05,9865.479926884727,-0.09135799128779287
2010-05-06,10164.887692165983,-0.06378158595470729
2010-05-07,10081.096842869298,-0.07149898907963392
2010-05-10,9943.229989451687,-0.08419696379070984
2010-05-11,10089.826997269878,-0.07069491415477458
2010-05-12,10096.262162368625,-0.07010221502761049
2010-05-13,10074.89501840473,-0.07207019679389925
2010-05-14,10114.014369277278,-0.06846718043587252
2010-05-17,10051.713209385609,-0.07420531497049343
2010-05-18,10130.47754063003,-0.06695087010950174
2010-05-19,10048.626890184245,-0.07448957476316831
2010-05-20,10171.23463770844,-0.06319701212863638
2010-05-21,10173.443098898539,-0.0629936058446231
2010-05-24,10161.695061182258,-0.06407563739991096
2010-05-25,10179.698416054629,-0.06241747128371311
2010-05-26,10157.311746479943,-0.06447935459415255
2010-05-27,10012.083794681792,-0.07785530982603373
2010-05-28,10052.255894282112,-0.07415533196935087
2010-06-01,10094.06637849677,-0.07030445369038285
2010-06-02,10032.69581945424,-0.07595687693359787
2010-06-03,9973.64449884077,-0.0813956909575474
2010-06-04,10130.120996468082,-0.06698370895828654
2010-06-07,10202.117851727919,-0.060352570111611215
2010-06-08,10157.136486417885,-0.06449549660204434
2010-06-09,10132.784957051514,-0.0667383497346502
2010-06-10,10014.700655946208,-0.07761428859914532
2010-06-11,10072.100738195826,-0.0723275588686021
2010-06-14,10083.239718783107,-0.07130162340769763
2010-06-15,10303.916317422098,-0.05097660837049933
2010-06-16,10281.521997276863,-0.05303919632276488
2010-06-17,10327.232240378713,-0.048829137874660145
2010-06-18,10341.742153578267,-0.047492728822734254
2010-06-21,10286.65928311694,-0.05256603599405796
2010-06-22,10265.96858694865,-0.05447171477170931
2010-06-23,10292.836052752134,-0.05199713590908783
2010-06-24,10113.241947013597,-0.06853832297758833
2010-06-25,10149.40669141551,-0.06520743525175476
2010-06-28,10108.632085723873,-0.06896290583146092
2010-06-29,10136.519486036963,-0.06639438776381035
2010-06-30,10180.190070482395,-0.062372188350683255
2010-07-01,10117.215381835655,-0.06817235702104496
2010-07-02,10064.24460605034,-0.0730511335701155
2010-07-06,10122.043841748768,-0.06772764054025004
2010-07-07,10045.9341563459,-0.07473758409489206
2010-07-08,10006.625967728953,-0.07835799300844204
2010-07-09,9969.847062989184,-0.0817454468503892
2010-07-12,9948.389959455926,-0.08372171417849694
2010-07-13,9953.368116304886,-0.08326321013485716
2010-07-14,9984.831590493539,-0.08036532431483401
2010-07-15,10013.564903149374,-0.07771889503596996
2010-07-16,9760.186902408848,-0.10105581298244992
2010-07-19,9846.82062174387,-0.09307657250533297
2010-07-20,9943.905810280707,-0.08413471854768462
2010-07-21,9784.591634279159,-0.09880805973039664
2010-07-22,10082.015104670814,-0.07141441425367134
2010-07-23,10177.974738489227,-0.06257622745746305
2010-07-26,10248.897286972771,-0.056044035674125636
2010-07-27,10255.352449611426,-0.05544949471007521
2010-07-28,10160.588457451307,-0.06417755911526501
2010-07-29,10142.100003556257,-0.06588040439088116
2010-07-30,10180.296680360008,-0.06236236924263561
2010-08-02,10332.444336664938,-0.048349087266457036
2010-08-03,10322.267949314051,-0.04928636483556392
2010-08-04,10370.312084770634,-0.044861347495135706
2010-08-05,10345.573558781229,-0.0471398442448312
2010-08-06,10350.984656801484,-0.04664146494540511
2010-08-09,10372.34247026909,-0.0446743425474343
2010-08-10,10311.974469659966,-0.05023442697738001
2010-08-11,10070.650611750902,-0.07246112011605976
2010-08-12,10070.420721856643,-0.07248229370486137
2010-08-13,10108.747258160294,-0.06895229808457448
2010-08-16,10265.479002855272,-0.05451680702037187
2010-08-17,10231.281406941065,-0.0576665141278726
2010-08-18,10264.711986472552,-0.05458745166329615
2010-08-19,10366.559321142435,-0.04520698893443931
2010-08-20,10345.064641503666,-0.04718671714110989
2010-08-23,10339.6797509053,-0.04768268265381259
2010-08-24,10459.145812612036,-0.03667947925300008
2010-08-25,10464.294973546483,-0.03620522519041691
2010-08-26,10509.533820901597,-0.032038583786529684
2010-08-27,10332.721108603768,-0.048323595692573384
2010-08-30,10438.826311638548,-0.038550969775246746
2010-08-31,10532.432483608087,-0.029929544283874843
2010-09-01,10388.311312722402,-0.043203561481421904
2010-09-02,10388.185031245082,-0.04321519240622895
2010-09-03,10347.93228066595,-0.04692259847400093
2010-09-07,10336.510033174693,-0.04797462371569039
2010-09-08,10357.580846492878,-0.04603393494225727
2010-09-09,10361.85229492235,-0.04564052098674465
2010-09-10,10384.381432553877,-0.043565515916157205
2010-09-13,10594.039935563176,-0.024255302451649086
2010-09-14,10639.262153172696,-0.02009019270010448
2010-09-15,10666.933687923492,-0.01754155653577616
2010-09-16,10687.161538922423,-0.01567850726703135
2010-09-17,10673.003955296454,-0.01698246564713568
2010-09-20,10848.465914551687,-0.0008218623828402105
2010-09-21,10831.351202261578,-0.0023981816971633263
2010-09-22,10803.239901464913,-0.0049873217098845846
2010-09-23,10770.07406727899,-0.008042000287982742
2010-09-24,10992.495373628462,0.0
2010-09-27,10967.21567263539,-0.002299723596311032
2010-09-28,11015.603199755762,0.0
2010-09-29,11021.226444977247,0.0
2010-09-30,10992.213744243118,-0.0026324384930273004
2010-10-01,11029.154739469519,0.0
2010-10-04,10957.339699323744,-0.0065113820453324145
2010-10-05,11010.026873684088,-0.001734300246688747
2010-10-06,11076.126012805715,0.0
2010-10-07,10983.241389947274,-0.008386020775770442
2010-10-08,11076.285449721483,0.0
2010-10-11,11090.471659748162,0.0
2010-10-12,11069.481107410174,-0.0018926654322710679
2010-10-13,11221.247623040155,0.0
2010-10-14,11269.483808124132,0.0
2010-10-15,11204.421666376227,-0.005773302740006758
2010-10-18,11239.62690435731,-0.0026493585930971175
2010-10-19,10976.616134916623,-0.02598767416448855
2010-10-20,11022.39774740511,-0.021925233216174345
2010-10-21,11013.414982339125,-0.022722320750876657
2010-10-22,11066.691956352366,-0.017994777331821865
2010-10-25,11110.352094026412,-0.014120585894360382
2010-10-26,11094.006625089803,-0.015571004495150698
2010-10-27,11104.32319568739,-0.014655561447958987
2010-10-28,11124.390082564016,-0.012874922048827009
2010-10-29,11143.280681834745,-0.011198660776140179
2010-11-01,11153.413575345154,-0.010299516353650895
2010-11-02,11225.477296300101,-0.0039049270200207653
2010-11-03,11223.706512818784,-0.004062057862166402
2010-11-04,11389.472715315998,0.0
2010-11-05,11371.683293322694,-0.001561917960379522
2010-11-08,11400.213289076584,0.0
2010-11-09,11274.882527841684,-0.010993720736346968
2010-11-10,11360.480405633205,-0.003485275444929603
2010-11-11,11293.888296967269,-0.009326579197530771
2010-11-12,11038.986449504793,-0.03168597204386603
2010-11-15,10971.280849132156,-0.03762494868016386
2010-11-16,10775.012869100792,-0.054841116049543115
2010-11-17,10771.843568740775,-0.055119119651726
2010-11-18,10860.677802988468,-0.0473267887544776
2010-11-19,10871.742312128736,-0.046356235935885226
2010-11-22,10929.87834916761,-0.04125667897456253
2010-11-23,10936.015458840835,-0.040718346092746605
2010-11-24,10846.629517676662,-0.04855907142810678
2010-11-26,10860.54691642706,-0.04733826981698841
2010-11-29,10919.881813322561,-0.0421335516778677
2010-11-30,10953.514029332644,-0.039183412486848535
2010-12-01,10782.700196627575,-0.05416680168963994
2010-12-02,10818.809168927013,-0.050999407239745165
2010-12-03,10870.14432136285,-0.04649640794191401
2010-12-06,10924.30977107062,-0.0417451415985316
2010-12-07,10802.764425594367,-0.05240681453343321
2010-12-08,10776.863511885378,-0.05467878200037579
2010-12-09,10798.566562417189,-0.05277504125610344
2010-12-10,10840.879027585463,-0.04906349094600382
2010-12-13,10857.291874615528,-0.04762379445841336
2010-12-14,10859.42107365165,-0.04743702610749467
2010-12-15,10739.311334682729,-0.05797277100307552
2010-12-16,10790.313583815192,-0.053498973203052635
2010-12-17,10789.46469396951,-0.05357343583144003
2010-12-20,10779.8310294448,-0.05441847831270141
2010-12-21,10851.921291864028,-0.04809488939456219
2010-12-22,10865.894029223622,-0.04686923361029871
2010-12-23,10849.911323226028,-0.04827119913430411
2010-12-27,10853.800099800303,-0.04793008476427729
2010-12-28,10825.570965307386,-0.050406278303565255
2010-12-29,10871.403547637809,-0.04638595156333336
2010-12-30,10848.665690221209,-0.04838046314307609
2010-12-31,10913.356515792084,-0.04270593548903112
2011-01-03,10858.72706756086,-0.04749790269578236
2011-01-04,10811.528909439754,-0.05163801454494665
2011-01-05,10728.345422772189,-0.058934675103681
2011-01-06,10720.308400778353,-0.05963966384293007
2011-01-07,10675.244520841094,-0.0635925618102372
2011-01-10,10699.066205842357,-0.06150297941408256
2011-01-11,10704.961177803363,-0.06098588628507462
2011-01-12,10789.51879863207,-0.05356868989720276
2011-01-13,10778.014373945112,-0.054577831076866645
2011-01-14,10851.943472512172,-0.048092943760074336
2011-01-18,10906.18654919234,-0.04333486816054655
2011-01-19,10804.688057407437,-0.052238078057694426
2011-01-20,10709.047254870975,-0.060627465178030304
2011-01-21,10680.782858958819,-0.06310675176639957
2011-01-24,10791.067484371844,-0.05343284281254712
2011-01-25,10788.482467896334,-0.053659594401307964
2011-01-26,10852.88752693844,-0.048010133517640274
2011-01-27,10887.048754699135,-0.04501359065528632
2011-01-28,10631.451289874607,-0.0674340014268493
2011-01-31,10651.676204818365,-0.06565991927321657
2011-02-01,10720.485083907457,-0.059624165612798374
2011-02-02,10732.162315409709,-0.05859986622416846
2011-02-03,10734.820089775747,-0.058366732483716044
2011-02-04,10770.75858944248,-0.05521429149375945
2011-02-07,10816.747348922045,-0.05118026525991426
2011-02-08,10864.24036052518,-0.04701428955412268
2011-02-09,10825.51986142758,-0.050410761016169925
2011-02-10,10795.882223487915,-0.05301050517780437
2011-02-11,10807.00163797893,-0.052035136190482945
2011-02-14,10843.42149663431,-0.048840471517825
2011-02-15,10871.890423522307,-0.046343243951453394
2011-02-16,10939.853789390387,-0.04038165672981775
2011-02-17,10981.542071590442,-0.036724858287283335
2011-02-18,10994.632644739388,-0.03557658388074325
2011-02-22,10915.97383735835,-0.04247635017339735
2011-02-23,10988.162027665805,-0.03614417125033942
2011-02-24,10963.01042393643,-0.0383504110014391
2011-02-25,11029.212929988646,-0.03254328227730818
2011-02-28,11034.747438512893,-0.032057808156437884
2011-03-01,11135.182333508368,-0.023247894477743003
2011-03-02,11053.614894878709,-0.030402799088853683
2011-03-03,10944.374724153753,-0.03998509092453606
2011-03-04,11016.338445725818,-0.03367260187303567
2011-03-07,11027.033574684536,-0.03273445021854293
2011-03-08,11013.018596209613,-0.033963811294475676
2011-03-09,11022.190810869468,-0.03315924611422216
2011-03-10,10970.514552079694,-0.03769216646223783
2011-03-11,10944.147242644727,-0.04000504506953817
2011-03-14,10960.311163564857,-0.03858718379709891
2011-03-15,10871.269230578735,-0.046397733541062025
2011-03-16,10957.369210060264,-0.03884524506577813
2011-03-17,10930.797795068205,-0.04117602733434489
2011-03-18,10936.526302454617,-0.040673536087808215
2011-03-21,10879.928665009287,-0.045638148241123
2011-03-22,10894.0558320833,-0.0443989462441261
2011-03-23,10881.112582194683,-0.045534297799436074
2011-03-24,10822.463962019498,-0.050678817352537875
2011-03-25,10793.956521897217,-0.05317942320958757
2011-03-28,10798.596188419298,-0.0527724425326096
2011-03-29,10798.662605096994,-0.05276661661725068
2011-03-30,10879.452399454247,-0.045679925139761934
2011-03-31,10870.184117555576,-0.046492917113127086
2011-04-01,10927.928940100113,-0.04142767657066582
2011-04-04,10932.475937018975,-0.04102882465416535
2011-04-05,10918.18728616633,-0.042282191629881116
2011-04-06,10991.214491897757,-0.03587641623957338
2011-04-07,10958.88665625393,-0.03871213824091546
2011-04-08,10995.406904637839,-0.03550866761647531
2011-04-11,10933.771211687745,-0.040915206194937936
2011-04-12,10841.199462664821,-0.04903538313159428
2011-04-13,10865.517130668995,-0.0469022942684697
2011-04-14,10950.174626054695,-0.039476337118455995
2011-04-15,11014.040340997068,-0.03387418623558025
2011-04-18,11032.480666763193,-0.03225664406347062
2011-04-19,11047.971466290745,-0.030897827422522783
2011-04-20,11056.15515872308,-0.03017997309604481
2011-04-21,11081.169247249796,-0.027985795856336204
2011-04-25,11088.446597152595,-0.027347443773066638
2011-04-26,11109.090740069383,-0.025536587923854714
2011-04-27,11103.483573225858,-0.026028435462259747
2011-04-28,11150.344489529167,-0.021917905675224114
2011-04-29,11278.461839282041,-0.010679751922817338
2011-05-02,11171.006448031088,-0.020105487084624674
2011-05-03,11108.10758191395,-0.025622828253794472
2011-05-04,11034.475696961686,-0.03208164468864272
2011-05-05,11038.690791764831,-0.031711906448114946
2011-05-06,11042.2288047031,-0.03140156024242957
2011-05-09,11066.020236547269,-0.029314631582334605
2011-05-10,11033.511635190638,-0.0321662099284854
2011-05-11,11039.624530189185,-0.03163000110119929
2011-05-12,11000.168167824218,-0.035091020764995706
2011-05-13,10989.271335527388,-0.03604686536373414
2011-05-16,11032.96264292049,-0.03221436624418106
2011-05-17,11106.87378655641,-0.025731053891881572
2011-05-18,11009.234157492949,-0.03429577339208756
2011-05-19,11002.836018836284,-0.034857003124762365
2011-05-20,11009.990036438638,-0.03422946946193095
2011-05-23,11041.437175679954,-0.031471000085621315
2011-05-24,11085.991717659806,-0.027562780050602864
2011-05-25,11069.544660506981,-0.02900547737001047
2011-05-26,11097.840086441538,-0.026523468900776948
2011-05-27,11110.047999807679,-0.025452619342388516
2011-05-31,11118.235338902057,-0.02473444513925993
2011-06-01,11214.801414924936,-0.016263895196531597
2011-06-02,11090.08595239757,-0.027203643371845554
2011-06-03,11130.110398914569,-0.023692792697205256
2011-06-06,11120.115541130474,-0.024569518204935137
2011-06-07,11127.388930395036,-0.023931513539572236
2011-06-08,11113.460370357989,-0.02515329419260559
2011-06-09,11106.633727104416,-0.025752111344571893
2011-06-10,10977.027630637935,-0.03712085447069102
2011-06-13,10935.19379212096,-0.04079042077231976
2011-06-14,10842.106588894725,-0.04895581214402578
2011-06-15,10845.980918911093,-0.048615964992211436
2011-06-16,10857.172816435446,-0.047634237963027126
2011-06-17,10836.604915681131,-0.04943840602837568
2011-06-20,10829.96752345415,-0.05002062252368822
2011-06-21,10834.937300431591,-0.04958468533098648
2011-06-22,10835.778983781714,-0.049510854839505236
2011-06-23,10840.234414816388,-0.04912003486783478
2011-06-24,10832.511581055414,-0.04979746375141314
2011-06-27,10770.560148181492,-0.055231698296242526
2011-06-28,10738.94481469843,-0.058004921277373445
2011-06-29,10811.723531440455,-0.05162094275902773
2011-06-30,10953.166387254445,-0.03921390683545267
2011-07-01,11094.046326919757,-0.026856248597575738
2011-07-05,11079.768656062266,-0.028108652433841752
2011-07-06,11081.110390335924,-0.027990958646924358
2011-07-07,11217.221935415713,-0.016051572810151682
2011-07-08,11130.90427115468,-0.023623156084276897
2011-07-11,10927.15644390496,-0.04149543812701262
2011-07-12,10873.214854176402,-0.0462270679975032
2011-07-13,10932.831573432019,-0.040997629061238716
2011-07-14,10897.935237723681,-0.04405865387046526
2011-07-15,10980.56728201471,-0.036810364545018515
2011-07-18,11015.096508808869,-0.0337815416696392
2011-07-19,11001.42352871526,-0.034980903448835865
2011-07-20,11019.644873225925,-0.03338256979940113
2011-07-21,10942.950331452168,-0.04011003531508961
2011-07-22,11024.663953934245,-0.03294230779894103
2011-07-25,11054.85822956345,-0.03029373668333435
2011-07-26,11085.303237600227,-0.027623171908379707
2011-07-27,11018.399187991843,-0.03349183838960157
2011-07-28,11029.525123071327,-0.03251589743153682
2011-07-29,11082.035807443955,-0.02790978322638038
2011-08-01,11070.233178393926,-0.028945082194105742
2011-08-02,11294.679673308994,-0.009257161518961277
2011-08-03,11300.791822241,-0.008721018134884129
2011-08-04,11544.775171271764,0.0
2011-08-05,11353.456470518076,-0.016571886235582034
2011-08-08,11719.27001407525,0.0
2011-08-09,11782.383091274938,0.0
2011-08-10,12159.597545300761,0.0
2011-08-11,11684.827810891275,-0.03904485593710849
2011-08-12,11765.748546001396,-0.032389969966692966
2011-08-15,11748.098496368395,-0.0338415023523041
2011-08-16,11916.236244559423,-0.020013927256612996
2011-08-17,12020.249242183972,-0.011459943686264684
2011-08-18,12255.450330395937,0.0
2011-08-19,12387.270774625464,0.0
2011-08-22,12566.43550518379,0.0
2011-08-23,12214.444190382796,-0.028010434196379275
2011-08-24,11827.219147821235,-0.058824664882704436
2011-08-25,11713.392047077084,-0.06788269097906208
2011-08-26,11910.455672141785,-0.052200946940873294
2011-08-29,11955.642392579317,-0.048605120549300884
2011-08-30,12120.112368822334,-0.03551708327929126
2011-08-31,12020.934453561329,-0.043409370254392066
2011-09-01,12116.269353202086,-0.03582289916627557
2011-09-02,12399.92283884266,-0.013250588543779362
2011-09-06,12450.485664470516,-0.009226947503565675
2011-09-07,12355.888563245626,-0.01675470676241575
2011-09-08,12254.626982106944,-0.024812805743380628
2011-09-09,12139.508880645923,-0.03397356588204792
2011-09-12,12130.347488309679,-0.034702602555372275
2011-09-13,12052.550169104934,-0.04089348454196684
2011-09-14,12205.142904030521,-0.0287506032242979
2011-09-15,12189.585588888787,-0.029988608634449188
2011-09-16,12279.192906443444,-0.022857921693216432
2011-09-19,12408.365647350625,-0.012578734659320023
2011-09-20,12410.124160409285,-0.012438797359046294
2011-09-21,12588.883710443408,0.0
2011-09-22,12666.29682848587,0.0
2011-09-23,12587.645046902848,-0.006209532481991076
2011-09-26,12473.592704493938,-0.015213927685521322
2011-09-27,12425.174126341599,-0.019036558625564415
2011-09-28,12290.908419060988,-0.02963679238754713
2011-09-29,12323.306968197634,-0.02707893750893864
2011-09-30,12420.44800962746,-0.01940968399741816
2011-10-03,12662.609933246142,-0.0002910791756780551
2011-10-04,12557.38798015652,-0.008598318024919505
2011-10-05,12490.40882673692,-0.013886300323657896
2011-10-06,12350.409196976254,-0.024939225393739495
2011-10-07,12273.413711979912,-0.031017993800870336
2011-10-10,12385.140690755929,-0.022197185297097688
2011-10-11,12378.549442901605,-0.022717562163641736
2011-10-12,12571.64035182641,-0.007473097933926698
2011-10-13,12563.632152544942,-0.008105342653113912
2011-10-14,12801.650890175793,0.0
2011-10-17,12525.981636073302,-0.021533883127061726
2011-10-18,12588.918532007585,-0.016617572217303866
2011-10-19,12314.490967074376,-0.0380544608879525
2011-10-20,12277.29587614895,-0.04095995262839436
2011-10-21,12518.062222699047,-0.022152507509353936
2011-10-24,12774.217803705078,-0.0021429334939736533
2011-10-25,12562.176379603692,-0.018706533448422547
2011-10-26,12710.66133749717,-0.007107642089228539
2011-10-27,13230.790048406616,0.0
2011-10-28,13177.574303120025,-0.004022113954789797
2011-10-31,12750.70464909008,-0.036285467274446925
2011-11-01,12747.27084052047,-0.03654499890914498
2011-11-02,12684.300671182462,-0.041304364684553896
2011-11-03,12759.92553840306,-0.03558854069037709
2011-11-04,12704.741362044228,-0.03975943117816616
2011-11-07,12913.762021442028,-0.023961382941207532
2011-11-08,12872.79890801704,-0.027057427340303808
2011-11-09,12689.937129150252,-0.040878353996819605
2011-11-10,12573.152184917379,-0.049705109149429605
2011-11-11,12683.912972241269,-0.04133366746539879
2011-11-14,12672.581000645654,-0.04219015234303314
2011-11-15,12656.164875143042,-0.043430904062511044
2011-11-16,12671.38048427339,-0.04228088890282067
2011-11-17,12567.652811665155,-0.050120758799382714
2011-11-18,12555.979164868097,-0.05100306792486564
2011-11-21,12566.989071774706,-0.05017092510751853
2011-11-22,12661.238661496693,-0.043047420813582815
2011-11-23,12748.26159951727,-0.0364701160795351
2011-11-25,12626.037969009818,-0.04570793408286511
2011-11-28,12629.689659802634,-0.045431934631626314
2011-11-29,12563.30150828641,-0.050449635862870656
2011-11-30,12432.991622704143,-0.060298623346271896
2011-12-01,12393.926688569923,-0.06325120093168402
2011-12-02,12486.956661290968,-0.056219876847432015
2011-12-05,12474.44418288175,-0.05716558593686938
2011-12-06,12398.364519958672,-0.06291578397075337
2011-12-07,12423.39442023494,-0.06102399215902543
2011-12-08,12115.220769159663,-0.08431615006855175
2011-12-09,12326.013240040593,-0.06838418605810959
2011-12-12,12063.85931492074,-0.08819811433909108
2011-12-13,11907.42541475931,-0.10002158818979068
2011-12-14,11730.78597969472,-0.11337222215936693
2011-12-15,11700.534723003637,-0.11565865075360848
2011-12-16,11780.392879727602,-0.10962286933528098
2011-12-19,11876.288385913102,-0.10237496457414019
2011-12-20,11694.807594868209,-0.11609151440834675
2011-12-21,11596.798485223191,-0.12349916801681893
2011-12-22,11619.830147415261,-0.1217584055901002
2011-12-23,11564.495667772726,-0.12594065619192274
2011-12-27,11564.418185364357,-0.12594651241124788
2011-12-28,11562.727814179709,-0.12607427282301953
2011-12-29,11575.252670498907,-0.12512762819534617
2011-12-30,11605.754910784133,-0.12282222994069703
2012-01-03,11668.107983550855,-0.11810950511182472
2012-01-04,11661.029075190503,-0.11864453804141195
2012-01-05,11615.062553021355,-0.1221187464598793
2012-01-06,11536.406637095053,-0.12806366098414634
2012-01-09,11557.83296478548,-0.12644423178815456
2012-01-10,11662.528026067042,-0.11853124542086124
2012-01-11,11672.091999922633,-0.11780838806913851
2012-01-12,11728.712886803036,-0.11352890916627278
2012-01-13,11664.522786113816,-0.11838047891035997
2012-01-17,11735.326768428891,-0.11302902355085165
2012-01-18,11874.124286595927,-0.10253852996284774
2012-01-19,11909.750100499994,-0.09984588547421736
2012-01-20,11946.111297996273,-0.09709765975502405
2012-01-23,11999.750914412029,-0.09304350907925119
2012-01-24,11952.56500055472,-0.0966098806779746
2012-01-25,12064.257289280782,-0.08816803492897385
2012-01-26,12084.033138436644,-0.0866733510073403
2012-01-27,12157.355275446042,-0.08113157030179374
2012-01-30,12078.045087204073,-0.08712593556281001
2012-01-31,12141.552872230586,-0.08232593610743644
2012-02-01,12247.324559448025,-0.0743315769776749
2012-02-02,12308.37799485655,-0.06971708039922775
2012-02-03,12348.359777019496,-0.06669520626951464
2012-02-06,12320.050137746726,-0.06883488494094647
2012-02-07,12402.625965977672,-0.06259369844121143
2012-02-08,12420.95098906025,-0.06120866980607065
2012-02-09,12492.194941998285,-0.05582396090528852
2012-02-10,12334.82459217983,-0.0677182128163758
2012-02-13,12425.232010958658,-0.06088510470657582
2012-02-14,12403.21223583124,-0.06254938741734783
2012-02-15,12377.03942484013,-0.06452756187974606
2012-02-16,12563.386138105334,-0.05044323943313256
2012-02-17,12571.918634541638,-0.049798342461365386
2012-02-21,12595.847496870498,-0.04798976850309733
2012-02-22,12543.694991985238,-0.051931521391205604
2012-02-23,12579.615507701381,-0.04921660296345309
2012-02-24,12572.65107580702,-0.049742983615619796
2012-02-27,12560.824749395559,-0.05063683246124373
2012-02-28,12622.644064828533,-0.04596444969295854
2012-02-29,12248.155597039295,-0.0742687660957676
2012-03-01,12349.704172569116,-0.06659359513785112
2012-03-02,12283.516455845185,-0.07159614725165342
2012-03-05,12157.267628310885,-0.08113819478414408
2012-03-06,11906.773318224326,-0.10007087447825846
2012-03-07,11876.69171925372,-0.10234448012543063
2012-03-08,11864.441156438788,-0.10327039329993581
2012-03-09,11878.714206098417,-0.10219161798815102
2012-03-12,11884.987635767646,-0.10171746416617389
2012-03-13,12005.104319615355,-0.09263889188075125
2012-03-14,11995.976203600596,-0.09332880654052311
2012-03-15,12039.559125327087,-0.09003475368600444
2012-03-16,12049.384853897544,-0.0892921125788213
2012-03-19,12100.787535713926,-0.08540703227535351
2012-03-20,12061.659350184127,-0.0883643904819793
2012-03-21,12059.198598806412,-0.08855037721207726
2012-03-22,12022.094207668812,-0.09135477445531437
2012-03-23,12063.668421761817,-0.08821254228770381
2012-03-26,12254.53782118625,-0.07378638944829574
2012-03-27,12216.717228024738,-0.07664491815467989
2012-03-28,12172.46364142718,-0.07998966071620861
2012-03-29,12149.33897958739,-0.08173745217500938
2012-03-30,12088.204185932265,-0.0863580979135824
2012-04-02,12167.048471243774,-0.0803989461907415
2012-04-03,12055.992015860951,-0.08879273484406514
2012-04-04,11966.671810565962,-0.0955436699710076
2012-04-05,12029.015265954416,-0.09083167203586073
2012-04-09,12207.688663724452,-0.07732730856880132
2012-04-10,12310.517989803735,-0.06955533684957149
2012-04-11,12222.29727304418,-0.07622317122958877
2012-04-12,12191.430439676382,-0.07855612589479521
2012-04-13,12302.339479808878,-0.0701734790742562
2012-04-16,12289.921231389786,-0.07111206614076226
2012-04-17,12291.613764668506,-0.07098414231516093
2012-04-18,12305.94278722069,-0.06990113650071139
2012-04-19,12304.832328041604,-0.06998506642288715
2012-04-20,12311.618040381958,-0.06947219362273482
2012-04-23,12370.847887639591,-0.06499552616440973
2012-04-24,12319.611580057976,-0.06886803169084932
2012-04-25,12281.743299098114,-0.07173016470190274
2012-04-26,12344.327554068823,-0.06699996682696585
2012-04-27,12374.360041747355,-0.06473007307393563
2012-04-30,12328.131569937665,-0.06822407998059488
2012-05-01,12291.10868511547,-0.07102231687247662
2012-05-02,12241.33896963488,-0.07478397549592253
2012-05-03,12143.547852768606,-0.08217515293192534
2012-05-04,12194.335563005307,-0.07833655296541642
2012-05-07,12187.732724796297,-0.0788356039052962
2012-05-08,12227.428929560781,-0.07583531407987754
2012-05-09,12224.385818588897,-0.07606531629144253
2012-05-10,12207.154986636753,-0.07736764456428957
2012-05-11,12254.89135738748,-0.07375966873094353
2012-05-14,12373.429667128376,-0.06480039197519372
2012-05-15,12406.940202610576,-0.06226762292968713
2012-05-16,12421.63197624422,-0.061157199925475525
2012-05-17,12564.227019507995,-0.050379684543395475
2012-05-18,12570.867459799518,-0.049877791590122955
2012-05-21,12559.137573864908,-0.05076435134140722
2012-05-22,12465.612014537463,-0.05783313249395139
2012-05-23,12519.005937740807,-0.05379755162478217
2012-05-24,12483.988931686705,-0.05644418163901321
2012-05-25,12517.368408491595,-0.05392131817562462
2012-05-29,12485.241020641872,-0.056349547157581115
2012-05-30,12699.93252259403,-0.04012288940194597
2012-05-31,12806.330195433324,-0.03208121747985937
2012-06-01,13045.389707896622,-0.014012794385798721
2012-06-04,12977.581557629828,-0.019137820935136163
2012-06-05,12872.965734772773,-0.027044818361163236
2012-06-06,12739.64168987093,-0.03712161985329321
2012-06-07,12631.630068852912,-0.04528527603881527
2012-06-08,12633.332585216354,-0.04515659767892799
2012-06-11,12674.665791551915,-0.04203258118525388
2012-06-12,12671.639633016886,-0.042261302110002674
2012-06-13,12725.004326360884,-0.03822793047091266
2012-06-14,12752.024635126552,-0.03618570104494412
2012-06-15,12784.175117888222,-0.033755726520063645
2012-06-18,12783.39927763441,-0.033814365516750544
2012-06-19,12840.184066694927,-0.029522498677902465
2012-06-20,12864.199406245805,-0.02770738866081235
2012-06-21,12514.395191914156,-0.05414603767964221
2012-06-22,12626.843083948615,-0.045647082468120215
2012-06-25,12470.484672323906,-0.05746485079885866
2012-06-26,12436.27548840295,-0.060050424585140316
2012-06-27,12473.669649401223,-0.057224126165963396
2012-06-28,12450.617278114007,-0.05896645381252685
2012-06-29,12442.19613824592,-0.05960293431272967
2012-07-02,12507.518570760585,-0.05466578148393597
2012-07-03,12631.040068574179,-0.04532986901297442
2012-07-05,12528.673166962159,-0.05306689010071719
2012-07-06,12365.314596207412,-0.06541373939369799
2012-07-09,12435.546605206371,-0.06010551450750412
2012-07-10,12457.58183136388,-0.05844006398815571
2012-07-11,12469.443648140887,-0.057543532735402914
2012-07-12,12508.254205132931,-0.05461018129909023
2012-07-13,12565.795787531057,-0.05026111505379416
2012-07-16,12595.64173680433,-0.04800532011153613
2012-07-17,12557.50747672274,-0.05088755616411278
2012-07-18,12591.759751284411,-0.04829872553220382
2012-07-19,12574.682075215276,-0.04958947808792069
2012-07-20,12672.94055059118,-0.04216297709921091
2012-07-23,12714.331845022705,-0.03903457023309864
2012-07-24,12778.73954231413,-0.034166554260070536
2012-07-25,12801.738076012936,-0.032428295727158774
2012-07-26,12743.937590245145,-0.03679693021960562
2012-07-27,12688.844302329253,-0.040960951242864696
2012-07-30,12680.61953234289,-0.04158258985675489
2012-07-31,12646.41950437737,-0.04416747162423762
2012-08-01,12584.905660785866,-0.04881676644083199
2012-08-02,12487.414577453514,-0.056185266959370095
2012-08-03,12590.416944986126,-0.04840021654622284
2012-08-06,12676.112400336959,-0.041923244646789426
2012-08-07,12746.071721509405,-0.03663562985458946
2012-08-08,12751.271654570344,-0.03624261227650727
2012-08-09,12783.219611226536,-0.03382794493318875
2012-08-10,12819.896707862787,-0.031055843153773965
2012-08-13,12794.330002398943,-0.03298820738677166
2012-08-14,12775.62372981392,-0.03440205134594443
2012-08-15,12790.66230866305,-0.03326541636087488
2012-08-16,12965.356889508588,-0.020061776955639488
2012-08-17,13004.805612983984,-0.017080192081942003
2012-08-20,13019.858884239444,-0.015942446626048157
2012-08-21,13000.824725005898,-0.017381072676639797
2012-08-22,13025.046049665569,-0.015550394042102234
2012-08-23,12979.286614501527,-0.01900895056039209
2012-08-24,13003.898398578043,-0.017148760504736238
2012-08-27,12981.660536102028,-0.018829526535687924
2012-08-28,12993.376405142686,-0.01794402619914004
2012-08-29,12952.003347574337,-0.021071054699855485
2012-08-30,12883.366024261453,-0.026258751206395536
2012-08-31,13119.92252685683,-0.008379508793062374
2012-09-04,13125.862318886064,-0.007930571729780289
2012-09-05,13086.558421558126,-0.010901210458392874
2012-09-06,13010.054951599732,-0.01668344036896474
2012-09-07,13166.772476967804,-0.0048385297631202695
2012-09-10,13095.548288216109,-0.010221744861471427
2012-09-11,13129.051129565163,-0.007689557348368958
2012-09-12,13154.269369108993,-0.005783530614397292
2012-09-13,13410.285466060333,0.0
2012-09-14,13490.825214894126,0.0
2012-09-17,13389.471934920151,-0.007512756140527155
2012-09-18,13425.719681213068,-0.004825911880407485
2012-09-19,13452.259123957689,-0.0028586902818857896
2012-09-20,13363.644928381285,-0.009427168797089713
2012-09-21,13404.051836717677,-0.006432028937759071
2012-09-24,13345.613199393323,-0.010763760792074195
2012-09-25,13276.889650312556,-0.01585785607431789
2012-09-26,13223.031300973773,-0.01985007660055549
2012-09-27,13299.406317024519,-0.014188820536958469
2012-09-28,13223.677866416347,-0.0198021502926925
2012-10-01,13261.52500409331,-0.016996752025788986
2012-10-02,13254.275020721609,-0.01753415305620909
2012-10-03,13259.8200813385,-0.0171231284873955
2012-10-04,13175.130478100227,-0.023400698753799465
2012-10-05,13052.559794058174,-0.03248618330271591
2012-10-08,13078.7997034494,-0.030541164449291225
2012-10-09,13041.9804347063,-0.03327037249673159
2012-10-10,13066.50022754621,-0.03145285633672379
2012-10-11,13096.878655559418,-0.029201072066353917
2012-10-12,13077.607123860744,-0.03062956375546122
2012-10-15,13069.443206387201,-0.03123470964857744
2012-10-16,13039.560069991356,-0.03344978070018767
2012-10-17,13083.643365985243,-0.030182130627513182
2012-10-18,13055.083112177419,-0.032299143734783486
2012-10-19,12947.579698760688,-0.04026777513459179
2012-10-22,12987.871491767895,-0.037281168135731235
2012-10-23,12848.712235803527,-0.04759627145578127
2012-10-24,12768.56595145764,-0.05353707070780955
2012-10-25,12759.582521744385,-0.05420296249501744
2012-10-26,12763.765178810654,-0.053892925340162656
2012-10-31,12788.216531943837,-0.05208048223577877
2012-11-01,12796.229079346991,-0.05148655656588663
2012-11-02,12724.926567461836,-0.05677181604774806
2012-11-05,12750.976470734056,-0.05484088129340403
2012-11-06,12683.12648020564,-0.059870224528353666
2012-11-07,12804.270218089147,-0.05089051157871427
2012-11-08,12939.857348989874,-0.040840190064576176
2012-11-09,12934.42754081459,-0.04124267160953676
2012-11-12,12955.470423075796,-0.03968287953410654
2012-11-13,12973.229760641394,-0.03836647840350771
2012-11-14,12978.686558174151,-0.03796199628726671
2012-11-15,12953.10079604789,-0.039858526834413266
2012-11-16,12946.66385159837,-0.04033566180184378
2012-11-19,12899.579264648617,-0.043825780916112
2012-11-20,12808.347184656159,-0.05058830867399411
2012-11-21,12813.265845423655,-0.05022371564953887
2012-11-23,12902.378697705697,-0.043618274480257346
2012-11-26,12927.370559632247,-0.04176576645880892
2012-11-27,12882.721348024224,-0.04507536471516538
2012-11-28,12965.990450844678,-0.03890308826105171
2012-11-29,13041.036016764554,-0.033340376957296636
2012-11-30,13031.243262914633,-0.034066259451060565
2012-12-03,13021.785817921225,-0.034767287360233046
2012-12-04,13030.844679989406,-0.03409580419119895
2012-12-05,12999.860934566892,-0.036392457281649526
2012-12-06,13043.93897689233,-0.03312519663425961
2012-12-07,13041.970529434373,-0.0332711067195659
2012-12-10,13061.804104563173,-0.03180095387028703
2012-12-11,13143.790696080041,-0.025723742861256005
2012-12-12,13151.828780931115,-0.025127924242080657
2012-12-13,13086.855785015678,-0.029944011833498485
2012-12-14,13110.181131149255,-0.028215033378731658
2012-12-17,13134.63201604833,-0.026402624981943457
2012-12-18,13215.401605423382,-0.020415623587404563
2012-12-19,13219.034827170892,-0.020146313023399975
2012-12-20,13266.332914374148,-0.01664036832025173
2012-12-21,13160.36452280296,-0.024495217069918862
2012-12-24,13116.097303129573,-0.02777650038419055
2012-12-26,13096.897611204531,-0.029199666989584316
2012-12-27,13118.843477193115,-0.027572941741943024
2012-12-28,13026.285489536236,-0.03443375167628959
2012-12-31,13105.859993575865,-0.028535335325021727
2013-01-02,13303.66971929061,-0.013872798188571345
2013-01-03,13199.612895907962,-0.021585952997497992
2013-01-04,13202.019776741627,-0.02140754427932645
2013-01-07,13144.729892738247,-0.02565412542546197
2013-01-08,13083.979899923233,-0.030157185234430894
2013-01-09,13142.124243342054,-0.025847267754021463
2013-01-10,13248.113494316167,-0.017990872812583825
2013-01-11,13258.540270739302,-0.01721799374425048
2013-01-14,13231.142003099187,-0.019248875265854393
2013-01-15,13177.75155541985,-0.023206412838900015
2013-01-16,13177.108519312575,-0.023254077536724926
2013-01-17,13261.194365874837,-0.017021260401904326
2013-01-18,13235.459824813988,-0.01892881910575861
2013-01-22,13252.416143717988,-0.017671941291844018
2013-01-23,13220.348064302705,-0.020048970043197167
2013-01-24,13092.09887074495,-0.029555370987163543
2013-01-25,13063.281980972535,-0.031691407094176505
2013-01-28,13022.124356313343,-0.034742193388090814
2013-01-29,13065.867976154204,-0.03149972162346015
2013-01-30,13057.230813967059,-0.032139946520719276
2013-01-31,12995.778390422905,-0.036695073621195506
2013-02-01,13045.60850651381,-0.03300144366919733
2013-02-04,12841.048225331577,-0.048164362017319995
2013-02-05,12872.750485552431,-0.04581444941257773
2013-02-06,12888.865175466075,-0.044619956884733525
2013-02-07,12853.95930609946,-0.04720733525563392
2013-02-08,12926.793683224334,-0.04180852710530203
2013-02-11,12904.676312959038,-0.043447965013138634
2013-02-12,12882.523391236107,-0.045090038153221546
2013-02-13,12867.779279212236,-0.046182937348712816
2013-02-14,12873.648611191298,-0.04574787634350597
2013-02-15,12856.240162025002,-0.047038268064471755
2013-02-19,12890.409510553076,-0.04450548389569087
2013-02-20,12744.760161240474,-0.05530166181606022
2013-02-21,12751.964356021765,-0.05476765483972368
2013-02-22,12803.814273048389,-0.05092430825412109
2013-02-25,12799.485917353632,-0.05124514523968804
2013-02-26,12750.683097782174,-0.05486262740212677
2013-02-27,12727.375958590548,-0.05659025627733405
2013-02-28,12746.859259715377,-0.055146067295972157
2013-03-01,12794.319545633221,-0.05162809970230353
2013-03-04,12749.957715120472,-0.054916395993013234
2013-03-05,12725.880630838696,-0.05670109662460954
2013-03-06,12693.823872123967,-0.05907728623525976
2013-03-07,12678.942154163125,-0.0601803853951548
2013-03-08,12643.930736663673,-0.06277558746335743
2013-03-11,12672.7337400851,-0.060640580674474864
2013-03-12,12611.23828648399,-0.06519889735425943
2013-03-13,12589.672728859485,-0.06679743245355751
2013-03-14,12682.679017658216,-0.05990339244360687
2013-03-15,12653.092576503015,-0.06209647112366701
2013-03-18,12581.869025028347,-0.06737587770852405
2013-03-19,12574.976064924935,-0.06788681458552115
2013-03-20,12581.875743364053,-0.0673753797155845
2013-03-21,12523.365876392978,-0.07171239142829122
2013-03-22,12500.987358066635,-0.07337118679253896
2013-03-25,12480.574352137295,-0.07488428963125959
2013-03-26,12460.956099284336,-0.0763384818352546
2013-03-27,12543.58926494705,-0.07021334387323541
2013-03-28,12487.888591737781,-0.07434212564321752
2013-04-01,12539.03480708784,-0.0705509405574013
2013-04-02,12490.361140289737,-0.07415884934154049
2013-04-03,12565.521107833634,-0.06858765808031808
2013-04-04,12674.834411394766,-0.06048486956887489
2013-04-05,12846.349827451075,-0.04777138367573974
2013-04-08,12773.651420856753,-0.053160113085269245
2013-04-09,12749.76627221661,-0.05493058659298122
2013-04-10,12643.707812997127,-0.06279211155754694
2013-04-11,12665.231757497782,-0.06119666100816967
2013-04-12,12729.926258930924,-0.05640121666709874
2013-04-15,12743.01532185649,-0.05543099707585275
2013-04-16,12677.35877331013,-0.060297752630129264
2013-04-17,12698.536292814397,-0.0587279806430987
2013-04-18,12703.609315643642,-0.058351945615705114
2013-04-19,12683.270515232183,-0.05985954801122084
2013-04-22,12699.564660285087,-0.058651753469867285
2013-04-23,12693.494502128182,-0.05910170060506581
2013-04-24,12762.0024560767,-0.054023586193437056
2013-04-25,12789.337197770099,-0.051997413497698486
2013-04-26,12812.00052107978,-0.0503175071206845
2013-04-29,12796.943229602604,-0.051433620570924266
2013-04-30,12820.166035804925,-0.04971224283217168
2013-05-01,12766.496423184859,-0.05369047335292687
2013-05-02,12835.100370318227,-0.048605243499260986
2013-05-03,12856.179335048784,-0.04704277683063307
2013-05-06,12882.65690104044,-0.045080141812396834
2013-05-07,12855.06049435302,-0.04712571028191892
2013-05-08,12961.49597744424,-0.03923623863019865
2013-05-09,12888.163897472868,-0.044671938730323824
2013-05-10,12913.97389200228,-0.042758787079606675
2013-05-13,12887.97374266345,-0.04468603385099956
2013-05-14,12933.558883921984,-0.04130706032399789
2013-05-15,12957.467037280669,-0.039534881604174954
2013-05-16,12966.585827570021,-0.03885895628870317
2013-05-17,13075.9834171074,-0.030749920125622388
2013-05-20,13104.676701935585,-0.028623046167125965
2013-05-21,13098.854554087658,-0.029054609674560528
2013-05-22,12956.79853306219,-0.039584434111736955
2013-05-23,12897.742973783608,-0.04396189496664327
2013-05-24,12867.862857127366,-0.04617674218171608
2013-05-28,12892.742011424676,-0.0443325885513034
2013-05-29,12866.99766559075,-0.04624087402857002
2013-05-30,12936.48720604712,-0.041090000056853926
2013-05-31,12814.389022177204,-0.05014046079035439
2013-06-03,12854.52308808465,-0.04716554522602423
2013-06-04,12750.282296729089,-0.05489233655977277
2013-06-05,12706.333378573705,-0.05815002594906704
2013-06-06,12765.696395715186,-0.05374977494915467
2013-06-07,12547.767156695745,-0.0699036599449252
2013-06-10,12573.04838559812,-0.06802970275552622
2013-06-11,12474.37399765021,-0.07534388749783338
2013-06-12,12440.930312151035,-0.07782288229366341
2013-06-13,12476.456288942769,-0.07518953880089374
2013-06-14,12473.181718713244,-0.07543226451836205
2013-06-17,12456.813196114957,-0.07664557225436441
2013-06-18,12478.28659667138,-0.07505386824705762
2013-06-19,12318.633899177881,-0.08688803665042844
2013-06-20,12132.838177717493,-0.10066004232842551
2013-06-21,12060.27347754619,-0.10603886082287839
2013-06-24,11950.600193197075,-0.11416833271226534
2013-06-25,12005.661754155828,-0.11008692478638371
2013-06-26,12057.049926359301,-0.10627780478186832
2013-06-27,12124.779430521368,-0.10125739253256483
2013-06-28,12116.625202624973,-0.10186182019110368
2013-07-01,12171.726079542508,-0.09777749799139845
2013-07-02,12182.91720184426,-0.0969479622051519
2013-07-03,12203.412531581787,-0.095428757159422
2013-07-05,12128.67464066753,-0.10096866222258638
2013-07-08,12129.278525535603,-0.10092389958883685
2013-07-09,12169.272467977513,-0.09795937059933102
2013-07-10,12204.075654747332,-0.09537960351944952
2013-07-11,12477.846556703877,-0.07508648596765621
2013-07-12,12443.590497557881,-0.07762569751330539
2013-07-15,12511.407855115262,-0.07259877317938779
2013-07-16,12528.889885613004,-0.07130292728269338
2013-07-17,12446.092918277514,-0.07744020695362708
2013-07-18,12449.392545042352,-0.07719562393425816
2013-07-19,12332.414161458679,-0.08586658228708943
2013-07-22,12509.989732890052,-0.07270389070945893
2013-07-23,12578.787827342327,-0.06760426979254708
2013-07-24,12427.658611774947,-0.07880663978549096
2013-07-25,12510.55684595234,-0.07266185376559109
2013-07-26,12491.42895181264,-0.07407969839963036
2013-07-29,12427.44914098743,-0.0788221666924207
2013-07-30,12408.59277434481,-0.0802198845000609
2013-07-31,12405.675266081422,-0.08043614319564962
2013-08-01,12327.312029147111,-0.08624477503885197
2013-08-02,12362.012297656525,-0.08367263671842473
2013-08-05,12335.138899152591,-0.0856646126039522
2013-08-06,12232.137932135312,-0.09329950264044629
2013-08-07,12199.189245484327,-0.0957418059188706
2013-08-08,12247.369272320493,-0.09217048792544091
2013-08-09,12225.811361255628,-0.0937684562277109
2013-08-12,12266.008992995892,-0.09078882888098005
2013-08-13,12292.25821708834,-0.08884311958044988
2013-08-14,12275.786076759028,-0.09006410792378161
2013-08-15,12114.205339927643,-0.10204119118278021
2013-08-16,12166.412831756223,-0.09817133956162505
2013-08-19,12096.074953425074,-0.10338509611177993
2013-08-20,12125.26093938589,-0.10122170095278005
2013-08-21,12073.815621103327,-0.10503505687898129
2013-08-22,12135.753125836844,-0.10044397340210576
2013-08-23,12279.135671920892,-0.08981582102446228
2013-08-26,12288.475716729563,-0.08912349533942121
2013-08-27,12291.846581934848,-0.08887363180983054
2013-08-28,12274.704353017925,-0.09014429010121494
2013-08-29,12244.580659787216,-0.09237719229591923
2013-08-30,12171.161501908933,-0.0978193469980072
2013-09-03,12215.671465125355,-0.09452007045210087
2013-09-04,12116.947490328846,-0.10183793079229086
2013-09-05,11932.80075790877,-0.11548770606450875
2013-09-06,12000.599143163541,-0.11046218804208863
2013-09-09,12084.20707046351,-0.10426479640976172
2013-09-10,12153.263278190667,-0.09914604298829444
2013-09-11,12166.064725823568,-0.09819714272244806
2013-09-12,12113.615767544821,-0.10208489291143141
2013-09-13,12150.297381843651,-0.09936588842397176
2013-09-16,12182.772840711441,-0.0969586628947332
2013-09-17,12233.171872138448,-0.09322286240631195
2013-09-18,12510.193884995528,-0.07268875804691055
2013-09-19,12458.655924352763,-0.07650898103711468
2013-09-20,12368.950454744821,-0.08315834963977842
2013-09-23,12379.697080594158,-0.08236176190862377
2013-09-24,12373.240821990661,-0.08284032852709644
2013-09-25,12381.083043510902,-0.08225902816960728
2013-09-26,12349.963585725165,-0.08456574086434898
2013-09-27,12363.070789744694,-0.08359417657448931
2013-09-30,12355.010070036353,-0.08419167299001196
2013-10-01,12328.314201750742,-0.08617048954573592
2013-10-02,12338.614250954914,-0.08540700406281676
2013-10-03,12302.884664316935,-0.08805544002346744
2013-10-04,12286.572850028573,-0.08926454428718233
2013-10-07,12288.779199405073,-0.08910099985299436
2013-10-08,12281.737217510698,-0.08962298288829451
2013-10-09,12228.058624301835,-0.09360187909025564
2013-10-10,12232.086246729374,-0.09330333379273803
2013-10-11,12262.101691999655,-0.09107845541857129
2013-10-14,12275.038704762654,-0.09011950646200806
2013-10-15,12227.011196273905,-0.09367951911681038
2013-10-16,12310.113694616672,-0.08751959212798388
2013-10-17,12385.622896553963,-0.08192251405940676
2013-10-18,12404.647747143672,-0.08051230747184346
2013-10-21,12424.091397318742,-0.07907105759532707
2013-10-22,12468.352085770228,-0.0757902584042871
2013-10-23,12356.002445463926,-0.08411811370718336
2013-10-24,12397.310612408468,-0.08105616854915576
2013-10-25,12412.682610882473,-0.0799167276158439
2013-10-28,12420.287990230016,-0.07935298305415872
2013-10-29,12398.328620523343,-0.08098070925747713
2013-10-30,12366.049390022443,-0.08337338946693262
2013-10-31,12254.951036900624,-0.09160849379540359
2013-11-01,12189.630966244917,-0.09645030811107591
2013-11-04,12199.077293183527,-0.09575010432160114
2013-11-05,12172.905977565915,-0.09769003869927861
2013-11-06,12240.978062241391,-0.0926442328578152
2013-11-07,12157.13505469173,-0.09885904968437198
2013-11-08,12145.169426263852,-0.09974599531129091
2013-11-11,12138.472326968447,-0.1002424141136049
2013-11-12,12168.878529564296,-0.09798857106757097
2013-11-13,12260.797974307587,-0.09117509277553804
2013-11-14,12252.698019474516,-0.09177549747310454
2013-11-15,12283.686908622476,-0.08947846310683405
2013-11-18,12228.265041637223,-0.09358657851878571
2013-11-19,12178.644366237419,-0.09726468379473452
2013-11-20,12127.046419762522,-0.10108935320175716
2013-11-21,12184.887603204184,-0.0968019072879368
2013-11-22,12191.215616395353,-0.09633284679012666
2013-11-25,12167.861812331728,-0.09806393467330832
2013-11-26,12201.52062486263,-0.09556899370455718
2013-11-27,12224.805902083997,-0.09384298533587254
2013-11-29,12265.348124589147,-0.09083781538819657
2013-12-02,12155.89430650969,-0.0989510194610369
2013-12-03,12166.064971271178,-0.09819712452877882
2013-12-04,12168.288160316359,-0.09803233186341054
2013-12-05,12153.317896537252,-0.09914199443339033
2013-12-06,12208.914346839956,-0.09502093812904167
2013-12-09,12231.093660329278,-0.09337690871378879
2013-12-10,12251.021770898602,-0.09189974847696925
2013-12-11,12143.881930610045,-0.0998414302185926
2013-12-12,12020.3782897751,-0.10899606967671815
2013-12-13,12023.799937337753,-0.10874244193281446
2013-12-16,12099.88506696345,-0.10310267354105607
2013-12-17,12087.959516663468,-0.10398664839878502
2013-12-18,12096.62635263801,-0.10334422394835374
2013-12-19,12055.431443847423,-0.10639777390800387
2013-12-20,12149.741497106637,-0.09940709307440343
2013-12-23,12220.769303611209,-0.09414219597780804
2013-12-24,12233.95310873558,-0.09316495367317745
2013-12-26,12266.076244080032,-0.09078384393135186
2013-12-27,12270.821795309612,-0.09043208255619584
2013-12-30,12289.20718388448,-0.08906927573882117
2013-12-31,12357.630417545537,-0.08399744117190999
2014-01-02,12172.257332827045,-0.09773811913383612
2014-01-03,12147.532041724919,-0.09957086773952029
2014-01-06,12116.14883349284,-0.10189713079105178
2014-01-07,12207.131328355485,-0.0951531033936619
2014-01-08,12201.316115956977,-0.09558415281472232
2014-01-09,12192.331449252817,-0.09625013629320078
2014-01-10,12327.009238952985,-0.08626721919547709
2014-01-13,12372.320558405465,-0.0829085425592655
2014-01-14,12282.219848073193,-0.08958720816326415
2014-01-15,12263.230054002046,-0.09099481620566785
2014-01-16,12299.352049654233,-0.0883172931426377
2014-01-17,12373.578512421696,-0.08281529740960314
2014-01-21,12307.61958096254,-0.0877044669310002
2014-01-22,12289.356671454998,-0.08905819505486479
2014-01-23,12370.34096485145,-0.08305527884281239
2014-01-24,12359.011544100802,-0.08389506592552842
2014-01-27,12253.494473083463,-0.09171646078733764
2014-01-28,12272.658309832448,-0.09029595192715112
2014-01-29,12379.718568531423,-0.08236016912709088
2014-01-30,12281.957011671819,-0.08960669076697358
2014-01-31,12339.023354069153,-0.08537667951945316
2014-02-03,12454.399946487863,-0.0768244530558464
2014-02-04,12360.038555425936,-0.08381893927584072
2014-02-05,12282.317985452917,-0.08957993378396112
2014-02-06,12249.857493601952,-0.09198604989130854
2014-02-07,12289.330079793332,-0.08906016614716206
2014-02-10,12325.421466931943,-0.08638491192336817
2014-02-11,12331.26694560521,-0.08595161903133564
2014-02-12,12348.843144968192,-0.08464879291929184
2014-02-13,12436.337379590399,-0.07816333089391392
2014-02-14,12530.22389372679,-0.07120404466487451
2014-02-18,12575.893249590255,-0.06781882877659473
2014-02-19,12477.220415563721,-0.07513289833533432
2014-02-20,12577.913458968382,-0.06766908186742149
2014-02-21,12575.350698694718,-0.0678590450633596
2014-02-24,12675.565922737314,-0.060430646692891
2014-02-25,12656.309874885548,-0.06185799065036124
2014-02-26,12593.98512326463,-0.06647777858980541
2014-02-27,12635.16630362471,-0.06342524624251689
2014-02-28,12605.97273748184,-0.06558920327834306
2014-03-03,12618.182306820938,-0.0646841756655312
2014-03-04,12448.709754252184,-0.07724623542608999
2014-03-05,12465.272273956616,-0.07601854776128003
2014-03-06,12476.94669861612,-0.07515318745354915
2014-03-07,12399.188431269784,-0.08091697625873584
2014-03-10,12370.999392277345,-0.08300647327195909
2014-03-11,12364.31839850306,-0.0835016982613771
2014-03-12,12488.176076286449,-0.07432081600914475
2014-03-13,12504.2613491803,-0.07312850400171522
2014-03-14,12555.222805595837,-0.06935101407031552
2014-03-17,12449.94317401304,-0.07715480886461512
2014-03-18,12406.681514617774,-0.08036155557626212
2014-03-19,12235.388802655332,-0.09305853365091177
2014-03-20,12267.529261009606,-0.0906761398505096
2014-03-21,12303.59454117726,-0.08800282079158062
2014-03-24,12276.54668793125,-0.0900077280389261
2014-03-25,12250.148210668325,-0.09196450064863859
2014-03-26,12300.45022898304,-0.08823589120381536
2014-03-27,12341.068438587434,-0.08522508875419565
2014-03-28,12303.00462826663,-0.08804654776166843
2014-03-31,12315.044925631195,-0.08715406734088049
2014-04-01,12381.469349586436,-0.08223039344420091
2014-04-02,12404.141586752383,-0.0805498263324933
2014-04-03,12334.190946699038,-0.08573487905826116
2014-04-04,12306.657092223168,-0.08777581087950159
2014-04-07,12304.693149066703,-0.08792138708593689
2014-04-08,12344.326134892255,-0.0849836138071165
2014-04-09,12413.564080076247,-0.07985138919660473
2014-04-10,12301.701699487872,-0.08814312664086987
2014-04-11,12318.61008631082,-0.08688980176610384
2014-04-14,12335.750120556568,-0.08561930615351343
2014-04-15,12195.618838305323,-0.09600646038752847
2014-04-16,12206.11414995325,-0.09522850118334725
2014-04-17,12100.941329874744,-0.10302437863363056
2014-04-21,12085.768289164003,-0.10414907193215384
2014-04-22,12110.166494611802,-0.10234056837072136
2014-04-23,12161.980744058297,-0.09849986562488111
2014-04-24,12177.993998447771,-0.09731289194948312
2014-04-25,12117.143960764017,-0.10182336752932941
2014-04-28,12068.640628806565,-0.1054186503370782
2014-04-29,12057.521029500283,-0.10624288452061836
2014-04-30,12098.476016884613,-0.10320711860326626
2014-05-01,12106.502782043,-0.10261213905008626
2014-05-02,12120.794140105432,-0.10155279999300215
2014-05-05,12099.738496013932,-0.1031135380320849
2014-05-06,12080.905075651732,-0.10450955495930792
2014-05-07,12030.43288345123,-0.10825077844983089
2014-05-08,12002.96757532277,-0.1102866293107655
2014-05-09,11984.825217823814,-0.11163142158328898
2014-05-12,12032.287747707205,-0.10811328765690831
2014-05-13,12042.876935856004,-0.10732836990872585
2014-05-14,12005.568329624954,-0.11009384982835746
2014-05-15,12035.15729977043,-0.10790058368828404
2014-05-16,12012.457048831298,-0.10958322730552328
2014-05-19,11948.48052322791,-0.11432545208305256
2014-05-20,11932.936106710895,-0.11547767340898407
2014-05-21,11942.867147870595,-0.11474154044443163
2014-05-22,11960.53684517006,-0.11343178384926367
2014-05-23,12038.650095699335,-0.10764168211085878
2014-05-27,12130.571855499127,-0.10082803221653591
2014-05-28,12133.009878322722,-0.10064731511548686
2014-05-29,12152.413653937903,-0.09920902091879391
2014-05-30,12137.658290748155,-0.10030275410076839
2014-06-02,12089.602358165064,-0.10386487367593245
2014-06-03,12065.417322509149,-0.10565757614377069
2014-06-04,12083.52748618648,-0.10431517022057057
2014-06-05,12177.01721678036,-0.09738529535341534
2014-06-06,12244.393129388665,-0.0923910928835826
2014-06-09,12273.943524532137,-0.09020068609431908
2014-06-10,12285.03627328559,-0.08937844219324131
2014-06-11,12257.77990868671,-0.0913988052299507
2014-06-12,12192.809177452502,-0.09621472495311778
2014-06-13,12235.631574233452,-0.09304053834119186
2014-06-16,12223.924362751099,-0.09390832895413581
2014-06-17,12230.35774381404,-0.0934314581207758
2014-06-18,12295.695177011923,-0.08858835681621291
2014-06-19,12462.224809291685,-0.07624443940366576
2014-06-20,12427.980215410496,-0.0787828010928664
2014-06-23,12451.074784203738,-0.07707092888153977
2014-06-24,12440.377809862235,-0.07786383622198123
2014-06-25,12452.117674364074,-0.07699362522192488
2014-06-26,12448.021971655638,-0.07729721693282432
2014-06-27,12439.748294923862,-0.07791049867059696
2014-06-30,12529.777638551688,-0.07123712308431829
2014-07-01,12530.758814694036,-0.07116439394234819
2014-07-02,12529.206506661943,-0.0712794579215612
2014-07-03,12519.801726999589,-0.07197658204203172
2014-07-07,12492.218955223321,-0.0740211398312629
2014-07-08,12436.043536645542,-0.0781851118406075
2014-07-09,12459.918453624026,-0.07641539674918918
2014-07-10,12461.299648934872,-0.07631301640633803
2014-07-11,12501.06054470799,-0.07336576187299626
2014-07-14,12438.725938751297,-0.07798628025966059
2014-07-15,12404.24300104148,-0.0805423090540851
2014-07-16,12476.459876385026,-0.07518927288370925
2014-07-17,12375.374607645039,-0.0826821628389054
2014-07-18,12380.82559173987,-0.08227811164055376
2014-07-21,12420.243668973593,-0.07935626834291731
2014-07-22,12447.099344493234,-0.07736560616385424
2014-07-23,12437.749117264751,-0.07805868661516413
2014-07-24,12380.230568727204,-0.08232221739414469
2014-07-25,12392.550351097907,-0.08140902030097485
2014-07-28,12389.045252256637,-0.08166883382501344
2014-07-29,12376.56942509964,-0.08259359765215302
2014-07-30,12294.128602314553,-0.08870447830414385
2014-07-31,12136.7716951721,-0.10036847251027503
2014-08-01,12210.380063247814,-0.09491229270635548
2014-08-04,12193.798836688009,-0.09614136700653242
2014-08-05,12152.733183820235,-0.09918533594198609
2014-08-06,12159.97417955785,-0.09864860111500007
2014-08-07,12220.271113665676,-0.09417912403354944
2014-08-08,12208.66110606443,-0.09503970946226203
2014-08-11,12204.41295778947,-0.09535460111694527
2014-08-12,12172.16511687079,-0.09774495459088084
2014-08-13,12207.617792895602,-0.09511704447714875
2014-08-14,12238.562942454175,-0.09282325228388777
2014-08-15,12261.39550600868,-0.09113080106679716
2014-08-18,12172.46813061442,-0.09772249386377163
2014-08-19,12199.268950859023,-0.09573589780180392
2014-08-20,12191.362598875217,-0.09632195179463732
2014-08-21,12253.635899519775,-0.09170597763052113
2014-08-22,12257.790243311094,-0.09139803918160161
2014-08-25,12283.248387685075,-0.08951096823016169
2014-08-26,12300.424823049358,-0.08823777440467795
2014-08-27,12299.779359834838,-0.08828561901049248
2014-08-28,12286.957188567108,-0.08923605540437396
2014-08-29,12326.728557068362,-0.08628802458581852
2014-09-02,12235.156744523723,-0.0930757348323008
2014-09-03,12225.359316311518,-0.09380196381059847
2014-09-04,12181.84062191026,-0.09702776310071248
2014-09-05,12232.948008085612,-0.09323945620611807
2014-09-08,12193.583298344318,-0.09615734366772677
2014-09-09,12126.131143312232,-0.10115719756529395
2014-09-10,12138.942524381715,-0.10020756098892358
2014-09-11,12123.30063641406,-0.1013670073325309
2014-09-12,12079.221443859436,-0.10463435324002657
2014-09-15,12016.844925184692,-0.1092579783838673
2014-09-16,12063.398928997745,-0.10580718845282167
2014-09-17,12054.304453888795,-0.10648131141891792
2014-09-18,12112.874390950865,-0.10213984704375068
2014-09-19,12078.4537783536,-0.10469125602348195
2014-09-22,12019.500130438484,-0.10906116275461575
2014-09-23,12021.83743205442,-0.1088879115576944
2014-09-24,12007.111848986442,-0.10997943730451987
2014-09-25,11976.694395943206,-0.11223411428377938
2014-09-26,11951.559085248173,-0.11409725536630444
2014-09-29,12014.691810290757,-0.1094175768413107
2014-09-30,11971.88468973261,-0.11259063111162226
2014-10-01,12135.850366603894,-0.10043676548372404
2014-10-02,12065.509760432897,-0.10565072423350752
2014-10-03,12091.756621387081,-0.10370519009930146
2014-10-06,12104.296372638686,-0.1027756879338031
2014-10-07,12218.16668817671,-0.0943351134156254
2014-10-08,12239.250519292355,-0.0927722860288791
2014-10-09,12202.398194967667,-0.09550394430312625
2014-10-10,12283.518636579853,-0.08949093617945514
2014-10-13,12350.066828944211,-0.08455808801751408
2014-10-14,12396.639422768374,-0.08110592011211815
2014-10-15,12465.750297873465,-0.07598311450132489
2014-10-16,12416.25868546146,-0.07965165305427901
2014-10-17,12368.047600573862,-0.08322527320869122
2014-10-20,12406.69308624379,-0.08036069783584732
2014-10-21,12356.384508064963,-0.08408979352699042
2014-10-22,12319.709899033194,-0.08680827875288155
2014-10-23,12224.443223431386,-0.09386986869154823
2014-10-24,12218.615253820839,-0.09430186373393556
2014-10-27,12211.927048991533,-0.09479762323884133
2014-10-28,12261.49362201677,-0.09112352827165471
2014-10-29,12213.324998946706,-0.09469400096719338
2014-10-30,12275.858002196699,-0.09005877649026839
2014-10-31,12489.11154627052,-0.07425147481102157
2014-11-03,12471.651166894879,-0.07554571583019698
2014-11-04,12451.245989384162,-0.07705823839169224
2014-11-05,12471.382573898987,-0.07556562513830922
2014-11-06,12438.979074495961,-0.07796751671179514
2014-11-07,12449.59340833176,-0.07718073505339218
2014-11-10,12494.58482963079,-0.07384577069188236
2014-11-11,12526.970205097801,-0.07144522254518659
2014-11-12,12518.612508391203,-0.0720647322173874
2014-11-13,12552.568392216856,-0.06954777100228215
2014-11-14,12620.987887733658,-0.06447621352325816
2014-11-17,12575.173223533571,-0.06787220031208008
2014-11-18,12636.472873834144,-0.0633283974442691
2014-11-19,12522.032256148039,-0.07181124529554517
2014-11-20,12620.19183144114,-0.0645352207581632
2014-11-21,12663.474597425413,-0.061326909532213314
2014-11-24,12673.631929553714,-0.06057400287405812
2014-11-25,12695.398612813507,-0.058960559447649885
2014-11-26,12763.48010563075,-0.05391405623285184
2014-11-28,12576.024123701633,-0.06780912780506088
2014-12-01,12458.33511286963,-0.076532761011877
2014-12-02,12340.965009097974,-0.0852327554082225
2014-12-03,12442.767356956838,-0.07768671235768532
2014-12-04,12457.054767060132,-0.07662766594090131
2014-12-05,12400.114458225115,-0.08084833501992494
2014-12-08,12375.041530738466,-0.08270685198143501
2014-12-09,12487.043994179521,-0.07440473097275113
2014-12-10,12529.332225505841,-0.07127013908139435
2014-12-11,12549.902571510995,-0.06974537349608056
2014-12-12,12645.677210578653,-0.06264613104485361
2014-12-15,12540.07696320544,-0.07047369130830061
2014-12-16,12652.405788868402,-0.062147378879395254
2014-12-17,12554.050907560266,-0.06943788036773646
2014-12-18,12402.056216233765,-0.0807044032753712
2014-12-19,12507.330937997478,-0.07290097241871107
2014-12-22,12517.965200074743,-0.07211271359036864
2014-12-23,12350.921631455918,-0.08449472625141818
2014-12-24,12391.076479210662,-0.08151827024408564
2014-12-26,12436.786079650605,-0.0781300712487063
2014-12-29,12460.168709061954,-0.0763968467024766
2014-12-30,12418.083910480113,-0.0795163592535234
2014-12-31,12376.921785443188,-0.08256747913546225
2015-01-02,12347.266029886043,-0.08476569570744807
2015-01-05,12181.375459319266,-0.09706224302196154
2015-01-06,12240.910408139387,-0.09264924768092098
2015-01-07,12197.559553526722,-0.0958626059390062
2015-01-08,12088.704216305568,-0.10393144794734943
2015-01-09,12198.817521674371,-0.0957693597418603
2015-01-12,12301.294024308329,-0.0881733453393595
2015-01-13,12284.69334067167,-0.08940386188465799
2015-01-14,12332.70797934853,-0.08584480319758447
2015-01-15,12524.458391724434,-0.07163140933015755
2015-01-16,12494.103351886875,-0.07388145996486939
2015-01-20,12662.884928443524,-0.06137061842121716
2015-01-21,12606.168953368368,-0.06557465888365976
2015-01-22,12648.91096105291,-0.06240643106929644
2015-01-23,12558.575775130023,-0.06910247704750361
2015-01-26,12519.943655772751,-0.07196606164977248
2015-01-27,12601.570793513498,-0.06591549495422078
2015-01-28,12560.420586451664,-0.06896573142281004
2015-01-29,12368.082633834088,-0.08322267638754288
2015-01-30,12337.432958791827,-0.08549456669477362
2015-02-02,12266.262515726472,-0.09077003664799643
2015-02-03,12186.824290750883,-0.0966583513885868
2015-02-04,12135.667688459593,-0.10045030640070962
2015-02-05,12182.733720336722,-0.09696156267099554
2015-02-06,12061.689755990405,-0.10593387996205961
2015-02-09,12037.721473052241,-0.10771051575389412
2015-02-10,12063.53975376681,-0.10579674989425891
2015-02-11,12038.614990963439,-0.10764428423010186
2015-02-12,12188.427885255713,-0.09653948582778626
2015-02-13,12281.987989600862,-0.089604394545019
2015-02-17,12298.48639776429,-0.08838145911292894
2015-02-18,12332.243160584487,-0.08587925763284987
2015-02-19,12357.608237827131,-0.08399908523133948
2015-02-20,12448.963867594588,-0.07722739941432966
2015-02-23,12423.83534408504,-0.07909003740046305
2015-02-24,12478.52368030191,-0.07503629455332472
2015-02-25,12443.312853442892,-0.07764627773064325
2015-02-26,12474.944499788713,-0.07530159934055491
2015-02-27,12437.423152459147,-0.07808284857712067
2015-03-02,12505.245556109878,-0.07305555020430854
2015-03-03,12418.654688988721,-0.07947405061046298
2015-03-04,12371.842420066916,-0.08294398430066618
2015-03-05,12366.992843821796,-0.08330345647289228
2015-03-06,12214.702269204072,-0.09459191156677282
2015-03-09,12229.053921679264,-0.09352810321950089
2015-03-10,12173.83044967918,-0.09762151271228081
2015-03-11,12214.564720298355,-0.09460210730376639
2015-03-12,12206.575597327688,-0.09519429665048229
2015-03-13,12183.973329959386,-0.0968696772894182
2015-03-16,12215.574724558335,-0.09452724129343038
2015-03-17,12265.669474445494,-0.09081399550681579
2015-03-18,12414.896447380257,-0.07975262820290807
2015-03-19,12365.863942367585,-0.08338713567236522
2015-03-20,12418.72476340306,-0.07946885638303636
2015-03-23,12418.869031561775,-0.0794581625851094
2015-03-24,12495.055082642864,-0.07381091344597013
2015-03-25,12419.922479012312,-0.07938007637216427
2015-03-26,12299.370974870917,-0.08831589032135867
2015-03-27,12315.063626979134,-0.08715268111374908
2015-03-30,12253.506213823493,-0.09171559051143952
2015-03-31,12219.999252717778,-0.09419927557680696
2015-04-01,12387.996959130292,-0.08174653797651243
2015-04-02,12320.836819756365,-0.08672474637400773
2015-04-06,12451.530791496323,-0.07703712759175052
2015-04-07,12414.000898765049,-0.07981901025151839
2015-04-08,12418.983381271728,-0.07944968647574391
2015-04-09,12401.169741661044,-0.08077011271557222
2015-04-10,12432.910800421003,-0.07841732419045544
2015-04-13,12356.569433311053,-0.08407608604482053
2015-04-14,12388.433542717426,-0.081714176458208
2015-04-15,12448.243724925846,-0.07728077959361979
2015-04-16,12474.537459917576,-0.07533177094715826
2015-04-17,12382.051037737685,-0.0821872761298793
2015-04-20,12355.810162911708,-0.08413236654562395
2015-04-21,12419.294072091176,-0.07942665668961157
2015-04-22,12487.087831896191,-0.07440148152611081
2015-04-23,12537.597794001998,-0.070657458362128
2015-04-24,12602.013733523763,-0.06588266226954731
2015-04-27,12640.414051812477,-0.06303625979401017
2015-04-28,12657.07093817924,-0.06180157725225033
2015-04-29,12577.416686161958,-0.0677059048785057
2015-04-30,12411.886346994275,-0.07997575023866454
2015-05-01,12498.37052753956,-0.07356515791627616
2015-05-04,12513.738062088947,-0.07242604786892182
2015-05-05,12338.77924764625,-0.08539477377380866
2015-05-06,12289.476712835747,-0.08904929705353148
2015-05-07,12256.745006280635,-0.09147551680167376
2015-05-08,12422.969934101802,-0.07915418543955277
2015-05-11,12351.06691726468,-0.08448395702074118
2015-05-12,12344.55849947402,-0.08496638991027816
2015-05-13,12494.481139668778,-0.0738534566532939
2015-05-14,12590.399614627664,-0.06674355244572994
2015-05-15,12603.869693569117,-0.06574509025183972
2015-05-18,12595.48303433962,-0.066366746755123
2015-05-19,12483.690435414379,-0.07465331167198364
2015-05-20,12496.023698860636,-0.07373911530150212
2015-05-21,12499.333945055856,-0.07349374512269613
2015-05-22,12482.864870230505,-0.07471450623723253
2015-05-26,12303.04670646565,-0.08804342873830628
2015-05-27,12443.87991611532,-0.07760424452189618
2015-05-28,12436.452548671088,-0.07815479404914316
2015-05-29,12409.753927410246,-0.08013381466764224
2015-06-01,12354.889209482977,-0.08420063171206571
2015-06-02,12252.549388307041,-0.09178651467665633
2015-06-03,12178.572747785865,-0.09726999247307044
2015-06-04,12122.693174696018,-0.10141203509831742
2015-06-05,12060.27401674542,-0.10603882085503202
2015-06-08,12027.60674582794,-0.10846026434697009
2015-06-09,11979.175625172711,-0.11205019453165299
2015-06-10,11945.964265606912,-0.1145119682954353
2015-06-11,11961.808367213274,-0.11333753297706273
2015-06-12,11905.269872917474,-0.1175284177743382
2015-06-15,11939.9160385304,-0.1149602898013602
2015-06-16,11950.622949090455,-0.1141666459441828
2015-06-17,11972.3673904928,-0.11255485118322639
2015-06-18,12012.693730161065,-0.10956568343211326
2015-06-19,12002.64660008843,-0.1103104214234959
2015-06-22,11866.897218602746,-0.12037276967301702
2015-06-23,11855.423899199597,-0.12122322316421497
2015-06-24,11788.018357878893,-0.1262196218460604
2015-06-25,11772.115646905613,-0.1273984015515245
2015-06-26,11722.558342860746,-0.13107180946063846
2015-06-29,11719.907702758064,-0.13126828670057455
2015-06-30,11674.791290777392,-0.13461251592762458
2015-07-01,11634.24950100166,-0.13761765379947055
2015-07-02,11667.617586909573,-0.13514426278176794
2015-07-06,11636.710517666086,-0.1374352322926149
2015-07-07,11689.880133739822,-0.13349406374089168
2015-07-08,11744.105846803071,-0.12947461258060355
2015-07-09,11621.14315848837,-0.13858915423065388
2015-07-10,11514.54811010397,-0.14649045357198087
2015-07-13,11477.323009723561,-0.14924974366635635
2015-07-14,11500.40656736233,-0.1475386876507997
2015-07-15,11560.26167965143,-0.1431019603686895
2015-07-16,11611.872948742412,-0.13927630343007602
2015-07-17,11702.490153070745,-0.13255935299265653
2015-07-20,11721.508243135997,-0.1311496475252507
2015-07-21,11713.410499780119,-0.1317498882982865
2015-07-22,11644.1289277191,-0.13688534672706587
2015-07-23,11660.834848915092,-0.1356470295055554
2015-07-24,11598.091363994456,-0.14029785582056586
2015-07-27,11488.84248659291,-0.14839586877835975
2015-07-28,11486.9946549083,-0.14853283828579733
2015-07-29,11485.576728803087,-0.14863794127858143
2015-07-30,11545.653775546747,-0.14418476322707618
2015-07-31,11598.886446755425,-0.14023892074815147
2015-08-03,11666.588129604987,-0.1352205707383376
2015-08-04,11590.703302538177,-0.1408454918130715
2015-08-05,11528.343109840158,-0.1454679068028656
2015-08-06,11594.629633442604,-0.14055445469400096
2015-08-07,11696.86727862737,-0.13297614546856584
2015-08-10,11615.162001843606,-0.13903250417770985
2015-08-11,11748.962630021424,-0.12911460619545
2015-08-12,11733.140398975898,-0.13028742037052787
2015-08-13,11659.932341880964,-0.13571392734314147
2015-08-14,11675.152660982707,-0.13458572955988513
2015-08-17,11718.44691604474,-0.13137656671236442
2015-08-18,11672.675874697323,-0.13476931998122188
2015-08-19,11808.875171908576,-0.12467362197596676
2015-08-20,11979.946376211357,-0.11199306303477496
2015-08-21,12039.30172452027,-0.10759338048285938
2015-08-24,11998.779833993858,-0.11059704333379261
2015-08-25,11832.440133556833,-0.12292688215294678
2015-08-26,11688.934496150472,-0.13356415860716464
2015-08-27,11701.13440198581,-0.13265984729625468
2015-08-28,11770.373267282184,-0.12752755448291853
2015-08-31,11769.663848113705,-0.1275801397886488
2015-09-01,11796.184758051662,-0.12561429192422924
2015-09-02,11750.587731601263,-0.12899414643454188
2015-09-03,11702.368645180159,-0.132568359698225
2015-09-04,11700.882737912028,-0.1326785017573252
2015-09-08,11669.014224070253,-0.1350407378202898
2015-09-09,11664.15791541918,-0.13540070902840473
2015-09-10,11703.894790951006,-0.13245523498223932
2015-09-11,11739.18339122598,-0.1298394868932332
2015-09-14,11700.529413793243,-0.13270469171332544
2015-09-15,11749.203399782878,-0.12909675926928954
2015-09-16,11779.742090621588,-0.12683309560511313
2015-09-17,11767.979473492396,-0.12770499313115968
2015-09-18,11634.318413234956,-0.13761254571807446
2015-09-21,11683.949009562852,-0.13393370505878688
2015-09-22,11521.166789798071,-0.14599984757948792
2015-09-23,11530.959720224559,-0.14527395199708315
2015-09-24,11584.049184698879,-0.14133872463858854
2015-09-25,11506.447443011137,-0.1470909110654105
2015-09-28,11404.273019114455,-0.15466453404763403
2015-09-29,11403.149879407436,-0.1547477861607648
2015-09-30,11328.582288639645,-0.16027506781922607
2015-10-01,11350.965334924456,-0.15861593682254693
2015-10-02,11432.94041203619,-0.1525395793124643
2015-10-05,11326.074683137645,-0.160460942698046
2015-10-06,11369.300007649466,-0.15725688928965265
2015-10-07,11427.47299679949,-0.1529448484601711
2015-10-08,11427.288418998593,-0.15295853018815708
2015-10-09,11464.807851017069,-0.15017742292297254
2015-10-12,11450.178227586532,-0.15126183571444407
2015-10-13,11336.769537725535,-0.15966819248317543
2015-10-14,11358.926041399278,-0.15802585383295842
2015-10-15,11530.334022285087,-0.14532033151275425
2015-10-16,11545.05990317459,-0.1442287836900722
2015-10-19,11514.41227641889,-0.14650052216918785
2015-10-20,11484.950085562052,-0.14868439086421126
2015-10-21,11397.936372859056,-0.1551342344665826
2015-10-22,11501.01458898211,-0.14749361838260477
2015-10-23,11725.51178570655,-0.13085288713388976
2015-10-26,11674.124306424561,-0.13466195577598128
2015-10-27,11634.57182249416,-0.1375937618960943
2015-10-28,11734.770252668235,-0.1301666083618942
2015-10-29,11655.39753615362,-0.13605006732384017
2015-10-30,11617.046901050835,-0.13889278706054276
2015-11-02,11719.688798974437,-0.13128451282315345
2015-11-03,11764.26182436623,-0.12798056182817774
2015-11-04,11763.822112097883,-0.12801315525825652
2015-11-05,11731.262470715992,-0.13042662077005818
2015-11-06,11744.912098845476,-0.1294148495913452
2015-11-09,11652.076017631398,-0.1362962730576862
2015-11-10,11601.832866112672,-0.14002051903362966
2015-11-11,11599.167169705002,-0.14021811231389303
2015-11-12,11529.781158944437,-0.14536131220384196
2015-11-13,11401.950393382054,-0.15483669740275896
2015-11-16,11398.977602614037,-0.15505705388360158
2015-11-17,11415.03064824006,-0.15386713070467706
2015-11-18,11451.984486463045,-0.15112794776854444
2015-11-19,11483.998055625478,-0.14875495955970686
2015-11-20,11487.221865621534,-0.1485159964166296
2015-11-23,11474.515080100617,-0.1494578799054831
2015-11-24,11481.683439271885,-0.14892652922403227
2015-11-25,11491.45467084936,-0.1482022420568776
2015-11-27,11483.379038533962,-0.1488008438611973
2015-11-30,11510.175729596753,-0.1468145538725607
2015-12-01,11628.753392214558,-0.1380250498408212
2015-12-02,11601.963011889397,-0.14001087204950147
2015-12-03,11397.859348518163,-0.15513994385349306
2015-12-04,11569.283396388715,-0.14243323057688073
2015-12-07,11494.238674006148,-0.1479958793538967
2015-12-08,11489.4772091438,-0.14834882031833008
2015-12-09,11430.827080778112,-0.15269622882977818
2015-12-10,11436.754394793708,-0.15225686993799947
2015-12-11,11549.567478054458,-0.14389466218096747
2015-12-14,11421.998383121176,-0.15335065118840374
2015-12-15,11374.482549053722,-0.15687273625811426
2015-12-16,11410.290754088495,-0.15421847275203604
2015-12-17,11316.950762252152,-0.1611372483161353
2015-12-18,11360.89413132574,-0.15787997024947753
2015-12-21,11424.943341301203,-0.15313235778283973
2015-12-22,11357.565256832584,-0.15812672124062377
2015-12-23,11307.918230420468,-0.16180677977086888
2015-12-24,11339.956011733922,-0.1594319968496518
2015-12-28,11311.922653933676,-0.16150995408011815
2015-12-29,11291.196916745843,-0.16304623795139328
2015-12-30,11210.263207525468,-0.1690454046392118
2015-12-31,11082.622222855407,-0.17850672243385213
2016-01-04,10972.03580365644,-0.18670387994182114
2016-01-05,10976.665549661386,-0.18636070256525605
2016-01-06,11070.648539694132,-0.17939426511345458
2016-01-07,11165.003394972973,-0.17240026335478742
2016-01-08,11143.144373281992,-0.17402055131662741
2016-01-11,11057.979216245012,-0.18033337174683772
2016-01-12,11043.265772086286,-0.18142399770369033
2016-01-13,11127.44403460277,-0.1751843302870857
2016-01-14,11005.778827820042,-0.18420269683210677
2016-01-15,11084.574214831206,-0.17836203210211143
2016-01-19,11059.312624023523,-0.18023453362854092
2016-01-20,11188.319898718466,-0.1706719403371746
2016-01-21,11149.123365197616,-0.17357736182892847
2016-01-22,11102.886688260016,-0.1770046300798398
2016-01-25,11172.097390295674,-0.17187442485271642
2016-01-26,11216.28208967975,-0.1685992583095094
2016-01-27,11226.795684657181,-0.16781994386358323
2016-01-28,11180.384426902432,-0.17126015282155782
2016-01-29,11254.34205093661,-0.16577808461178467
2016-02-01,11288.897885180826,-0.16321665240183614
2016-02-02,11214.573997102778,-0.16872586973244041
2016-02-03,11236.038739225696,-0.16713480752675558
2016-02-04,11337.272962529303,-0.15963087639644613
2016-02-05,11394.29540113832,-0.15540411949309052
2016-02-08,11402.861742998435,-0.1547691441136262
2016-02-09,11392.690966728771,-0.15552304731136646
2016-02-10,11485.80919570328,-0.14862070979744602
2016-02-11,11794.95083455083,-0.12570575582515287
2016-02-12,11675.013635246132,-0.13459603476615378
2016-02-16,11413.17905123723,-0.15400437931425692
2016-02-17,11427.471743554459,-0.1529449413562698
2016-02-18,11638.832436472918,-0.1372779462279723
2016-02-19,11600.829069598027,-0.1400949248982566
2016-02-22,11497.853320444741,-0.14772794567445036
2016-02-23,11579.883134127203,-0.141647530846164
2016-02-24,11593.841556197067,-0.14061287048643645
2016-02-25,11675.958142337233,-0.13452602369744182
2016-02-26,11636.983087413719,-0.13741502820996676
2016-02-29,11619.74480977948,-0.1386928060597018
2016-03-01,11859.475393294028,-0.12092290839251685
2016-03-02,11920.70858506339,-0.11638403172678402
2016-03-03,11971.804914872762,-0.1125965443792376
2016-03-04,12020.52294615915,-0.10898534710180185
2016-03-07,12018.3414019105,-0.10914705286952919
2016-03-08,11879.126280880086,-0.11946629715687773
2016-03-09,11921.26779133653,-0.1163425808693137
2016-03-10,11982.747578784016,-0.11178542543455117
2016-03-11,12110.575835614894,-0.10231022619397745
2016-03-14,12088.754498463375,-0.10392772081005386
2016-03-15,12017.425082198064,-0.10921497456429874
2016-03-16,12164.651591893176,-0.09830189049790883
2016-03-17,12267.757678636517,-0.09065920851952924
2016-03-18,12273.529703305694,-0.09023136036515511
2016-03-21,12290.89256555081,-0.08894434774965199
2016-03-22,12287.414632937463,-0.0892021475919853
2016-03-23,12170.934661945912,-0.09783616138551932
2016-03-24,12169.323592938803,-0.0979555809896907
2016-03-28,12179.848623596077,-0.09717541888028514
2016-03-29,12353.17144833151,-0.08432795981276409
2016-03-30,12421.51556660901,-0.07926198963015085
2016-03-31,12426.198371839397,-0.07891487926767904
2016-04-01,12490.779657274277,-0.07412782700021792
2016-04-04,12456.152906710893,-0.07669451584332554
2016-04-05,12436.132773601938,-0.07817849720028902
2016-04-06,12393.83636031185,-0.08131369557521062
2016-04-07,12374.14405804392,-0.08277337665136819
2016-04-08,12320.790133783099,-0.08672820694610195
2016-04-11,12304.256002152122,-0.08795379036057849
2016-04-12,12271.558021616596,-0.09037751018606599
2016-04-13,12265.38870255075,-0.09083480756910789
2016-04-14,12242.35495706264,-0.09254217128639042
2016-04-15,12206.267346882076,-0.09521714554524618
2016-04-18,12196.335239827598,-0.09595335751866285
2016-04-19,12314.499908001502,-0.08719446647295814
2016-04-20,12286.09296161166,-0.08930011575217955
2016-04-21,12250.685080371497,-0.0919247054771336
2016-04-22,12179.152325405916,-0.09722703160071333
2016-04-25,12145.926483134595,-0.09968987888707781
2016-04-26,12176.699320114622,-0.09740885926894116
2016-04-27,12198.41408997713,-0.09579926389455773
2016-04-28,12132.339890534971,-0.10069697759180529
2016-04-29,12176.63168823851,-0.0974138724445649
2016-05-02,12150.30425000747,-0.09936537932510581
2016-05-03,12102.136624655746,-0.10293577806532117
2016-05-04,12053.954924558875,-0.1065072200882804
2016-05-05,12058.266723804025,-0.10618761034043567
2016-05-06,12110.01214891271,-0.10235200916078668
2016-05-09,11969.526153539395,-0.11276545630990675
2016-05-10,11986.422331180022,-0.11151303643406596
2016-05-11,12079.8776689496,-0.10458571091609825
2016-05-12,12004.818295677102,-0.11014944568227336
2016-05-13,12093.283334664175,-0.10359202331722739
2016-05-16,12034.310643923016,-0.10796334158736942
2016-05-17,12039.179451186848,-0.10760244392645701
2016-05-18,11920.5258478649,-0.11639757702112896
2016-05-19,11939.08902834133,-0.11502159147682456
2016-05-20,11984.361864269727,-0.11166576741067213
2016-05-23,11985.242983962578,-0.11160045489799664
2016-05-24,12146.686452659418,-0.09963354656398293
2016-05-25,12216.56937651017,-0.0944535132644928
2016-05-26,12253.526856143506,-0.09171406041082053
2016-05-27,12290.81629555917,-0.08895000122083885
2016-05-31,12290.561375531597,-0.08896889702769373
2016-06-01,12283.16487191165,-0.08951715879093869
2016-06-02,12287.664618293797,-0.08918361756492243
2016-06-03,12311.730372787206,-0.08739975674765821
2016-06-06,12354.357923131605,-0.08424001302068906
2016-06-07,12407.950758644885,-0.08026747356075203
2016-06-08,12454.454154248173,-0.07682043493542412
2016-06-09,12355.093438386935,-0.08418549335687198
2016-06-10,12195.064128624032,-0.09604757793760088
2016-06-13,12266.01713435666,-0.09078822540709042
2016-06-14,12267.780075584393,-0.09065754835808482
2016-06-15,12339.726189575105,-0.08532458222408712
2016-06-16,12285.898048119545,-0.08931456360759304
2016-06-17,12330.524585217683,-0.0860066460868123
2016-06-20,12233.61811211787,-0.09318978511323939
2016-06-21,12069.812132802748,-0.1053318132476102
2016-06-22,12078.068003539891,-0.10471985136939765
2016-06-23,11974.890146113723,-0.11236785331017274
2016-06-24,11916.381550132475,-0.11670477081145747
2016-06-27,12041.96970517385,-0.10739561788412422
2016-06-28,11982.957820496727,-0.11176984138321533
2016-06-29,11949.022049517727,-0.1142853117446232
2016-06-30,12017.012710697843,-0.10924554137497577
2016-07-01,12144.124195119166,-0.09982347249508328
2016-07-05,12181.141273723984,-0.0970796019004253
2016-07-06,12231.6636448692,-0.09333465892322046
2016-07-07,12209.852280287605,-0.09495141432803555
2016-07-08,12293.168726464168,-0.08877562857368604
2016-07-11,12181.215494482321,-0.09707410032753006
2016-07-12,11980.251034377015,-0.11197048041578717
2016-07-13,12106.354963809286,-0.10262309599537012
2016-07-14,12136.457083603835,-0.1003917929197573
2016-07-15,12096.25332335924,-0.10337187453850138
2016-07-18,12165.507161486834,-0.09823847187228518
2016-07-19,12109.207809830628,-0.10241163035291323
2016-07-20,12229.979697461928,-0.09345948059872589
2016-07-21,12175.582036626603,-0.09749167729305908
2016-07-22,12221.427157942326,-0.09409343288729
2016-07-25,12210.596763173911,-0.094896229943504
2016-07-26,12262.648044389636,-0.09103795734812126
2016-07-27,12341.044777001565,-0.08522684265623592
2016-07-28,12353.511368526404,-0.084302763415251
2016-07-29,12396.702785017722,-0.0811012234202303
2016-08-01,12404.10133740243,-0.08055280979342416
2016-08-02,12358.354346925522,-0.08394378030473149
2016-08-03,12355.309506476964,-0.08416947742852166
2016-08-04,12404.552304408473,-0.08051938211210297
2016-08-05,12436.632620560402,-0.07814144631937536
2016-08-08,12443.5912539197,-0.07762564144840156
2016-08-09,12498.59180490931,-0.07354875585293119
2016-08-10,12488.221332373821,-0.07431746142655615
2016-08-11,12523.800017015166,-0.07168021099341992
2016-08-12,12497.93451254509,-0.07359747728796218
2016-08-15,12570.871789129895,-0.06819104177175062
2016-08-16,12521.376325595114,-0.0718598657870626
2016-08-17,12513.677761160721,-0.0724305176420651
2016-08-18,12556.201960493456,-0.06927843475199935
2016-08-19,12519.651626329032,-0.07198770817169142
2016-08-22,12502.804172019658,-0.0732365164573976
2016-08-23,12547.378196257421,-0.06993249142351365
2016-08-24,12509.5510658873,-0.07273640665980019
2016-08-25,12476.87545272058,-0.07515846851637564
2016-08-26,12439.33164395846,-0.0779413826942772
2016-08-29,12478.45156771647,-0.07504163985906331
2016-08-30,12452.499156100468,-0.07696534809800415
2016-08-31,12444.108420843933,-0.07758730673455005
2016-09-01,12464.690268387465,-0.07606168860402918
2016-09-02,12438.956399330742,-0.07796919749594722
2016-09-06,12509.779253397535,-0.07271949238609199
2016-09-07,12534.641613530628,-0.07087658361386617
2016-09-08,12458.545108428758,-0.07651719520654021
2016-09-09,12187.689300101394,-0.09659423304617765
2016-09-12,12208.126346433044,-0.0950793482258564
2016-09-13,12093.847983808502,-0.10355016900992353
2016-09-14,12128.125829474295,-0.10100934255047544
2016-09-15,12164.81634154161,-0.09828967852082005
2016-09-16,12131.164846063797,-0.10078407711703496
2016-09-19,12128.639374191434,-0.10097127633073277
2016-09-20,12132.439216941648,-0.10068961507653329
2016-09-21,12259.707107622919,-0.09125595266863518
2016-09-22,12321.871613287087,-0.08664804287261041
2016-09-23,12251.38982450328,-0.09187246670592741
2016-09-26,12233.994531301525,-0.09316188324825647
2016-09-27,12267.165060490728,-0.0907031360136854
2016-09-28,12279.854984487742,-0.08976250237601857
2016-09-29,12247.941506304576,-0.09212807139606127
2016-09-30,12210.012522510551,-0.0949395364613822
2016-10-03,12186.672449206057,-0.09666960655959433
2016-10-04,12083.339659664582,-0.10432909275821423
2016-10-05,12142.653712955907,-0.09993247117676773
2016-10-06,12118.866554262571,-0.10169568123356065
2016-10-07,12076.085074080396,-0.10486683492510385
2016-10-10,12097.194487130635,-0.103302111291524
2016-10-11,12016.478761266171,-0.10928512008296187
2016-10-12,12019.100965878815,-0.10909075060808737
2016-10-13,11974.457249730347,-0.11239994151652644
2016-10-14,11972.158855107533,-0.11257030875397878
2016-10-17,11990.47218379046,-0.11121284333646608
2016-10-18,12044.275678552583,-0.10722468887555703
2016-10-19,12062.945796141195,-0.10584077667662062
2016-10-20,12048.672231513401,-0.10689879680514736
2016-10-21,12062.51102165605,-0.10587300409623501
2016-10-24,12063.372789659934,-0.10580912601686199
2016-10-25,12083.133080354097,-0.10434440533599909
2016-10-26,12026.724122163718,-0.10852568834069642
2016-10-27,12008.307270433272,-0.1098908273471757
2016-10-28,12042.745694524017,-0.10733809810028538
2016-10-31,12069.149971826768,-0.10538089556581032
2016-11-01,12078.626585480995,-0.10467844679019611
2016-11-02,12123.31363840628,-0.10136604356700785
2016-11-03,12146.252340108766,-0.09966572491806702
2016-11-04,12165.629386334393,-0.09822941202267543
2016-11-07,12021.919285316584,-0.10888184422965042
2016-11-08,11999.0025508349,-0.11058053457042982
2016-11-09,11978.079445521727,-0.1121314482454564
2016-11-10,11841.675762531679,-0.12224229623416627
2016-11-11,11766.616245206043,-0.12780604167820098
2016-11-14,11654.50966159814,-0.1361158805369933
2016-11-15,11705.61785227027,-0.1323275140095176
2016-11-16,11730.851482602837,-0.13045708503792974
2016-11-17,11772.828380273962,-0.12734557058255136
2016-11-18,11739.189054677314,-0.12983906709301762
2016-11-21,11826.442902710458,-0.12337142359135744
2016-11-22,11846.64204488956,-0.12187417328551231
2016-11-23,11802.018591261487,-0.12518186224577021
2016-11-25,11824.210997724338,-0.12353686232105465
2016-11-28,11818.827693503994,-0.12393589678592942
2016-11-29,11834.100043270677,-0.1228038422582477
2016-11-30,11725.306826291566,-0.13086807963781155
2016-12-01,11538.089840338991,-0.14474543576469134
2016-12-02,11568.384505984874,-0.14249986033373574
2016-12-05,11627.299061951755,-0.13813285127176678
2016-12-06,11677.109138323125,-0.1344407067529586
2016-12-07,11785.190151025537,-0.1264292611237403
2016-12-08,11796.72853299446,-0.12557398490563432
2016-12-09,11815.807046344118,-0.1241598005955008
2016-12-12,11764.378122821661,-0.12797194126912526
2016-12-13,11870.037788310836,-0.12013997667050869
2016-12-14,11736.404539595145,-0.13004546774218584
2016-12-15,11749.132412965273,-0.12910202112810654
2016-12-16,11698.032201682661,-0.13288979618772234
2016-12-19,11728.924168756539,-0.13059994611689252
2016-12-20,11767.283651289948,-0.12775657056926037
2016-12-21,11741.420640270664,-0.12967365203813375
2016-12-22,11700.229340158347,-0.13272693450649176
2016-12-23,11716.974618013539,-0.13148569999426152
2016-12-27,11750.33319353344,-0.12901301392884024
2016-12-28,11696.822254003844,-0.13297948289402406
2016-12-29,11723.64988313071,-0.13099089963840171
2016-12-30,11712.948716573614,-0.1317841177245187
2017-01-03,11737.83444869588,-0.12993947651644855
2017-01-04,11777.369199890052,-0.1270089848256567
2017-01-05,11922.740629190708,-0.11623340757333533
2017-01-06,11831.538321728343,-0.12299372845879719
2017-01-09,11881.539741706218,-0.11928740070038324
2017-01-10,11909.261202197365,-0.11723256268643112
2017-01-11,11956.283342809224,-0.11374707237261805
2017-01-12,11979.058663292755,-0.11205886426668343
2017-01-13,11999.581601487984,-0.11053761275920926
2017-01-17,12105.592381486176,-0.10267962199070124
2017-01-18,12007.342606192446,-0.10996233255352594
2017-01-19,11989.686817379023,-0.11127105818981475
2017-01-20,12031.876125219695,-0.1081437989474302
2017-01-23,12085.53472260455,-0.10416638492492725
2017-01-24,12091.86092106514,-0.10369745894302329
2017-01-25,12132.082456248778,-0.10071605976669762
2017-01-26,12075.827094182485,-0.10488595754316477
2017-01-27,12085.466830544196,-0.10417141738656499
2017-01-30,11996.365358405754,-0.1107760150089604
2017-01-31,12001.372489366351,-0.1104048641800941
2017-02-01,12027.69617305856,-0.10845363560267929
2017-02-02,12051.180145680742,-0.10671289904667869
2017-02-03,12130.119722144533,-0.10086154635280198
2017-02-06,12120.833725573839,-0.10154986574192593
2017-02-07,12136.845870223964,-0.10036297432534691
2017-02-08,12179.400256199056,-0.09720865386701716
2017-02-09,12179.385237472756,-0.09720976712184481
2017-02-10,12210.921799322437,-0.09487213681774276
2017-02-13,12176.075099120022,-0.09745512930688593
2017-02-14,12202.28546041827,-0.09551230068960381
2017-02-15,12256.311973913627,-0.0915076150877393
2017-02-16,12288.113773007439,-0.08915032421877878
2017-02-17,12295.202053430363,-0.08862490933051104
2017-02-21,12348.72616948788,-0.08465746366244131
2017-02-22,12362.055897647664,-0.08366940489305874
2017-02-23,12367.98410018231,-0.08322998014029404
2017-02-24,12339.988802942986,-0.08530511615261283
2017-02-27,12325.404676461592,-0.08638615650774928
2017-02-28,12273.49607582689,-0.0902338529835286
2017-03-01,12367.797904778316,-0.08324378177222014
2017-03-02,12261.568996668368,-0.09111794116705607
2017-03-03,12278.497007700782,-0.08986316165855524
2017-03-06,12245.713280415564,-0.09229323741470874
2017-03-07,12240.679851104938,-0.09266633759430842
2017-03-08,12231.870406045642,-0.0933193328647216
2017-03-09,12219.723193537866,-0.09421973831170383
2017-03-10,12275.905045822214,-0.09005528940739804
2017-03-13,12303.380150847179,-0.08801871235689762
2017-03-14,12249.841470748739,-0.09198723757649141
2017-03-15,12384.311024600327,-0.08201975584652799
2017-03-16,12443.594329466698,-0.07762541347517171
2017-03-17,12448.729929573587,-0.07724473994148606
2017-03-20,12460.463012596827,-0.07637503161480141
2017-03-21,12330.354040677224,-0.08601928760708577
2017-03-22,12364.59709802754,-0.08348103981239119
2017-03-23,12362.235062070527,-0.08365612442874248
2017-03-24,12392.884945732889,-0.08138421865766154
2017-03-27,12442.08412946439,-0.07773735621983346
2017-03-28,12402.302573569874,-0.08068614217331216
2017-03-29,12440.039676153716,-0.07788890019717432
2017-03-30,12344.672641279005,-0.08495792921175405
2017-03-31,12356.663164417885,-0.0840691382780725
2017-04-03,12448.037281936415,-0.07729608206668148
2017-04-04,12414.922808353595,-0.07975067421025628
2017-04-05,12433.443975367516,-0.0783778028907558
2017-04-06,12403.15466134313,-0.08062298163571113
2017-04-07,12382.983680043351,-0.08211814453186284
2017-04-10,12391.571486556659,-0.08148157809678469
2017-04-11,12450.961557693585,-0.07707932173433785
2017-04-12,12528.208192626142,-0.07135345740045884
2017-04-13,12578.854199811301,-0.06759934996978478
2017-04-17,12541.14227582191,-0.07039472559645554
2017-04-18,12634.627662163399,-0.06346517274461971
2017-04-19,12544.69874674734,-0.07013110414492996
2017-04-20,12527.690800728444,-0.07139180879034468
2017-04-21,12549.360061819463,-0.06978558672862112
2017-04-24,12475.185772263398,-0.0752837151510527
2017-04-25,12475.663558386059,-0.07524829951746093
2017-04-26,12440.263664122713,-0.07787229721215083
2017-04-27,12470.903450860775,-0.07560113987003103
2017-04-28,12480.963131294282,-0.07485547159005057
2017-05-01,12561.156877333693,-0.06891115426609051
2017-05-02,12608.039788962027,-0.06543598422411456
2017-05-03,12577.158799741952,-0.06772502056756835
2017-05-04,12608.429267407488,-0.06540711434853197
2017-05-05,12696.686172571632,-0.058865119788650944
2017-05-08,12682.979453402859,-0.05988112280925484
2017-05-09,12699.516914007907,-0.05865529263640601
2017-05-10,12737.891253158197,-0.05581081585021763
2017-05-11,12722.552823461925,-0.056947768516340536
2017-05-12,12766.758010722258,-0.05367108332057291
2017-05-15,12851.173859846114,-0.047413804927353476
2017-05-16,12913.945640903763,-0.04276088117674803
2017-05-17,12638.868123011222,-0.0631508509162455
2017-05-18,12627.443346766046,-0.06399770617255429
2017-05-19,12686.674887397594,-0.059607200796637394
2017-05-22,12701.082607859867,-0.05853923644065662
2017-05-23,12659.004335688503,-0.06165826522511586
2017-05-24,12711.79160749884,-0.05774543773165319
2017-05-25,12727.525835104903,-0.05657914676312947
2017-05-26,12796.114801968362,-0.051495027313732455
2017-05-30,12790.488732786764,-0.051912056597855694
2017-05-31,12815.52724465109,-0.05005609067542394
2017-06-01,12832.502809862759,-0.048797786239537566
2017-06-02,12953.165739254418,-0.039853712954943776
2017-06-05,12915.362004332634,-0.042655894016488394
2017-06-06,12917.87091339896,-0.04246992251167958
2017-06-07,12908.733758854292,-0.04314720906747749
2017-06-08,12906.046115953857,-0.04334642911944797
2017-06-09,12661.860190014364,-0.061446576593740865
2017-06-12,12652.941347181717,-0.06210768091394214
2017-06-13,12658.274387902167,-0.06171237220335546
2017-06-14,12701.73440414689,-0.05849092239932552
2017-06-15,12662.340107727605,-0.061411002957169614
2017-06-16,12690.702527280304,-0.059308654205264766
2017-06-19,12686.012100665477,-0.05965632949866706
2017-06-20,12735.659636164628,-0.05597623323262546
2017-06-21,12754.749235964486,-0.05456122714546763
2017-06-22,12777.829781613673,-0.05285039439198225
2017-06-23,12777.091361038854,-0.05290512941100867
2017-06-26,12813.235022196104,-0.05022600040433034
2017-06-27,12713.52636918266,-0.057616849475843335
2017-06-28,12705.363221285525,-0.0582219383245316
2017-06-29,12584.853551438073,-0.06715465132969356
2017-06-30,12564.58554579736,-0.06865700610176029
2017-07-03,12505.122209705483,-0.0730646931887019
2017-07-05,12501.321066537956,-0.07334645083561975
2017-07-06,12437.337585022127,-0.0780891912163334
2017-07-07,12423.852273006945,-0.07908878255343665
2017-07-10,12456.65025164219,-0.07665765042379968
2017-07-11,12494.048126018728,-0.07388555355197524
2017-07-12,12604.084283471522,-0.06572918389333404
2017-07-13,12640.254718537031,-0.06304807028542991
2017-07-14,12740.921516695591,-0.05558619923195118
2017-07-17,12730.922968094175,-0.056327336148496276
2017-07-18,12777.292037195914,-0.05289025440122508
2017-07-19,12848.470175695687,-0.04761421402815791
2017-07-20,12871.712930168882,-0.045891357634797125
2017-07-21,12858.329087985025,-0.04688342757645503
2017-07-24,12887.442868846205,-0.04472538458075759
2017-07-25,12875.525796754524,-0.045608730995958635
2017-07-26,12922.413345118708,-0.04213321725848773
2017-07-27,12864.841997744863,-0.04640066172217294
2017-07-28,12898.935351768903,-0.04387351060421163
2017-07-31,12897.343460515507,-0.043991508667935664
2017-08-01,12918.944668010461,-0.04239033104159551
2017-08-02,12905.44862633101,-0.04339071770916203
2017-08-03,12918.074681224049,-0.04245481833370357
2017-08-04,12852.299673376237,-0.047330354618555504
2017-08-07,12855.427872180566,-0.04709847860248528
2017-08-08,12840.02640151417,-0.04824010414585045
2017-08-09,12866.97123570389,-0.04624283312939892
2017-08-10,12892.677411528995,-0.044337376983045074
2017-08-11,12929.332162573455,-0.0416203637195427
2017-08-14,12849.967402509275,-0.047503232913975624
2017-08-15,12778.188446352637,-0.052823808565448216
2017-08-16,12822.359092749495,-0.04954968369219048
2017-08-17,12756.953860077316,-0.05439781059550031
2017-08-18,12745.921964928591,-0.05521554375659299
2017-08-21,12785.622431201511,-0.05227276852672125
2017-08-22,12736.463628917167,-0.05591663771198596
2017-08-23,12790.314490608524,-0.051924972203496234
2017-08-24,12747.652648313917,-0.05508725780241619
2017-08-25,12795.640292320038,-0.05153020008046583
2017-08-28,12866.884805312257,-0.046249239734647785
2017-08-29,12865.443701863098,-0.04635606073530596
2017-08-30,12899.050752785353,-0.04386495656733014
2017-08-31,13003.596899291197,-0.03611553095099185
2017-09-01,12997.898132751421,-0.03653794888681117
2017-09-05,13077.140103375556,-0.03066418139209559
2017-09-06,13034.765305519273,-0.033805189979880135
2017-09-07,13142.952573180628,-0.0257858682602633
2017-09-08,13098.938117135416,-0.029048415609599587
2017-09-11,12969.64619542601,-0.038632108204376125
2017-09-12,12997.06606125392,-0.03659962572897968
2017-09-13,12933.199102078761,-0.041333728955270765
2017-09-14,12944.648765825497,-0.04048502892659522
2017-09-15,12959.173255486678,-0.03940840911796073
2017-09-18,12978.839160883359,-0.037950684695368
2017-09-19,13017.248426312695,-0.03510361901795256
2017-09-20,12984.342552348855,-0.03754274882948638
2017-09-21,12950.503422323158,-0.04005105573337675
2017-09-22,12964.931160354505,-0.0389816075860967
2017-09-25,12855.013502897153,-0.047129193497742916
2017-09-26,12832.760358726875,-0.048778695571619735
2017-09-27,12860.185853083158,-0.046745795884652885
2017-09-28,12869.708953239031,-0.046039901322668664
2017-09-29,12905.170973739405,-0.043411298554824396
2017-10-02,12918.278729490858,-0.04243969336813935
2017-10-03,12957.797228093636,-0.039510406391746744
2017-10-04,12951.487255918366,-0.039978129609174795
2017-10-05,13006.068388038197,-0.03593233320677447
2017-10-06,13025.15575561059,-0.034517492582249676
2017-10-09,13042.613297358095,-0.03322346190069947
2017-10-10,13070.374906525181,-0.031165647888222625
2017-10-11,13116.934544450614,-0.027714440331695234
2017-10-12,13124.962662760408,-0.027119360476911325
2017-10-13,13192.235179234305,-0.022132822188680623
2017-10-16,13210.532691763456,-0.020776529134868826
2017-10-17,13191.762820861204,-0.02216783549332113
2017-10-18,13214.31047459201,-0.020496503060230764
2017-10-19,13180.238979966527,-0.023022033862295288
2017-10-20,13209.267171808488,-0.02087033510557923
2017-10-23,13172.884274521275,-0.023567197358827174
2017-10-24,13191.36922990892,-0.022197010206210455
2017-10-25,13147.764515437198,-0.02542918568674235
2017-10-26,13170.999079558716,-0.023706936398695366
2017-10-27,13391.256510650814,-0.0073804754458894894
2017-10-30,13429.925305784125,-0.004514172271890882
2017-10-31,13471.91459864174,-0.0014017390301305221
2017-11-01,13477.69500588309,-0.0009732695222038901
2017-11-02,13495.595900540007,0.0
2017-11-03,13558.163261758797,0.0
2017-11-06,13608.828226587508,0.0
2017-11-07,13606.911741050306,-0.00014082663880332635
2017-11-08,13642.306236693785,0.0
2017-11-09,13549.529119930043,-0.006800691551271498
2017-11-10,13470.758920835982,-0.012574656577961196
2017-11-13,13468.509080674861,-0.012739572987407355
2017-11-14,13488.99535280909,-0.011237900778999776
2017-11-15,13522.683951832949,-0.00876847966798222
2017-11-16,13472.761522894154,-0.012427863064941702
2017-11-17,13505.354954009777,-0.010038719283081976
2017-11-20,13443.171353730619,-0.014596863573370866
2017-11-21,13559.174740800312,-0.006093654141106519
2017-11-22,13569.854204950656,-0.005310834582224366
2017-11-24,13578.434075959209,-0.00468191811753782
2017-11-27,13553.055828435738,-0.006542178918252817
2017-11-28,13573.697244480787,-0.005029134445645234
2017-11-29,13325.699867135187,-0.02320768674045892
2017-11-30,13278.615959430903,-0.026659002587455682
2017-12-01,13313.450043389214,-0.024105615839354555
2017-12-04,13299.233843945816,-0.02514768300869874
2017-12-05,13302.986354574206,-0.024872618766386245
2017-12-06,13328.932331020625,-0.022970742646890252
2017-12-07,13263.062954496345,-0.027799059456485975
2017-12-08,13274.853955532943,-0.026934762699616255
2017-12-11,13269.146480623343,-0.027353128539715055
2017-12-12,13263.318557660821,-0.02778032338942793
2017-12-13,13317.490753294785,-0.023809426189637994
2017-12-14,13319.911428266223,-0.02363198735125993
2017-12-15,13343.638422608721,-0.02189276570274723
2017-12-18,13328.258079375073,-0.02302016622922709
2017-12-19,13221.92540338051,-0.030814499104452997
2017-12-20,13208.603111939778,-0.03179104157532198
2017-12-21,13212.457139693379,-0.031508535986696895
2017-12-22,13218.536074792797,-0.03106294159862577
2017-12-26,13172.83053715858,-0.034413221004558125
2017-12-27,13213.42846235733,-0.031437336685999684
2017-12-28,13266.106586215983,-0.027575957023009412
2017-12-29,13324.737132992086,-0.023278256490646076
2018-01-02,13479.189543870018,-0.01195668019715257
2018-01-03,13497.800137463744,-0.01059249783158811
2018-01-04,13580.861290230065,-0.0045039999394275165
2018-01-05,13609.813565607012,-0.0023817579317620963
2018-01-08,13609.680805171061,-0.002391489456157414
2018-01-09,13579.629991088095,-0.004594255877141129
2018-01-10,13564.115432428502,-0.005731494580804242
2018-01-11,13627.479362259317,-0.0010868304945822471
2018-01-12,13751.554184279288,0.0
2018-01-16,13733.37683932529,-0.0013218393143357154
2018-01-17,13805.928310012801,0.0
2018-01-18,13814.349623320155,0.0
2018-01-19,13856.02678536187,0.0
2018-01-22,13950.90910936523,0.0
2018-01-23,14021.695797463659,0.0
2018-01-24,13970.89118344787,-0.0036232859954770102
2018-01-25,13912.447565517296,-0.0077913708530266135
2018-01-26,14045.591206024794,0.0
2018-01-29,13912.022116511269,-0.009509680835380618
2018-01-30,13778.65428397704,-0.01900503283430688
2018-01-31,13848.374466865536,-0.01404118461561532
2018-02-01,13844.030321145372,-0.014350473534568087
2018-02-02,13504.95020793381,-0.03849186482510447
2018-02-05,13547.15780176084,-0.03548682265863978
2018-02-06,13456.404604902138,-0.04194815244729089
2018-02-07,13416.240839262868,-0.04480768075408381
2018-02-08,13408.088033328493,-0.04538813378128548
2018-02-09,13374.573720930639,-0.047774242839014436
2018-02-12,13380.802383000022,-0.04733078254047529
2018-02-13,13410.122402634037,-0.04524329336298605
2018-02-14,13459.361379561215,-0.04173763979490719
2018-02-15,13472.951840530426,-0.040770043574152814
2018-02-16,13450.734876826105,-0.042351818479775205
2018-02-20,13337.270930056231,-0.050430079131502326
2018-02-21,13288.303403739255,-0.05391640630696293
2018-02-22,13311.217732292462,-0.05228498131266457
2018-02-23,13517.45176689488,-0.03760179485384507
2018-02-26,13660.482835457411,-0.027418452161856455
2018-02-27,13492.37356293671,-0.039387280675717284
2018-02-28,13376.016372163887,-0.04767153080560216
2018-03-01,13190.163332723358,-0.06090365729386349
2018-03-02,13255.706310430094,-0.056237212375644385
2018-03-05,13337.85862394109,-0.05038823725555419
2018-03-06,13366.610515841914,-0.04834119690822514
2018-03-07,13414.976709875942,-0.04489768261789884
2018-03-08,13457.554905028639,-0.0418662548532609
2018-03-09,13597.193964424207,-0.03192441208229446
2018-03-12,13641.366712460154,-0.028779457385264773
2018-03-13,13548.12422496501,-0.03541801649804521
2018-03-14,13585.753474624813,-0.03273893741138756
2018-03-15,13586.920459593355,-0.032655851911359446
2018-03-16,13555.539790923895,-0.03489005253767419
2018-03-19,13370.397644703637,-0.0480715657616132
2018-03-20,13379.902677646292,-0.04739483860906879
2018-03-21,13366.215242435881,-0.04836933907755325
2018-03-22,13281.311927216115,-0.054414176491256905
2018-03-23,13277.540615841215,-0.05468268148471578
2018-03-26,13278.332514115065,-0.05462630092641574
2018-03-27,13273.017296168691,-0.055004727001075615
2018-03-28,13238.443934574674,-0.057466236886055566
2018-03-29,13287.607367190916,-0.05396596182499913
2018-04-02,13307.031873109594,-0.05258300074961586
2018-04-03,13245.999035324892,-0.05692833850645751
2018-04-04,13241.577355428386,-0.05724314760431937
2018-04-05,13183.025886932675,-0.06141182001097434
2018-04-06,13223.043868542758,-0.05856267104863533
2018-04-09,13244.025529946737,-0.05706884561286596
2018-04-10,13224.30909225859,-0.05847259127219351
2018-04-11,13232.190146168283,-0.05791148609733188
2018-04-12,13213.7227979074,-0.05922630068861523
2018-04-13,13219.655473383942,-0.05880391366413751
2018-04-16,13274.72352446214,-0.05488324914596643
2018-04-17,13456.265899197631,-0.04195802783825675
2018-04-18,13456.945312220343,-0.041909655860691286
2018-04-19,13334.81685555745,-0.05060480118220012
2018-04-20,13191.837346929491,-0.06078447297605305
2018-04-23,13137.422418584492,-0.06465863729899435
2018-04-24,13052.177568790084,-0.07072779085358749
2018-04-25,13023.141335153106,-0.07279507539939734
2018-04-26,13192.209518952966,-0.060757975549350585
2018-04-27,13197.127895588648,-0.060407803273685
2018-04-30,13170.625429470827,-0.06229469188727732
2018-05-01,13133.91988784018,-0.06490800599362145
2018-05-02,13132.479470859322,-0.06501055895559571
2018-05-03,13153.865134593296,-0.06348796987975813
2018-05-04,13167.794776221644,-0.06249622510917319
2018-05-07,13185.211387174842,-0.0612562195659585
2018-05-08,13208.953462068537,-0.05956586174865919
2018-05-09,13298.40027967336,-0.053197541875697585
2018-05-10,13422.162793110976,-0.04438605707436516
2018-05-11,13407.499552939185,-0.04543003165376913
2018-05-14,13387.026192781332,-0.04688766770892305
2018-05-15,13260.774379792785,-0.05587638246906723
2018-05-16,13307.332694620689,-0.05256158324524152
2018-05-17,13255.358346491674,-0.05626198626613543
2018-05-18,13197.69871108717,-0.0603671630834538
2018-05-21,13294.202793006807,-0.05349638915132904
2018-05-22,13274.393854085545,-0.0549067205948901
2018-05-23,13294.398303266456,-0.053482469462454274
2018-05-24,13281.475217571982,-0.05440255075379441
2018-05-25,13299.10612850211,-0.053147287755497485
2018-05-29,13414.81593901371,-0.04490912897568278
2018-05-30,13346.81715395483,-0.04975041931807245
2018-05-31,13332.754200715071,-0.050751655437896726
2018-06-01,13295.004868523201,-0.05343928400675879
2018-06-04,13302.74326767323,-0.05288833538263049
2018-06-05,13358.833317375349,-0.04889490791636186
2018-06-06,13361.432661595567,-0.04870984313823401
2018-06-07,13318.871183040948,-0.051740080735948046
2018-06-08,13304.163447747436,-0.05278722322199758
2018-06-11,13293.518842547903,-0.05354508417946069
2018-06-12,13345.14359504722,-0.04986957122012203
2018-06-13,13325.917780824968,-0.05123838609877274
2018-06-14,13380.553863868465,-0.04734847628706895
2018-06-15,13317.469298127227,-0.051839890341194184
2018-06-18,13318.004319578342,-0.05180179856967193
2018-06-19,13260.930876890696,-0.05586524038927754
2018-06-20,13227.08795360578,-0.05827474546375233
2018-06-21,13222.46533589836,-0.058603860674327324
2018-06-22,13230.075720222132,-0.058062026285717994
2018-06-25,13249.169664200786,-0.05670260013564865
2018-06-26,13268.802608813883,-0.055304798909262765
2018-06-27,13339.882813481998,-0.050244121603089664
2018-06-28,13335.932412565136,-0.05052537718421224
2018-06-29,13309.067061535832,-0.05243810201261112
2018-07-02,13304.143446184182,-0.052788647267661526
2018-07-03,13347.864774639425,-0.049675832163339706
2018-07-05,13373.109896184666,-0.04787846235704696
2018-07-06,13401.475400404848,-0.04585893154455867
2018-07-09,13348.504434520471,-0.04963029047900169
2018-07-10,13342.521403637102,-0.05005626264319252
2018-07-11,13290.833563389826,-0.05373626724314873
2018-07-12,13339.912009919564,-0.050242042912549745
2018-07-13,13342.523748119005,-0.050056095723774896
2018-07-16,13298.96332759601,-0.05315745471137745
2018-07-17,13376.12999563727,-0.047663441187179245
2018-07-18,13374.555317584201,-0.04777555309688597
2018-07-19,13361.127135384308,-0.0487315956018205
2018-07-20,13364.852739923404,-0.04846634478507317
2018-07-23,13384.294198934294,-0.047082176705159906
2018-07-24,13411.829704442973,-0.045121739077097156
2018-07-25,13579.579825751236,-0.033178480950923905
2018-07-26,13525.94986637233,-0.03699675805953728
2018-07-27,13377.236856287713,-0.047584636341287845
2018-07-30,13290.325012037443,-0.05377247443050903
2018-07-31,13308.051313040716,-0.05251041997204886
2018-08-01,13263.037157972229,-0.05571528008852289
2018-08-02,13224.719436385614,-0.05844337611698891
2018-08-03,13260.661287767247,-0.055884434250147774
2018-08-06,13263.269561072919,-0.055698733750438434
2018-08-07,13321.449360582195,-0.05155652295589952
2018-08-08,13335.04899209461,-0.05058827382256437
2018-08-09,13334.089325801902,-0.05065659891323737
2018-08-10,13304.739927080409,-0.0527461797853408
2018-08-13,13291.754576674137,-0.053670694119824724
2018-08-14,13292.433105938624,-0.05362238506294459
2018-08-15,13241.42057945303,-0.05725430953926802
2018-08-16,13289.827421122991,-0.05380790127065793
2018-08-17,13323.451341884747,-0.051413988457124415
2018-08-20,13351.70439872758,-0.049402463528881224
2018-08-21,13329.816227163288,-0.05096082951314129
2018-08-22,13372.293630312472,-0.04793657780838123
2018-08-23,13396.98760333213,-0.04617844796838799
2018-08-24,13441.733591166378,-0.04299268047893878
2018-08-27,13429.123998206338,-0.043890442116386263
2018-08-28,13441.061945775455,-0.043040499426612144
2018-08-29,13545.9121520082,-0.03557550883313887
2018-08-30,13456.661719194502,-0.04192984675345479
2018-08-31,13484.934531755673,-0.03991691528289887
2018-09-04,13445.00529105791,-0.04275974618350453
2018-09-05,13310.644255334308,-0.052325810990087374
2018-09-06,13276.737679795076,-0.054739847896179805
2018-09-07,13237.165974510432,-0.05755722344870695
2018-09-10,13265.717873635967,-0.05552442193065554
2018-09-11,13311.234874459515,-0.05228376084662645
2018-09-12,13340.355879237124,-0.05021044087379978
2018-09-13,13419.373529412416,-0.04458464349608615
2018-09-14,13410.066954219576,-0.04524724110812883
2018-09-17,13298.379829830663,-0.053198997837386686
2018-09-18,13282.983491860152,-0.05429516657422895
2018-09-19,13288.168742730431,-0.05392599372886986
2018-09-20,13377.002999928973,-0.047601286146576216
2018-09-21,13346.569494282236,-0.04976805187400846
2018-09-24,13312.057859015918,-0.0522251670470254
2018-09-25,13351.971131445822,-0.04938347303468771
2018-09-26,13333.52702341134,-0.05069663299811955
2018-09-27,13349.434391449366,-0.04956408059753403
2018-09-28,13308.081178623475,-0.052508293640567194
2018-10-01,13339.282443986805,-0.050286865940895376
2018-10-02,13276.835679148677,-0.05473287066381105
2018-10-03,13253.038276782641,-0.056427167615571094
2018-10-04,13049.201635277019,-0.0709396675535009
2018-10-05,12996.34388508284,-0.07470296590234549
2018-10-08,12909.493655364755,-0.08088641723907752
2018-10-09,12933.407885939103,-0.07918380250228452
2018-10-10,12936.403449882398,-0.07897052818016048
2018-10-11,13073.697378611974,-0.06919565101652181
2018-10-12,13032.375357930972,-0.0721376432812032
2018-10-15,13085.210034094642,-0.06837598772760811
2018-10-16,13074.082613540135,-0.06916822355387464
2018-10-17,13062.693703141547,-0.06997907659890013
2018-10-18,13068.048203089531,-0.06959785377463856
2018-10-19,13070.513417284046,-0.06942233861416192
2018-10-22,13047.044092850163,-0.07109327749381655
2018-10-23,13101.336017137068,-0.06722787065614522
2018-10-24,13149.65123509066,-0.06378798569545618
2018-10-25,13110.072432359239,-0.0666058665629019
2018-10-26,13157.159747241405,-0.06325340427124915
2018-10-29,13116.808523101141,-0.06612627900812429
2018-10-30,13072.475815613963,-0.06928262229313753
2018-10-31,13022.291105300788,-0.0728556089746557
2018-11-01,13086.681032381699,-0.06827125747699214
2018-11-02,13067.006007430857,-0.06967205468532911
2018-11-05,13053.947507781839,-0.07060177700584036
2018-11-06,13058.370233976988,-0.07028689341494876
2018-11-07,13117.960347719718,-0.0660442728752616
2018-11-08,13009.204834769364,-0.0737873084908578
2018-11-09,12880.054378812896,-0.08298239711774791
2018-11-12,12553.076924192073,-0.10626211883430814
2018-11-13,12565.227928197424,-0.1053970072254683
2018-11-14,12586.774311372612,-0.1038629754528545
2018-11-15,12667.842136849491,-0.09809121232179419
2018-11-16,12686.330327061994,-0.09677491385195314
2018-11-19,12664.513164596367,-0.09832822422142118
2018-11-20,12659.11605475715,-0.09871248073010419
2018-11-21,12657.580944797523,-0.09882177552140992
2018-11-23,12661.393216634286,-0.0985503542774876
2018-11-26,12639.524673185182,-0.10010732280436052
2018-11-27,12642.393503151377,-0.09990307152549915
2018-11-28,12609.23762127912,-0.10226366150607857
2018-11-29,12629.46252948382,-0.10082371441463645
2018-11-30,12607.894448432424,-0.10235929100482977
2018-12-03,12722.70573090387,-0.09418510447274575
2018-12-04,12416.885077061084,-0.11595853140486412
2018-12-06,12442.067446034422,-0.1141656293757537
2018-12-07,12482.340745709811,-0.11129830260505047
2018-12-10,12499.73913785647,-0.11005959418107214
2018-12-11,12497.401070116302,-0.11022605693125986
2018-12-12,12482.495170286666,-0.11128730808195852
2018-12-13,12464.234532289373,-0.11258740558084201
2018-12-14,12469.381176126119,-0.11222098142957249
2018-12-17,12539.510252436097,-0.10722802134115006
2018-12-18,12595.292019580533,-0.1032565425812878
2018-12-19,12678.993410570676,-0.09729727822833989
2018-12-20,12681.044847546353,-0.0971512226479384
2018-12-21,12663.385395848512,-0.0984085176552334
2018-12-24,12736.846347519657,-0.0931783389754186
2018-12-26,12643.543456600528,-0.09982119861375882
2018-12-27,12685.840720697532,-0.09680977221834586
2018-12-28,12751.353864354742,-0.09214545138654573
2018-12-31,12782.31418444592,-0.08994117819953329
2019-01-02,12820.07390066692,-0.08725281032187482
2019-01-03,12952.677022322681,-0.07781190322791909
2019-01-04,12825.602218712334,-0.08685921221950066
2019-01-07,12832.658263907379,-0.08635684495766427
2019-01-08,12813.77209632021,-0.08770147811052631
2019-01-09,12933.710994710864,-0.07916222215245694
2019-01-10,12945.92398256308,-0.07829269749713474
2019-01-11,12912.683015499562,-0.08065934526410501
2019-01-14,12802.30765752731,-0.0885177085293628
2019-01-15,12902.270120743045,-0.081400709198437
2019-01-16,12944.766603874412,-0.07837509906156093
2019-01-17,13012.684118788884,-0.07353959488674633
2019-01-18,13170.74600165594,-0.06228610754338293
2019-01-22,12956.105760182898,-0.07756778834447109
2019-01-23,13000.603460200806,-0.07439969813273117
2019-01-24,13097.057195466161,-0.06753250871716698
2019-01-25,13283.410605348668,-0.054264757495518734
2019-01-28,13145.663548193632,-0.06407189591600404
2019-01-29,13088.194035376613,-0.06816353662902486
2019-01-30,13275.746786137464,-0.05481039627275408
2019-01-31,13299.279110123325,-0.05313497203174622
2019-02-01,13342.500621446425,-0.05005774226696713
2019-02-04,13475.672036731248,-0.04057637453160967
2019-02-05,13581.101593028221,-0.033070136114835225
2019-02-06,13572.349816352187,-0.03369323389318146
2019-02-07,13455.494725955165,-0.042012932842336315
2019-02-08,13511.640477108522,-0.03801553961553683
2019-02-11,13491.621396727018,-0.039440832441439255
2019-02-12,13609.120051257194,-0.03107531383800899
2019-02-13,13608.610637887872,-0.031111582398146487
2019-02-14,13642.577291211279,-0.028693268150979945
2019-02-15,13723.791881021052,-0.022911055881058795
2019-02-19,13750.444322616415,-0.021013489505644856
2019-02-20,13762.831360194641,-0.020131573081015208
2019-02-21,13722.332060791527,-0.023014990290661896
2019-02-22,13856.16747656512,-0.013486347899575812
2019-02-25,13895.170376486905,-0.0107094694222174
2019-02-26,13922.630295600306,-0.008754413297444197
2019-02-27,13898.272913422663,-0.010488578974086837
2019-02-28,13843.867319108298,-0.014362078744678763
2019-03-01,13924.80151019488,-0.008599829943655268
2019-03-04,13863.516875665335,-0.012963094802400321
2019-03-05,13853.941701776435,-0.013644815760133433
2019-03-06,13789.656047238741,-0.018221743394914558
2019-03-07,13627.663742891405,-0.029755063849083108
2019-03-08,13638.585314293561,-0.028977483806922222
2019-03-11,13690.171653265406,-0.025304705764676694
2019-03-12,13753.077356862992,-0.020826026108201834
2019-03-13,13797.335768420053,-0.017674972449593485
2019-03-14,13781.48261108791,-0.018803665225825217
2019-03-15,13883.199132989077,-0.011561782672847465
2019-03-18,13919.287314587797,-0.008992422574766401
2019-03-19,13940.82501332455,-0.007459009105669101
2019-03-20,13970.413513601085,-0.005352404987513992
2019-03-21,14159.798023556425,0.0
2019-03-22,13970.122822464042,-0.013395332389405268
2019-03-25,13952.118834409526,-0.014666818608669474
2019-03-26,13973.609788594544,-0.013149074206576628
2019-03-27,13972.390851546292,-0.013235158559349536
2019-03-28,14012.431859686749,-0.010407363411859105
2019-03-29,14040.1837809995,-0.008447454007319388
2019-04-01,13999.189068636266,-0.011342602108657784
2019-04-02,14032.990216376735,-0.00895548135423474
2019-04-03,14036.414421219908,-0.008713655528931552
2019-04-04,14002.79636727305,-0.011087845746258873
2019-04-05,14046.072280837005,-0.00803159356724048
2019-04-08,14067.74494213244,-0.006501016559052886
2019-04-09,14041.458241809907,-0.008357448428970904
2019-04-10,14127.78532596548,-0.0022608159761663416
2019-04-11,14099.975915234854,-0.004224785425755995
2019-04-12,14192.211745882687,0.0
2019-04-15,14187.803765122058,-0.0003105915300275486
2019-04-16,14244.419920391523,0.0
2019-04-17,14283.18796488529,0.0
2019-04-18,14296.485766239615,0.0
2019-04-22,14311.927521641186,0.0
2019-04-23,14423.21612095969,0.0
2019-04-24,14407.976512484207,-0.0010566026569717168
2019-04-25,14394.562060657556,-0.001986662340897394
2019-04-26,14391.167256956449,-0.0022220331259314996
2019-04-29,14390.651354694593,-0.0022578020042127722
2019-04-30,14411.68857658368,-0.0007992353632737537
2019-05-01,14359.127552899768,-0.004443431168363987
2019-05-02,14294.250056873867,-0.008941560814471283
2019-05-03,14392.878070989129,-0.0021034178310949114
2019-05-06,14349.317029105534,-0.005123620920216787
2019-05-07,14326.488263040437,-0.0067064000919108135
2019-05-08,14279.417042889792,-0.009969973192104575
2019-05-09,14323.133758731492,-0.00693897681272071
2019-05-10,14317.733099680914,-0.007313418893133639
2019-05-13,14403.704287306979,-0.0013528074105717547
2019-05-14,14368.84763379862,-0.003769512063406144
2019-05-15,14418.05111739512,-0.000358103457734682
2019-05-16,14362.016650632506,-0.004243122325418791
2019-05-17,14370.792169413258,-0.003634692228611236
2019-05-20,14352.812071034727,-0.004881300351774809
2019-05-21,14338.414417562317,-0.005879528025246827
2019-05-22,14390.527282807181,-0.0022664042387194883
2019-05-23,14504.320831102339,0.0
2019-05-24,14516.226019227592,0.0
2019-05-28,14582.42691836385,0.0
2019-05-29,14613.268912743875,0.0
2019-05-30,14706.238279560132,0.0
2019-05-31,14841.069001910799,0.0
2019-06-03,14930.222009625433,0.0
2019-06-04,14823.23549259414,-0.007165768664546324
2019-06-05,14788.128979894793,-0.009517141114112948
2019-06-06,14836.17830297182,-0.006298881998739403
2019-06-07,14941.267502589224,0.0
2019-06-10,14796.606159717607,-0.00968199939172154
2019-06-11,14787.915089399234,-0.01026368165642011
2019-06-12,14736.146838732624,-0.013728464725034417
2019-06-13,14800.707391469967,-0.009407509175168638
2019-06-14,14733.987089071168,-0.013873014018531915
2019-06-17,14742.956875542246,-0.013272677636794294
2019-06-18,14904.5667242616,-0.0024563363396890026
2019-06-19,14985.049475550713,0.0
2019-06-20,15173.191155249113,0.0
2019-06-21,15137.525053841533,-0.00235059988651376
2019-06-24,15219.712325945251,0.0
2019-06-25,15145.52618873078,-0.004874345560921256
2019-06-26,15075.21043176302,-0.009494390635485073
2019-06-27,15093.754204375282,-0.008275985700153199
2019-06-28,15124.630190086074,-0.00624730177699151
2019-07-01,15000.054488163629,-0.014432456611362388
2019-07-02,15122.452960389905,-0.006390355052213859
2019-07-03,15186.131354697465,-0.0022064130075928334
2019-07-05,15087.434193654353,-0.008691237354427561
2019-07-08,14985.684278093539,-0.015376640690689114
2019-07-09,15040.019108178869,-0.011806610658471994
2019-07-10,15174.634345247197,-0.0029618155542406877
2019-07-11,15157.677619494407,-0.004075944743390014
2019-07-12,15235.605534486464,0.0
2019-07-15,15268.853155522207,0.0
2019-07-16,15167.854500061072,-0.0066146850999485585
2019-07-17,15161.303927413706,-0.0070437004674187564
2019-07-18,15278.80231613662,0.0
2019-07-19,15110.557552387907,-0.01101164608766636
2019-07-22,15195.174672057992,-0.005473442377764481
2019-07-23,15227.36394174211,-0.0033666496450566186
2019-07-24,15332.927180217706,0.0
2019-07-25,15224.476029774854,-0.007073088469550237
2019-07-26,15293.64460570463,-0.002561974895684438
2019-07-29,15284.757592562277,-0.003141578061987893
2019-07-30,15246.826137468004,-0.005615434139724318
2019-07-31,15189.29773946513,-0.009367385566004915
2019-08-01,15405.928735843869,0.0
2019-08-02,15467.864986011899,0.0
2019-08-05,15673.805113622666,0.0
2019-08-06,15777.035794020947,0.0
2019-08-07,15876.277030878537,0.0
2019-08-08,15928.733854106873,0.0
2019-08-09,15887.819425593718,-0.002568592638177991
2019-08-12,16145.60903398384,0.0
2019-08-13,16073.919121893188,-0.0044402110778078985
2019-08-14,16335.193418719991,0.0
2019-08-15,16487.661103134797,0.0
2019-08-16,16366.194373032147,-0.007367129233360803
2019-08-19,16149.179627700387,-0.020529380930206953
2019-08-20,16299.766611343703,-0.011396067071961391
2019-08-21,16213.947871557197,-0.016601095198733762
2019-08-22,16147.816647380145,-0.02061204761723523
2019-08-23,16059.965159154348,-0.025940364816155248
2019-08-26,16019.923235588327,-0.028368964198174806
2019-08-27,16215.809668109338,-0.016488174600688077
2019-08-28,16210.058661397676,-0.01683698130381517
2019-08-29,16154.405124312085,-0.020212447159006053
2019-08-30,16142.125519749947,-0.020957222569255363
2019-09-03,16016.522068063046,-0.02857524982619719
2019-09-04,16233.165427849452,-0.015435523188729205
2019-09-05,16073.096068607229,-0.025143956558444036
2019-09-06,16061.789707221415,-0.025829703391490155
2019-09-09,16033.055794298743,-0.027572455910657934
2019-09-10,16007.581823238046,-0.02911748833832306
2019-09-11,16107.54403756943,-0.02305463844675304
2019-09-12,16186.935266825481,-0.01823944793795762
2019-09-13,16188.362185174612,-0.018152903318911506
2019-09-16,16104.013287053127,-0.023268783466730003
2019-09-17,16154.333456958982,-0.020216793885485584
2019-09-18,16136.864125542335,-0.021276333580495743
2019-09-19,16170.535997023038,-0.019234086880367984
2019-09-20,16071.056781478403,-0.025267642211373786
2019-09-23,16075.785274989945,-0.02498085238218184
2019-09-24,16062.146717031634,-0.025808050240810676
2019-09-25,15871.855402634306,-0.03734948799884097
2019-09-26,15892.934228846665,-0.0360710273317697
2019-09-27,15828.640031730592,-0.03997056145694944
2019-09-30,15853.649660990031,-0.038453692017251684
2019-10-01,15890.867668993618,-0.03619636711405416
2019-10-02,15921.93803144622,-0.0343119056214114
2019-10-03,16030.182131506499,-0.027746747629432855
2019-10-04,16113.649415920156,-0.022684338601763887
2019-10-07,16010.187829493909,-0.028959430367604178
2019-10-08,16035.126984744476,-0.02744683527636793
2019-10-09,15971.388747633744,-0.03131264963972935
2019-10-10,15808.8702855037,-0.041169624568644037
2019-10-11,15914.17375832506,-0.03478281978398379
2019-10-14,15895.515957698737,-0.035914441819978604
2019-10-15,15963.156570414081,-0.03181194284864286
2019-10-16,15884.460662621468,-0.036584961125786464
2019-10-17,15903.62670714417,-0.03542251337756952
2019-10-18,15822.314097708118,-0.04035423831583829
2019-10-21,15946.708147025354,-0.032809563025685384
2019-10-22,15845.388356300919,-0.03895475184844521
2019-10-23,15889.190010089294,-0.03629811950293638
2019-10-24,15956.488906100054,-0.03221634613376123
2019-10-25,16062.518138604808,-0.02578552299629422
2019-10-28,16180.705780516093,-0.018617275106433517
2019-10-29,16105.953454770288,-0.023151109546516224
2019-10-30,16179.365499791362,-0.018698565030841108
2019-10-31,16144.132220235713,-0.02083551334238476
2019-11-01,16241.312259089105,-0.014941406334392227
2019-11-04,16326.719725869232,-0.009761322498008207
2019-11-05,16326.445815565947,-0.00977793554588513
2019-11-06,16310.323602865135,-0.010755770582641544
2019-11-07,16418.201298136497,-0.004212835560108208
2019-11-08,16452.429069365047,-0.0021368727528643383
2019-11-11,16443.57282039501,-0.0026740167974100837
2019-11-12,16466.03162138237,-0.0013118587055572783
2019-11-13,16463.067113357436,-0.0014916603163734887
2019-11-14,16454.05415619946,-0.0020383089344883087
2019-11-15,16549.720453913815,0.0
2019-11-18,16577.098926028044,0.0
2019-11-19,16612.369823303598,0.0
2019-11-20,16550.920422267372,-0.003699014751647578
2019-11-21,16464.15117589238,-0.008922185635627855
2019-11-22,16470.982986997213,-0.008510937199823765
2019-11-25,16633.455939046813,0.0
2019-11-26,16693.205206872943,0.0
2019-11-27,16686.591270938992,-0.0003962052734622912
2019-11-29,16637.10044301925,-0.003360934174018948
2019-12-02,16409.3243193655,-0.017005774744239255
2019-12-03,16587.0163730994,-0.006361201007091366
2019-12-04,16478.849236677517,-0.012840911469007232
2019-12-05,16440.400881892405,-0.01514414528831487
2019-12-06,16384.030884460415,-0.01852096817723381
2019-12-09,16365.027312428729,-0.019659369808087912
2019-12-10,16368.581442026798,-0.019446461049462793
2019-12-11,16463.69784809505,-0.013748549540587907
2019-12-12,16556.79475115697,-0.008171615578044356
2019-12-13,16636.827085280762,-0.003377309563592279
2019-12-16,16761.70633844147,0.0
2019-12-17,16746.921167470646,-0.0008820803009127465
2019-12-18,16746.569350764927,-0.0009030696142090511
2019-12-19,16799.471822196283,0.0
2019-12-20,16853.54685854522,0.0
2019-12-23,16899.132500665597,0.0
2019-12-24,16894.910368994304,-0.00024984310118447706
2019-12-26,17015.29739857555,0.0
2019-12-27,17020.309668529957,0.0
2019-12-30,16931.745624683954,-0.005203433167244587
2019-12-31,16976.328698820547,-0.0025840287612821644
2020-01-02,17199.09575421409,0.0
2020-01-03,17142.461646621774,-0.003292853787295158
2020-01-06,17273.084992856828,0.0
2020-01-07,17313.031375398656,0.0
2020-01-08,17308.13507508088,-0.0002828101105812886
2020-01-09,17327.22233936272,0.0
2020-01-10,17367.584887046265,0.0
2020-01-13,17383.307921019696,0.0
2020-01-14,17321.645326269387,-0.0035472301952235163
2020-01-15,17370.648864100607,-0.0007282306093066016
2020-01-16,17501.524596555293,0.0
2020-01-17,17563.250419196345,0.0
2020-01-21,17549.088317438902,-0.0008063485641567336
2020-01-22,17605.22239693439,0.0
2020-01-23,17665.597191297093,0.0
2020-01-24,17668.056733181143,0.0
2020-01-27,17525.039473504643,-0.008094679671698635
2020-01-28,17462.922795609065,-0.011610441412429395
2020-01-29,17572.40347472201,-0.005413909401790318
2020-01-30,17630.015367877208,-0.0021531154149223575
2020-01-31,17651.905303159594,-0.0009141599591547811
2020-02-03,17611.980496485347,-0.003173876875235737
2020-02-04,17477.774090540745,-0.010769868215503409
2020-02-05,17396.18743573902,-0.015387617413042731
2020-02-06,17499.092034705383,-0.009563287068149351
2020-02-07,17502.011204897844,-0.009398064019766283
2020-02-10,17593.617230636777,-0.004213225238549723
2020-02-11,17529.84185196415,-0.007822868315643494
2020-02-12,17606.254644246845,-0.0034979562193862
2020-02-13,17526.177742155327,-0.008030254439887696
2020-02-14,17580.85260058658,-0.004935694621740261
2020-02-18,17553.233289168274,-0.006498928871856435
2020-02-19,17702.67599695596,0.0
2020-02-20,17572.64017859775,-0.007345545858748692
2020-02-21,17399.314723213865,-0.017136464215594227
2020-02-24,17597.014933192833,-0.005968649247226621
2020-02-25,17471.536529036068,-0.013056752999356602
2020-02-26,17446.56435009177,-0.014467397296783369
2020-02-27,17541.833615592528,-0.00908576654688198
2020-02-28,17497.12610993199,-0.011611232508538127
2020-03-02,17431.146776148704,-0.015338315001299674
2020-03-03,17687.48507667753,-0.0008581143484206466
2020-03-04,17577.303828832515,-0.0070821026236373985
2020-03-05,17928.066206229967,0.0
2020-03-06,18490.629880935685,0.0
2020-03-09,18743.143289555075,0.0
2020-03-10,18032.59897021686,-0.037909560224841155
2020-03-11,17497.849422764768,-0.06643996940920083
2020-03-12,17229.178194738975,-0.08077434352538837
2020-03-13,16785.2121154602,-0.10446119649450503
2020-03-16,17508.04669935111,-0.06589591570226339
2020-03-17,16662.684403720625,-0.11099839838464132
2020-03-18,16066.321406417812,-0.1428160603471973
2020-03-19,15971.020876644518,-0.147900614645323
2020-03-20,16682.9028967425,-0.10991968428052712
2020-03-23,17219.771987536937,-0.08127619143087184
2020-03-24,17042.684708522924,-0.09072430140251664
2020-03-25,17002.04316195444,-0.09289264349650961
2020-03-26,17159.705296036384,-0.08448092025210563
2020-03-27,17226.13080937176,-0.08093693020149373
2020-03-30,17041.464453563334,-0.09078940547501602
2020-03-31,16836.321307836537,-0.10173437572667687
2020-04-01,16983.43661349828,-0.09388535577367219
2020-04-02,17272.797429882583,-0.07844713327736585
2020-04-03,17378.50812781203,-0.0728071669015895
2020-04-06,17444.25015900803,-0.06929964256693677
2020-04-07,17328.851326368836,-0.07545649848253444
2020-04-08,17397.632728641947,-0.07178681505694595
2020-04-09,17545.179750660896,-0.06391476180848299
2020-04-13,17481.647958601374,-0.06730436359928438
2020-04-14,17848.05216509639,-0.04775565712915886
2020-04-15,17638.78504807525,-0.058920652977947796
2020-04-16,17742.04789285066,-0.05341128652963412
2020-04-17,17649.525239261468,-0.058347633233057805
2020-04-20,17524.06633027417,-0.06504122283268543
2020-04-21,16986.2625626957,-0.09373458334698981
2020-04-22,17465.80013938094,-0.06814988982589476
2020-04-23,17434.1527719749,-0.06983836688212441
2020-04-24,17550.747598521397,-0.0636177012901652
2020-04-27,17593.945677098684,-0.0613129609427252
2020-04-28,17438.974118844282,-0.06958113431473167
2020-04-29,17767.306159959207,-0.052063686144877774
2020-04-30,17584.63704705035,-0.06180960282954895
2020-05-01,17403.040650181825,-0.07149828706266381
2020-05-04,17484.78217979764,-0.06713714398473802
2020-05-05,17614.446496306085,-0.06021918393367742
2020-05-06,17568.96144298418,-0.06264594088789943
2020-05-07,17798.189406497884,-0.05041597711008172
2020-05-08,18040.129596081028,-0.037507779917886785
2020-05-11,18101.490139815356,-0.03423402040026502
2020-05-12,17788.959869867656,-0.05090839913810796
2020-05-13,17571.6283841759,-0.06250365199053998
2020-05-14,17726.104662660982,-0.05426190320280244
2020-05-15,17819.700336951828,-0.04926830779327451
2020-05-18,17985.909432033717,-0.040400579871965214
2020-05-19,18022.578103150754,-0.03844420198216525
2020-05-20,18343.01329215689,-0.02134807333096378
2020-05-21,18115.50231010167,-0.03348643126487583
2020-05-22,18128.290147054115,-0.032804163794852736
2020-05-26,18176.693206158394,-0.030221722933332362
2020-05-27,18311.083831998836,-0.023051600837785347
2020-05-28,18356.6705148474,-0.020619421659281878
2020-05-29,18435.094784358425,-0.016435263842234815
2020-06-01,18673.3339106512,-0.0037245289024054884
2020-06-02,18896.230428090894,0.0
2020-06-03,19214.57137736162,0.0
2020-06-04,19063.13325559565,-0.007881420760933122
2020-06-05,19481.96373985447,0.0
2020-06-08,19662.682601344477,0.0
2020-06-09,19552.44110350709,-0.0056066356800087425
2020-06-10,19661.74008900597,-4.7934066659038876e-05
2020-06-11,18574.046641672245,-0.055365586768806097
2020-06-12,18771.522485727874,-0.045322407612665705
2020-06-15,18831.168717757646,-0.042288933837032694
2020-06-16,19123.35318679415,-0.027429086126500857
2020-06-17,19155.441310571252,-0.025797156016673983
2020-06-18,19190.6941978868,-0.024004273121176367
2020-06-19,19111.646637609352,-0.028024454999718396
2020-06-22,19263.304258664833,-0.020311488049567283
2020-06-23,19286.60272700263,-0.019126580129820603
2020-06-24,19236.224790078068,-0.021688689173940512
2020-06-25,19260.058671212948,-0.02047655135846005
2020-06-26,19415.60139060667,-0.012565997008002983
2020-06-29,19383.776296767453,-0.014184550004278318
2020-06-30,19602.70070941031,-0.0030505446866169184
2020-07-01,19595.416313856633,-0.003421012730137063
2020-07-02,19676.739005216423,0.0
2020-07-06,19809.86139827846,0.0
2020-07-07,19687.63589464209,-0.0061699322967998516
2020-07-08,19868.979254289567,0.0
2020-07-09,19879.116826341262,0.0
2020-07-10,19818.550211081558,-0.0030467457779336238
2020-07-13,19644.380339933134,-0.011808194924287863
2020-07-14,19805.28270582845,-0.0037141549676380503
2020-07-15,19884.511273583958,0.0
2020-07-16,19672.78215887187,-0.010647941596299892
2020-07-17,19769.568219903762,-0.005780531997932159
2020-07-20,19958.648871286376,0.0
2020-07-21,19937.686841827228,-0.0010502729715989867
2020-07-22,20063.64096081257,0.0
2020-07-23,20197.635661302218,0.0
2020-07-24,20288.508187835687,0.0
2020-07-27,20498.846203735924,0.0
2020-07-28,20551.279317081397,0.0
2020-07-29,20665.412557240976,0.0
2020-07-30,20468.341403697483,-0.00953627966524384
2020-07-31,20574.690203787886,-0.004390057696733507
2020-08-03,20655.470943559925,-0.00048107501621430515
2020-08-04,20946.241583583287,0.0
2020-08-05,21099.666924335208,0.0
2020-08-06,21369.437630476183,0.0
2020-08-07,21027.631008377506,-0.015995115454568887
2020-08-10,20957.356520104942,-0.0192836665848215
2020-08-11,20171.22473597131,-0.05607133492348115
2020-08-12,20543.6135580431,-0.03864510085447115
2020-08-13,20537.53631223835,-0.038929490453759596
2020-08-14,20473.67611573826,-0.041917879647914824
2020-08-17,20623.296834692497,-0.034916257914039406
2020-08-18,20661.692529552,-0.0331195005298045
2020-08-19,20566.604993674817,-0.03756919815505111
2020-08-20,20622.66805201473,-0.03494568230454698
2020-08-21,20725.2404524508,-0.03014572442967134
2020-08-24,20886.458755474843,-0.02260138443290316
2020-08-25,20973.733765052708,-0.018517280251640234
2020-08-26,21279.217436489576,-0.004221926451538294
2020-08-27,21198.034782093768,-0.00802093397806447
2020-08-28,21407.62918501908,0.0
2020-08-31,21467.322555529277,0.0
2020-09-01,21780.124640241567,0.0
2020-09-02,21880.17248467841,0.0
2020-09-03,21051.63417870505,-0.03786708292878138
2020-09-04,20759.112495558256,-0.05123634148246203
2020-09-08,20218.302047467223,-0.07595326034906313
2020-09-09,20217.444813944134,-0.07599243890323992
2020-09-10,20138.218807801517,-0.07961334299794465
2020-09-11,20138.523789871404,-0.07959940425636935
2020-09-14,20183.93026887752,-0.07752417020426516
2020-09-15,20194.70542073729,-0.0770317082793277
2020-09-16,20172.80867728564,-0.07803246563016586
2020-09-17,20207.954853057417,-0.07642616312974504
2020-09-18,20121.56145749801,-0.0803746418549427
2020-09-21,19982.123677113435,-0.08674743349916836
2020-09-22,19965.62966416446,-0.08750126727084118
2020-09-23,19943.503265821637,-0.08851252064913684
2020-09-24,19980.050112654957,-0.08684220260850384
2020-09-25,19986.021854978862,-0.08656927320961139
2020-09-28,19974.55749408003,-0.08709323438527672
2020-09-29,19950.65585298179,-0.08818562253326678
2020-09-30,19998.46011336643,-0.0860008015306849
2020-10-01,20150.748523158312,-0.07904069141736092
2020-10-02,19863.925130863536,-0.09214951825570616
2020-10-05,19897.936016849537,-0.09059510244797808
2020-10-06,19721.99733690855,-0.09863611218243928
2020-10-07,19955.901632413195,-0.08794587216406469
2020-10-08,20065.85144058811,-0.08292078343352993
2020-10-09,20314.81459085418,-0.07154230136532835
2020-10-12,20644.946571747158,-0.056454121364729604
2020-10-13,20515.582703341723,-0.06236650018605838
2020-10-14,20419.76280660256,-0.06674580280838738
2020-10-15,20291.598597992954,-0.07260335300363163
2020-10-16,20282.87312847679,-0.07300213731496541
2020-10-19,20070.09267966279,-0.08272694405325764
2020-10-20,20135.938332313577,-0.07971756866113522
2020-10-21,20072.44198739149,-0.08261957251720864
2020-10-22,19980.653898739674,-0.08681460748396164
2020-10-23,20002.644602101234,-0.0858095558383698
2020-10-26,19825.303212842286,-0.09391467426845224
2020-10-27,19889.57653796691,-0.09097715971413911
2020-10-28,19879.97166432345,-0.09141613585338959
2020-10-29,19775.88767036186,-0.0961731364681917
2020-10-30,19728.881962445248,-0.09832146084495463
2020-11-02,19817.97789403211,-0.09424946682163282
2020-11-03,19845.373618017824,-0.09299738693035686
2020-11-04,19886.754336001904,-0.0911061441619071
2020-11-05,20088.622677303592,-0.08188005869831916
2020-11-06,20065.01136674018,-0.08295917773085648
2020-11-09,20105.642833493675,-0.08110217835016376
2020-11-10,20067.1953405549,-0.08285936252984505
2020-11-11,20164.578896982897,-0.07840859522002652
2020-11-12,19945.200310195138,-0.08843495981753502
2020-11-13,20175.532541206576,-0.07790797557311335
2020-11-16,20400.4048203529,-0.06763053012318432
2020-11-17,20365.78891324573,-0.06921259750091668
2020-11-18,20230.360850423014,-0.07540213110343053
2020-11-19,20378.262275655892,-0.06864252144603655
2020-11-20,20361.24010457684,-0.06942049388162741
2020-11-23,20375.26150291836,-0.06877966719932671
2020-11-24,20562.410666314823,-0.06022629937155888
2020-11-25,20532.31909698878,-0.06160158877328148
2020-11-27,20689.792028083426,-0.054404528000341235
2020-11-30,20567.252776690995,-0.060004998082477945
2020-12-01,20521.31818408725,-0.06210436876321235
2020-12-02,20520.151498457293,-0.06215769035520491
2020-12-03,20578.25822390531,-0.05950201085867868
2020-12-04,20785.649843377345,-0.050023492368147626
2020-12-07,20764.982327267084,-0.05096806975320867
2020-12-08,20837.265132305904,-0.04766449410317952
2020-12-09,20569.164958651083,-0.05991760471474161
2020-12-10,20661.00856509938,-0.05572003239155221
2020-12-11,20607.7605238817,-0.05815365311620435
2020-12-14,20632.177299381758,-0.05703772153398512
2020-12-15,20929.784849153646,-0.04343602118266077
2020-12-16,21063.813663567424,-0.03731043810018597
2020-12-17,21252.270917770486,-0.02869728597192789
2020-12-18,21187.665904735983,-0.031649959817608986
2020-12-21,21121.3149920904,-0.034682427349208456
2020-12-22,21210.051074721716,-0.03062687967500921
2020-12-23,21074.912070734095,-0.03680320228317202
2020-12-24,21165.299945150797,-0.0326721619780741
2020-12-28,21269.99576134467,-0.02788719895882974
2020-12-29,21229.45211820764,-0.029740184494726374
2020-12-30,21304.871873426073,-0.026293239308565308
2020-12-31,21310.65474593072,-0.026028941917459525
2021-01-04,21318.422701282067,-0.025673919334489148
2021-01-05,21445.702459869928,-0.01985679158209186
2021-01-06,21282.820079084348,-0.02730108302447609
2021-01-07,21309.251992863152,-0.026093052612589984
2021-01-08,21369.09981259848,-0.023357799050158667
2021-01-11,21125.69866636294,-0.03448207818488591
2021-01-12,21213.109363857962,-0.030487105222207767
2021-01-13,21253.4584471879,-0.028643011746336433
2021-01-14,21333.064701113533,-0.02500472900512951
2021-01-15,21118.777094473477,-0.03479841809922202
2021-01-19,21271.98074939799,-0.027796478099352484
2021-01-20,21472.48208413984,-0.018632869591135748
2021-01-21,21588.825136555868,-0.013315587357757619
2021-01-22,21484.932592035904,-0.018063838067056914
2021-01-25,21577.952927268398,-0.013812485144787612
2021-01-26,21525.28259587386,-0.016219702520766655
2021-01-27,21149.7525212774,-0.033382733335968195
2021-01-28,21090.56924790587,-0.0360876148177286
2021-01-29,20903.326414317176,-0.044645263699144455
2021-02-01,20894.59649586112,-0.045044251342508446
2021-02-02,20909.38786257943,-0.044368234426797604
2021-02-03,20840.808254355674,-0.047502561099577734
2021-02-04,21002.31530781488,-0.04012112690054204
2021-02-05,21013.377519349408,-0.03961554534983558
2021-02-08,21170.37721221555,-0.03244011321025431
2021-02-09,21187.123332786035,-0.03167475724323843
2021-02-10,21165.32412194306,-0.032671057014560634
2021-02-11,21345.543254188422,-0.024434415718813995
2021-02-12,21448.409125837374,-0.01973308753134273
2021-02-16,21447.228041054932,-0.01978706721469614
2021-02-17,21295.8752566475,-0.026704415993066832
2021-02-18,21153.05138764772,-0.03323196366664183
2021-02-19,21215.266095521827,-0.03038853508226147
2021-02-22,20869.714819909088,-0.04618143049269352
2021-02-23,20867.812856379212,-0.046268356842620983
2021-02-24,20863.919338169635,-0.04644630416969542
2021-02-25,20442.8619923983,-0.0656900896593291
2021-02-26,20349.197530966732,-0.06997088138970298
2021-03-01,20304.705220376716,-0.07200433476495283
2021-03-02,20230.90382089039,-0.07537731546416826
2021-03-03,20150.851035188854,-0.07903600626094298
2021-03-04,20080.843869713175,-0.08223557726636821
2021-03-05,20084.777384370725,-0.08205580196248041
2021-03-08,19983.030287265774,-0.0867059982612618
2021-03-09,20081.772792305124,-0.0821931222723502
2021-03-10,20151.74295152612,-0.07899524258150259
2021-03-11,20169.067940353223,-0.07820343032137367
2021-03-12,20044.836989437757,-0.08388121695685191
2021-03-15,20084.034628843205,-0.08208974847400996
2021-03-16,20148.335376887604,-0.07915098059686343
2021-03-17,20217.96429888215,-0.07596869663437156
2021-03-18,20056.158822162844,-0.0833637698145584
2021-03-19,20137.082333124516,-0.07966528384428839
2021-03-22,20118.500456025457,-0.08051454027094906
2021-03-23,19929.719909819156,-0.08914246796843384
2021-03-24,19850.58386057496,-0.09275926071993579
2021-03-25,19809.029653958874,-0.09465843252240591
2021-03-26,19827.15564399344,-0.09383001172054717
2021-03-29,19681.18008857871,-0.10050160242747375
2021-03-30,19589.71587422006,-0.10468183521232488
2021-03-31,19557.621976247632,-0.1061486379989528
2021-04-01,19627.439748403835,-0.10295772292709537
2021-04-05,19690.084086519175,-0.10009465874607903
2021-04-06,19704.01171518998,-0.0994581176639392
2021-04-07,19691.728344303898,-0.10001951044522017
2021-04-08,19915.408965980798,-0.08979652788722015
2021-04-09,19991.019171318683,-0.08634087846805616
2021-04-12,19911.453116084507,-0.08997732398921887
2021-04-13,20081.44998630673,-0.08220787562946485
2021-04-14,19969.01946722396,-0.08734634147846565
2021-04-15,20253.173227151186,-0.07435952612652064
2021-04-16,20234.153320082136,-0.07522880204664284
2021-04-19,20097.121038648707,-0.08149165402047376
2021-04-20,19942.618013147814,-0.08855297977597609
2021-04-21,20147.43504051772,-0.0791921291010863
2021-04-22,20023.46820766618,-0.08485784462222068
2021-04-23,20064.078086821206,-0.08300183186987775
2021-04-26,20136.818705538244,-0.07967733254209708
2021-04-27,20057.18048947505,-0.08331707606418137
2021-04-28,20073.488911717475,-0.08257172443343685
2021-04-29,20020.837594057062,-0.08497807281562086
2021-04-30,19878.471204084122,-0.09148471210617637
2021-05-03,20049.011341569454,-0.08369043454256253
2021-05-04,19948.92451327662,-0.08826475078083351
2021-05-05,20005.25221511916,-0.08569037885200237
2021-05-06,20071.077282169328,-0.08268194429344189
2021-05-07,20235.514486505475,-0.07516659200582654
2021-05-10,20193.52774476801,-0.07708553216806102
2021-05-11,20141.29349176849,-0.07947281924434413
2021-05-12,20007.34390258101,-0.08559478145836585
2021-05-13,20058.537394105497,-0.0832550608021263
2021-05-14,20196.608367578556,-0.0769447369886489
2021-05-17,20345.63482513658,-0.07013370944019692
2021-05-18,20358.40518397661,-0.06955005961527116
2021-05-19,20310.07381512802,-0.0717589713083775
2021-05-20,20401.437084333757,-0.06758335206818578
2021-05-21,20385.078121607716,-0.06833101357485338
2021-05-24,20452.2435816919,-0.06526131839163596
2021-05-25,20580.909401816425,-0.05938084280513756
2021-05-26,20551.6925341383,-0.060716155298610075
2021-05-27,20521.93593045367,-0.06207613560523095
2021-05-28,20597.01811003176,-0.058644618800202664
2021-06-01,20593.704546353612,-0.05879606018762629
2021-06-02,20679.71998183371,-0.05486485555291287
2021-06-03,20395.983249011922,-0.067832611315372
2021-06-04,20662.6827764244,-0.05564351510969834
2021-06-07,20678.525170235236,-0.0549194625995123
2021-06-08,20672.696322272288,-0.055185861229003375
2021-06-09,20705.110337311162,-0.05370442797880526
2021-06-10,20838.836683532703,-0.047592668744951716
2021-06-11,20856.231890431165,-0.04679764727468483
2021-06-14,20915.176419944866,-0.04410367721777697
2021-06-15,20818.641267774143,-0.04851566950158204
2021-06-16,20723.615233126086,-0.05285868986463438
2021-06-17,21006.202770429943,-0.03994345633520313
2021-06-18,21079.483594472138,-0.03659426774477914
2021-06-21,20942.775379930707,-0.04284230873427142
2021-06-22,21081.19262768467,-0.03651615898152649
2021-06-23,21050.740457158314,-0.03790792911257468
2021-06-24,21150.82517669127,-0.033333709251966215
2021-06-25,21060.071095163254,-0.03748148649602423
2021-06-28,21225.815935995564,-0.02990637067148616
2021-06-29,21329.592204131928,-0.025163434197423507
2021-06-30,21311.203756522398,-0.026003850223504044
2021-07-01,21315.841448318493,-0.025791891574670545
2021-07-02,21521.514922329472,-0.016391898308849573
2021-07-06,21686.247429271334,-0.008863049664844747
2021-07-07,21791.6956476242,-0.004043699249453581
2021-07-08,21669.46279804901,-0.009630165702621762
2021-07-09,21635.79579210261,-0.011168864996239147
2021-07-12,21623.49860246695,-0.011730889342449036
2021-07-13,21615.405609684825,-0.012100767266756574
2021-07-14,21750.13700014988,-0.005943074014594152
2021-07-15,21715.62693157288,-0.007520304203303407
2021-07-16,21599.94545608505,-0.012807350069547585
2021-07-19,21885.345946565758,0.0
2021-07-20,21749.478169861828,-0.006208162166394748
2021-07-21,21576.181451960034,-0.014126552779223367
2021-07-22,21739.315781935136,-0.00667250885533921
2021-07-23,21729.468295730894,-0.007122466842217068
2021-07-26,21762.263268972725,-0.005623976787643481
2021-07-27,21617.983421108314,-0.01221650898780502
2021-07-28,21650.44893173713,-0.01073307296133863
2021-07-29,21585.00043495221,-0.013723589855369811
2021-07-30,21647.021406628508,-0.010889685752244138
2021-08-02,21714.63949550095,-0.007800034392035582
2021-08-03,21755.878022754212,-0.00591573576801796
2021-08-04,21797.58129185248,-0.004010201845909167
2021-08-05,21902.92700150983,0.0
2021-08-06,21837.22378290908,-0.002999746042901985
2021-08-09,21799.33308236156,-0.004729683806238616
2021-08-10,21745.18407986598,-0.007201910577201653
2021-08-11,21825.607424610145,-0.0035301024787397495
2021-08-12,21790.52150690594,-0.005131985081087143
2021-08-13,21877.52300521077,-0.0011598448142254858
2021-08-16,21819.61227549565,-0.003803816997081655
2021-08-17,21700.536816358028,-0.009240325968207341
2021-08-18,21630.32130071195,-0.012446085437763155
2021-08-19,21639.95198829878,-0.01200638678076782
2021-08-20,21690.28283629043,-0.009708481665703483
2021-08-23,21807.554961334117,-0.004354305713073825
2021-08-24,21794.501185725105,-0.004950288871311659
2021-08-25,21683.096693795087,-0.010036572175928349
2021-08-26,21646.976169909176,-0.011685690756445988
2021-08-27,21927.417833511387,0.0
2021-08-30,21948.28870110425,0.0
2021-08-31,21872.286175908783,-0.003462799593648702
2021-09-01,21880.965374704465,-0.003067361073868069
2021-09-02,21887.496999725798,-0.0027697695344874873
2021-09-03,21997.422756180607,0.0
2021-09-07,21950.421917545595,-0.002136652059469446
2021-09-08,21778.250858703625,-0.00996352617787477
2021-09-09,21733.512717057045,-0.011997316324223073
2021-09-10,21656.04994792008,-0.015518763813574976
2021-09-13,21727.129897992523,-0.012287478455272227
2021-09-14,21715.788315414076,-0.012803065335797115
2021-09-15,21720.331133193027,-0.012596549425760606
2021-09-16,21613.85280025092,-0.01743704070159391
2021-09-17,21489.956691190102,-0.023069341832234525
2021-09-20,21516.263759717673,-0.021873425891573706
2021-09-21,21502.806292121204,-0.02248520063198911
2021-09-22,21556.28563265926,-0.02005403671197814
2021-09-23,21224.466445346978,-0.03513849415002279
2021-09-24,21105.188118245867,-0.04056087150864296
2021-09-27,21038.519667766486,-0.04359161066469475
2021-09-28,20912.23111686636,-0.04933267189263535
2021-09-29,20918.930731397155,-0.04902810828056792
2021-09-30,20918.08460430118,-0.04906657310916873
2021-10-01,20999.550989279294,-0.04536312176029533
2021-10-04,21014.556963054936,-0.04468095212879042
2021-10-05,20951.529304492873,-0.047546181354080175
2021-10-06,20973.604103935028,-0.04654266381992034
2021-10-07,20900.018642054263,-0.049887849421724084
2021-10-08,20874.68855573565,-0.051039351877233075
2021-10-11,20850.9728483641,-0.052117464874124386
2021-10-12,20919.191592349136,-0.04901624957535178
2021-10-13,21167.469807112524,-0.037729553969448215
2021-10-14,21215.009881543665,-0.03556838832026843
2021-10-15,21072.37366644017,-0.04205261225342993
2021-10-18,21134.612976962657,-0.03922322122829258
2021-10-19,21316.18340952956,-0.030969052793225038
2021-10-20,21318.41742969115,-0.030867494524951855
2021-10-21,21319.610351175896,-0.030813264468187218
2021-10-22,21293.807573185997,-0.0319862554260778
2021-10-25,21357.73045000149,-0.029080329694504026
2021-10-26,21344.38994700976,-0.029686787239080803
2021-10-27,21317.11881923323,-0.030926529188799234
2021-10-28,21418.906361723686,-0.026299280641609468
2021-10-29,21426.996897805744,-0.025931485915303032
2021-11-01,21449.613707744164,-0.02490332865392275
2021-11-02,21517.07843417198,-0.021836390896004643
2021-11-03,21512.832815097852,-0.022029396191269757
2021-11-04,21729.52724739698,-0.012178495260693922
2021-11-05,21903.604590175888,-0.00426496172049784
2021-11-08,21966.927761273542,-0.0013862985334723854
2021-11-09,22059.33199695245,0.0
2021-11-10,21651.12137736608,-0.01850512153508388
2021-11-11,21715.394720662844,-0.01559146380031462
2021-11-12,21849.852868553353,-0.009496168262395077
2021-11-15,21818.812001559683,-0.010903321797142151
2021-11-16,21858.768382608007,-0.009092007608034192
2021-11-17,21897.321648783305,-0.007344299827008682
2021-11-18,21931.53367063576,-0.005793390585641767
2021-11-19,21905.315869670987,-0.006981903500193898
2021-11-22,21490.515708098817,-0.025785744053002824
2021-11-23,21362.929418555366,-0.0315695225264887
2021-11-24,21493.307653642296,-0.025659178772428404
2021-11-26,21250.20952301674,-0.036679373339477905
2021-11-29,21235.66446353988,-0.03733873417047984
2021-11-30,21203.988131416892,-0.03877469479373741
2021-12-01,21182.032616639535,-0.03976998852159774
2021-12-02,21206.661148515854,-0.03865352081170881
2021-12-03,21391.280120768235,-0.03028432031742878
2021-12-06,21186.181617296843,-0.039581904827228453
2021-12-07,21064.635330631285,-0.045091876148316
2021-12-08,20854.6661167415,-0.054610261107515656
2021-12-09,20786.592443219586,-0.05769619650806723
2021-12-10,20831.205372843087,-0.05567379031600006
2021-12-13,20893.710564574227,-0.05284028693793885
2021-12-14,20809.00836487104,-0.05668003148300893
2021-12-15,20960.53436187418,-0.0498110112867457
2021-12-16,20772.35572411673,-0.05834157956430952
2021-12-17,20624.394372625462,-0.06504900622218424
2021-12-20,20497.16422072196,-0.07081664016146583
2021-12-21,20510.59806169196,-0.07020765340829227
2021-12-22,20723.107749942712,-0.060574102932688056
2021-12-23,20822.127641603438,-0.056085304646574685
2021-12-27,20941.92966130954,-0.05065440493833995
2021-12-28,20826.621681377717,-0.05588157953944539
2021-12-29,20821.18810789544,-0.05612789585958733
2021-12-30,20875.752566012663,-0.05365436410782065
2021-12-31,20871.922307136974,-0.05382799850782061
2022-01-03,20798.591742793655,-0.057152240799176024
2022-01-04,20838.672190757497,-0.05533530237287276
2022-01-05,20363.834289706814,-0.07686079104661336
2022-01-06,20236.15475391437,-0.08264879658595092
2022-01-07,20259.229332372728,-0.08160277314056519
2022-01-10,20204.597864202926,-0.08407934261136096
2022-01-11,20489.07575893494,-0.07118330864390832
2022-01-12,20644.199131655485,-0.06415121117414024
2022-01-13,20513.190193658662,-0.07009014613440656
2022-01-14,20480.0050025062,-0.07159450679034329
2022-01-18,20295.61886469013,-0.079953152366807
2022-01-19,20475.019557868753,-0.07182050840445087
2022-01-20,20421.521369991835,-0.07424570368617156
2022-01-21,20369.341082631057,-0.0766111555216118
2022-01-24,20381.020704335035,-0.07608169154212274
2022-01-25,20407.16110661552,-0.07489668728704846
2022-01-26,20146.652499300155,-0.08670613860458398
2022-01-27,20040.905692705266,-0.09149988333853598
2022-01-28,20050.727238877436,-0.09105465017492398
2022-01-31,20054.891543887985,-0.09086587269919977
2022-02-01,19971.162087705063,-0.09466152055446975
2022-02-02,20023.564544619025,-0.09228599726477082
2022-02-03,19917.99921941342,-0.09707151503204436
2022-02-04,19768.3854910428,-0.1038538477151596
2022-02-07,19740.57124330237,-0.10511473121536152
2022-02-08,19842.231326564906,-0.10050624700212318
2022-02-09,20217.281084631995,-0.08350438320502807
2022-02-10,19830.168429637444,-0.10105308572457994
2022-02-11,19350.02316450427,-0.12281916935755255
2022-02-14,19388.112958738908,-0.12109247182020633
2022-02-15,19479.42441083375,-0.11695311473960857
2022-02-16,19630.27403004062,-0.11011475629667344
2022-02-17,19684.0850094637,-0.10767538145837308
2022-02-18,19666.886580891955,-0.10845502558241638
2022-02-22,19674.140397668692,-0.10812619346829166
2022-02-23,19733.033888905542,-0.10545641673865247
2022-02-24,19688.972293726063,-0.10745382967869821
2022-02-25,19642.70072865382,-0.10955142561127829
2022-02-28,19901.25139499804,-0.09783073223851724
2022-03-01,20175.134583716317,-0.08541498053959373
2022-03-02,19908.49173379852,-0.09750251111189912
2022-03-03,19965.944994233156,-0.09489802334034869
2022-03-04,20213.881189741856,-0.08365850822071796
2022-03-07,20393.04494652864,-0.07553660512720928
2022-03-08,20767.151256139743,-0.058577510007611466
2022-03-09,20314.618960120126,-0.07909183456114444
2022-03-10,20333.669073192126,-0.07822824934130945
2022-03-11,20305.295352477293,-0.07951449503173902
2022-03-14,20037.983857787258,-0.09163233680169669
2022-03-15,19762.53655146778,-0.10411899353080944
2022-03-16,19765.860020492983,-0.10396833307447007
2022-03-17,19909.873771432525,-0.09743986018329465
2022-03-18,20010.244855460896,-0.09288980925508705
2022-03-21,19955.318338892877,-0.0953797539449629
2022-03-22,20091.840874986712,-0.08919087496564038
2022-03-23,19829.086094542406,-0.10110215045125381
2022-03-24,20157.40979402371,-0.08621848581777058
2022-03-25,20127.7765236295,-0.0875618297775198
2022-03-28,20262.990288087392,-0.0814322804114479
2022-03-29,20685.22953056771,-0.06229120929747889
2022-03-30,20470.362463036126,-0.07203162517051032
2022-03-31,20170.280446848807,-0.08563502967200542
2022-04-01,20218.886716753652,-0.08343159622662455
2022-04-04,20521.496497096552,-0.0697136023914211
2022-04-05,20114.250141125416,-0.08817501165020547
2022-04-06,19812.816194741506,-0.10183970224126937
2022-04-07,19838.175876224534,-0.10069008984654537
2022-04-08,19873.267786330645,-0.09909929325710376
2022-04-11,19830.434383075662,-0.10104102944661764
2022-04-12,19906.209347475964,-0.09760597690691375
2022-04-13,19969.589417805484,-0.09473281327991567
2022-04-14,19888.87948492751,-0.09839157923389485
2022-04-18,19914.015340320868,-0.09725211338801931
2022-04-19,19698.498009529583,-0.1070220071826754
2022-04-20,19798.01984464478,-0.1025104546511234
2022-04-21,19787.065617211814,-0.1030070348483152
2022-04-22,19640.477285645055,-0.10965221937099301
2022-04-25,19423.674108650586,-0.11948040351656997
2022-04-26,19463.8338697956,-0.11765986964226405
2022-04-27,19406.626330236606,-0.12025321832421398
2022-04-28,19469.77885721233,-0.11739036975815365
2022-04-29,19273.378688901423,-0.12629363882985722
2022-05-02,19049.553134920556,-0.13644016339423615
2022-05-03,19108.265725077847,-0.13377858732450731
2022-05-04,19239.6980868686,-0.12782045759469907
2022-05-05,18769.529317547305,-0.14913428384230487
2022-05-06,18704.65145323944,-0.1520753458978933
2022-05-09,18713.182894552232,-0.1516885961398331
2022-05-10,18712.153063079764,-0.15173528075714648
2022-05-11,18859.879426553376,-0.14503850664385876
2022-05-12,18835.17711054194,-0.14615831915744026
2022-05-13,18832.571981232904,-0.146276415630597
2022-05-16,18852.97860530909,-0.1453513366627024
2022-05-17,18747.951606104903,-0.15011245088042657
2022-05-18,18692.90234671067,-0.15260795978349928
2022-05-19,18694.280145616496,-0.15254550100614306
2022-05-20,18742.98842669778,-0.15033744316069186
2022-05-23,18593.086005143738,-0.15713286296645712
2022-05-24,18728.738983519506,-0.15098340302839053
2022-05-25,18796.632847246132,-0.14790561881733622
2022-05-26,18873.056975846284,-0.1444411381789057
2022-05-27,19031.41849960631,-0.13726224791233266
2022-05-31,18971.607366520708,-0.13997362344690756
2022-06-01,18844.664823163657,-0.14572821943261505
2022-06-02,19202.89153269367,-0.12948898292357192
2022-06-03,18805.306615856123,-0.1475124170371921
2022-06-06,18709.262576465047,-0.15186631312998156
2022-06-07,18878.334447337125,-0.14420189831925945
2022-06-08,18694.56303516412,-0.1525326769755848
2022-06-09,18219.921729228565,-0.17404925354286827
2022-06-10,17780.414248293306,-0.1939731334226389
2022-06-13,17291.52192711416,-0.21613574112293932
2022-06-14,17105.664282204085,-0.2245610934833714
2022-06-15,17329.071361338254,-0.21443353934143117
2022-06-16,17436.095614442114,-0.20958188503391884
2022-06-17,17353.764586390633,-0.2133141389418275
2022-06-21,17287.823428231764,-0.21630340254092373
2022-06-22,17388.689556735928,-0.21173091011376877
2022-06-23,17358.80330881163,-0.21308572212387056
2022-06-24,17232.826508888134,-0.2187965387497277
2022-06-27,17142.880056561375,-0.2228740172671727
2022-06-28,17132.652641246103,-0.2233376494078324
2022-06-29,17207.903982403066,-0.21992633390800864
2022-06-30,17317.357597602182,-0.21496455105736578
2022-07-01,17466.324274768678,-0.20821155068604558
2022-07-05,17558.591817522458,-0.20402885182796016
2022-07-06,17358.372132680044,-0.21310526832461896
2022-07-07,17541.555338602113,-0.20480115440369995
2022-07-08,17510.09977635227,-0.20622710702339797
2022-07-11,17433.807670054717,-0.20968560278873172
2022-07-12,17320.793063504403,-0.21480881352629744
2022-07-13,17417.77923206594,-0.21041220856224263
2022-07-14,17310.39197403071,-0.21528031871399445
2022-07-15,17393.66197430397,-0.21150549904652838
2022-07-18,17226.70418057683,-0.21907407790241595
2022-07-19,17347.663354972636,-0.21359072172406413
2022-07-20,17532.617989957955,-0.20520630486996938
2022-07-21,17758.434156201256,-0.19496954129641697
2022-07-22,17556.859386451364,-0.2041073868929083
2022-07-25,17420.42546580148,-0.21029224873136887
2022-07-26,17328.556023577923,-0.214456900781406
2022-07-27,17302.964375137675,-0.21561702876913402
2022-07-28,17497.454747071253,-0.206800335137593
2022-07-29,17716.59061369398,-0.19686640483303974
2022-08-01,17688.03512817866,-0.1981608903378259
2022-08-02,17542.64814811622,-0.20475161484764004
2022-08-03,17884.867625155166,-0.18923802281836977
2022-08-04,17954.98660410004,-0.1860593690425184
2022-08-05,17815.36424584564,-0.19238877005401256
2022-08-08,17801.525868128603,-0.19301609538367126
2022-08-09,17703.8323775998,-0.19744476487113805
2022-08-10,17987.46479034068,-0.18458705853714463
2022-08-11,17917.88072709732,-0.1877414633601453
2022-08-12,18204.057945679073,-0.17476839515385112
2022-08-15,18197.389291959596,-0.17507070048750295
2022-08-16,18159.902627994466,-0.17677005674952884
2022-08-17,18017.885481125875,-0.18320801900913908
2022-08-18,18049.684148611974,-0.18176651264391952
2022-08-19,17747.866305565334,-0.1954486061492141
2022-08-22,17396.77395018417,-0.21136442605843286
2022-08-23,17418.228893948384,-0.21039182436010506
2022-08-24,17414.577555288375,-0.21055734789728708
2022-08-25,17525.60760805056,-0.2055241015243905
2022-08-26,17086.539856250936,-0.2254280474761664
2022-08-29,17015.715732928464,-0.2286386670603069
2022-08-30,17008.690581846135,-0.22895713323522549
2022-08-31,16877.157030979546,-0.23491985009740246
2022-09-01,16744.789430206405,-0.24092037635048336
2022-09-02,16820.17410184522,-0.23750301667480378
2022-09-06,16664.067391857432,-0.24457969107316513
2022-09-07,16779.249466864578,-0.23935822403041618
2022-09-08,16698.679748550585,-0.2430106337373431
2022-09-09,16729.53873017727,-0.24161172548250787
2022-09-12,16796.27166953588,-0.23858656862971528
2022-09-13,16465.263155219116,-0.25359194206362035
2022-09-14,16468.567533796504,-0.253442147020967
2022-09-15,16323.651066638655,-0.26001154210409416
2022-09-16,16275.047754565478,-0.2622148414641968
2022-09-19,16272.940268780276,-0.26231037861761075
2022-09-20,16161.95169677293,-0.267341744572966
2022-09-21,16180.232824811079,-0.266513019204461
2022-09-22,15979.24178377292,-0.2756244030426446
2022-09-23,15869.84742490292,-0.28058349966828644
2022-09-26,15624.05899787915,-0.2917256515275416
2022-09-27,15481.144716635632,-0.2982042829413697
2022-09-28,15753.161324944323,-0.2858731476038956
2022-09-29,15655.389417981696,-0.29030537188775585
2022-09-30,15637.49982452445,-0.2911163480977208
2022-10-03,15909.472389302464,-0.2787872093542816
2022-10-04,16062.201840969528,-0.27186363380411693
2022-10-05,15996.455571207633,-0.27484406266619577
2022-10-06,15951.374715616641,-0.27688768101317107
2022-10-07,15724.611843293133,-0.28716736093978157
2022-10-10,15550.513064604254,-0.2950596569854157
2022-10-11,15540.977125683436,-0.29549194291874026
2022-10-12,15599.385533564606,-0.2928441561276788
2022-10-13,15520.261474026242,-0.29643103081406075
2022-10-14,15358.368519556041,-0.30377000891605255
2022-10-17,15399.291596278175,-0.30191487219986424
2022-10-18,15416.963780359234,-0.30111375165444154
2022-10-19,15287.799823365069,-0.30696904940380265
2022-10-20,15278.990595548734,-0.3073683918597552
2022-10-21,15343.101922304893,-0.3044620787055301
2022-10-24,15338.166093607997,-0.3046858311155115
2022-10-25,15496.453444961926,-0.29751030325384287
2022-10-26,15344.471566439976,-0.30439998960259307
2022-10-27,15200.200573634711,-0.31094012385621395
2022-10-28,15597.674941395424,-0.2929217011852271
2022-10-31,15437.633569760459,-0.3001767428001353
2022-11-01,15410.594444042481,-0.30140248824526994
2022-11-02,14986.146204680139,-0.3206436982429698
2022-11-03,14780.24235210617,-0.32997779107055025
2022-11-04,15133.24063892124,-0.31397557092789874
2022-11-07,15134.185026971925,-0.3139327596564234
2022-11-08,15365.820176471969,-0.30343220825568085
2022-11-09,15200.973761877638,-0.31090507346379803
2022-11-10,15860.844126965672,-0.2809916397669301
2022-11-11,16094.736823703797,-0.270388748583714
2022-11-14,16017.161939986956,-0.27390539558497207
2022-11-15,16127.947346691446,-0.26888323957771876
2022-11-16,16059.80858855172,-0.27197212541293536
2022-11-17,16005.87169933442,-0.27441720803033964
2022-11-18,15957.195593898618,-0.27662380728015046
2022-11-21,15822.88253170885,-0.2827125257512412
2022-11-22,16024.45302318671,-0.2735748740986115
2022-11-23,16247.299985161932,-0.26347271134925865
2022-11-25,16192.254509328963,-0.26596804873484103
2022-11-28,16110.854102593774,-0.2696581154488482
2022-11-29,15984.505407723964,-0.2753857909236661
2022-11-30,16189.632828455644,-0.26608689552828335
2022-12-01,16540.414782361353,-0.25018514682826964
2022-12-02,16681.38533100216,-0.24379462926136053
2022-12-05,16467.37130768425,-0.2534963746880795
2022-12-06,16578.90480480001,-0.24844030603055312
2022-12-07,16841.455304693063,-0.23653829104980373
2022-12-08,16804.297178819117,-0.2382227539283297
2022-12-09,16519.379573907372,-0.2511387209644623
2022-12-12,16514.829985691445,-0.25134496420956853
2022-12-13,16694.98175140852,-0.24317827241029
2022-12-14,16725.044057209983,-0.24181547929372527
2022-12-15,16612.139025566597,-0.2469337227500087
2022-12-16,16493.118435124423,-0.2523291984814867
2022-12-19,16296.204294007697,-0.26125576711665355
2022-12-20,16204.391684439453,-0.26541784281236935
2022-12-21,16203.434508174385,-0.26546123380286724
2022-12-22,16066.375155606487,-0.2716744479014098
2022-12-23,16081.53164695353,-0.2709873694645317
2022-12-27,16169.454369831821,-0.2670016312340886
2022-12-28,16074.905484246761,-0.27128774858334115
2022-12-29,16164.294483272717,-0.2672355406996978
2022-12-30,16165.52901662175,-0.26717957647787993
2023-01-03,16276.176485155424,-0.2621636735235674
2023-01-04,16404.46285351145,-0.25634815887544704
2023-01-05,16225.702269916896,-0.26445178520553037
2023-01-06,16573.8954586212,-0.24866739115622705
2023-01-09,16635.584367304913,-0.24587089175668786
2023-01-10,16657.10256423086,-0.24489542264779007
2023-01-11,16707.618227942086,-0.24260543201170892
2023-01-12,16894.658603822252,-0.23412646374984103
2023-01-13,16976.607301074124,-0.2304115417720045
2023-01-17,16943.391648391167,-0.23191728331882677
2023-01-18,16793.365618534943,-0.23871830657179527
2023-01-19,16770.59548411235,-0.23975052887234993
2023-01-20,16665.25805122411,-0.24452571575936854
2023-01-23,16868.182503544398,-0.2353266859633475
2023-01-24,16852.465289052976,-0.23603918326351925
2023-01-25,16859.5108315376,-0.23571979269967103
2023-01-26,17012.426228806104,-0.22878778780987508
2023-01-27,17042.44221881065,-0.2274270942943737
2023-01-30,16772.50503530302,-0.23966396454705963
2023-01-31,16930.44682162435,-0.23250410193910975
2023-02-01,17255.057714797553,-0.2177887473119593
2023-02-02,17524.431724316837,-0.20557740702493255
2023-02-03,17311.478808087628,-0.21523105003908316
2023-02-06,17109.484299385353,-0.22438792336281665
2023-02-07,17384.50293784042,-0.21192069912896128
2023-02-08,17264.29658767381,-0.21736992806224076
2023-02-09,17176.5849223352,-0.22134609857142595
2023-02-10,17078.82531613361,-0.22577776523363935
2023-02-13,17279.719470006792,-0.21667077351236075
2023-02-14,17317.63427421975,-0.21495200867314468
2023-02-15,17369.348168400746,-0.2126076995078381
2023-02-16,17154.867184134728,-0.22233061334292825
2023-02-17,17034.274140964688,-0.22779737195496153
2023-02-21,16742.57379658907,-0.2410208160926135
2023-02-22,16724.69722785987,-0.24183120186185025
2023-02-23,16763.449170137912,-0.24007448763843697
2023-02-24,16583.825407001186,-0.24821724387246713
2023-02-27,16615.389164098862,-0.24678638653272367
2023-02-28,16625.678369866597,-0.24631995328945255
2023-03-01,16590.581661479162,-0.24791096739596685
2023-03-02,16593.010148184065,-0.2478008785362843
2023-03-03,16771.278096009104,-0.2397195845129808
2023-03-06,16683.7970190267,-0.24368530192430082
2023-03-07,16466.621794695206,-0.2535303518270585
2023-03-08,16447.11532171359,-0.25441462488593036
2023-03-09,16375.019310750979,-0.2576829020473862
2023-03-10,16647.166765122976,-0.24534583515843433
2023-03-13,16794.725386100978,-0.23865666519633455
2023-03-14,16625.919930245178,-0.24630900280470458
2023-03-15,16799.78645748091,-0.23842723524892584
2023-03-16,16760.005337859588,-0.2402306044364796
2023-03-17,17009.958069148786,-0.2288996751352782
2023-03-20,16969.98752166131,-0.23071163152149143
2023-03-21,16729.01968989851,-0.24163525476611603
2023-03-22,16855.680285246766,-0.23589344012885705
2023-03-23,16982.48397772242,-0.23014513857134977
2023-03-24,16887.44837143475,-0.23445332008386321
2023-03-27,16689.90616194294,-0.2434083604957442
2023-03-28,16743.191001351304,-0.24099283678832983
2023-03-29,16892.626898987506,-0.23421856557935372
2023-03-30,17066.06924753811,-0.22635602701406232
2023-03-31,17215.517608637838,-0.21958119080776317
2023-04-03,17252.995590729803,-0.21788222811491542
2023-04-04,17203.22283048927,-0.2201385412366096
2023-04-05,17049.54821080571,-0.2271049634158846
2023-04-06,17107.886487247866,-0.22446035584344248
2023-04-10,16982.51612949522,-0.2301436810579125
2023-04-11,16959.57850506967,-0.23118349606358546
2023-04-12,16968.3553112533,-0.23078562335443698
2023-04-13,17175.668814581608,-0.22138762783231747
2023-04-14,17025.862343948324,-0.22817869796327073
2023-04-17,17053.649335953574,-0.22691905002791668
2023-04-18,17112.04416808574,-0.22427187865662424
2023-04-19,17026.10824144092,-0.2281675508672194
2023-04-20,17056.925797606076,-0.22677052052335345
2023-04-21,16985.77735788615,-0.22999584211195623
2023-04-24,17009.62819133259,-0.2289146292515788
2023-04-25,16806.475203252867,-0.23812401909655634
2023-04-26,16765.104246601826,-0.23999945923485055
2023-04-27,16787.673362692018,-0.238976349555314
2023-04-28,16891.052864280293,-0.2342899201746529
2023-05-01,16859.545233195975,-0.23571823319377205
2023-05-02,16754.55662208038,-0.24047760719159295
2023-05-03,16814.696727426202,-0.2377513185916421
2023-05-04,16764.52573611009,-0.2400256844393045
2023-05-05,16644.587458036167,-0.24546276105116616
2023-05-08,16590.5668934967,-0.24791163686240691
2023-05-09,16540.96808059803,-0.2501600645530333
2023-05-10,16589.594480480202,-0.24795571856971488
2023-05-11,16489.61200000973,-0.25248815320936235
2023-05-12,16446.198257082993,-0.2544561975242462
2023-05-15,16564.41228471183,-0.24909728513083507
2023-05-16,16474.950156323972,-0.25315280813580276
2023-05-17,16606.372257041512,-0.2471951435639247
2023-05-18,16762.035303058157,-0.24013858146865585
2023-05-19,16767.25848143729,-0.23990180284000773
2023-05-22,16807.869975855396,-0.23806079086268594
2023-05-23,16558.06240829233,-0.24938513955998898
2023-05-24,16460.464964132163,-0.2538094550457731
2023-05-25,16784.869359518052,-0.23910346143587113
2023-05-26,17060.372086606636,-0.2266142923564699
2023-05-30,17121.75138885126,-0.2238318281253181
2023-05-31,17034.07465687128,-0.2278064150254152
2023-06-01,17157.69307974384,-0.2222025090281874
2023-06-02,17176.027153175193,-0.2213713835238481
2023-06-05,17108.763003834447,-0.22442062134075214
2023-06-06,17149.955779587395,-0.2225532585503177
2023-06-07,16924.446760696752,-0.23277609843149805
2023-06-08,17079.758750626755,-0.2257354505119935
2023-06-09,17113.043557737303,-0.22422657403671553
2023-06-12,17346.577529854232,-0.21363994466148362
2023-06-13,17443.162009633066,-0.20926154916917328
2023-06-14,17556.226991348904,-0.2041360548100759
2023-06-15,17764.395677112665,-0.19469929191115765
2023-06-16,17660.342847807176,-0.19941624477808317
2023-06-20,17471.458005255234,-0.20797882693506042
2023-06-21,17330.144615864272,-0.214384886257731
2023-06-22,17266.321332018342,-0.2172781417676779
2023-06-23,17069.35178901219,-0.22620722189727394
2023-06-26,16993.452157868796,-0.22964792586572957
2023-06-27,17116.062492669585,-0.22408971880770412
2023-06-28,17163.860257774377,-0.2219229367350921
2023-06-29,17076.675941166053,-0.22587520131954864
2023-06-30,17283.16071155473,-0.2165147741580551
2023-07-03,17223.11370632458,-0.21923684231671225
2023-07-05,17114.208884135576,-0.22417374712434868
2023-07-06,17004.754578646127,-0.22913556126743206
2023-07-07,16972.053418562737,-0.23061797968735098
2023-07-10,17016.663340057174,-0.22859570986065814
2023-07-11,17073.89675713414,-0.2260011880916003
2023-07-12,17277.034801940197,-0.21679247565941429
2023-07-13,17535.581111466083,-0.2050719797911983
2023-07-14,17456.627347065598,-0.20865113460927676
2023-07-17,17593.04124838211,-0.20246718029301014
2023-07-18,17755.302539100867,-0.1951115046659706
2023-07-19,17727.869078398355,-0.19635512621835038
2023-07-20,17518.70696770741,-0.20583692334257164
2023-07-21,17486.533797369375,-0.20729540677908187
2023-07-24,17487.576862123708,-0.20724812226681844
2023-07-25,17567.443971922137,-0.20362756341175137
2023-07-26,17512.511628760854,-0.2061177722344334
2023-07-27,17367.77673461088,-0.21267893619760192
2023-07-28,17569.63559115801,-0.20352821229648754
2023-07-31,17607.280224421414,-0.20182169492467394
2023-08-01,17502.14211958927,-0.20658784581476752
2023-08-02,17118.120619052752,-0.22399641922893843
2023-08-03,17053.4257516401,-0.22692918561649678
2023-08-04,17162.370294404966,-0.22199048018425993
2023-08-07,17171.33227811382,-0.2215842129541329
2023-08-08,17127.679639317335,-0.22356308696548166
2023-08-09,17128.97446412449,-0.22350438959389607
2023-08-10,17036.665085270226,-0.22768898497815426
2023-08-11,16974.835666253563,-0.23049185403262995
2023-08-14,16945.792445864587,-0.2318084496753714
2023-08-15,16900.226415682384,-0.23387406209683992
2023-08-16,16839.804490134004,-0.2366131262514901
2023-08-17,16829.25330971415,-0.2370914354052447
2023-08-18,16861.352055300373,-0.23563632581304772
2023-08-21,16798.279346410796,-0.2384955560426073
2023-08-22,16823.698803874864,-0.23734323386587142
2023-08-23,17005.178666681877,-0.22911633638628837
2023-08-24,16882.32432170418,-0.23468560498402602
2023-08-25,16871.63727403847,-0.23517007331095396
2023-08-28,16961.95491919998,-0.2310757677728721
2023-08-29,17151.243108827573,-0.22249490096993596
2023-08-30,17242.224068697527,-0.21837052585819083
2023-08-31,17288.371611687733,-0.2162785521304016
2023-09-01,17277.02016850982,-0.21679313902630026
2023-09-05,17233.157105206315,-0.21878155206208794
2023-09-06,17085.979810860565,-0.22545343561531983
2023-09-07,16918.697781217565,-0.2330367128272549
2023-09-08,16952.466589358137,-0.23150589547769795
2023-09-11,16976.7600455364,-0.23040461751598906
2023-09-12,16866.018238699322,-0.23542479704147867
2023-09-13,16867.313936562223,-0.23536606009227823
2023-09-14,16953.24800654382,-0.2314704720484757
2023-09-15,16822.192962961963,-0.23741149708041975
2023-09-18,16846.384848037047,-0.23631482356925326
2023-09-19,16816.37504050872,-0.23767523681895975
2023-09-20,16789.09973759619,-0.23891168871679147
2023-09-21,16658.673764846946,-0.2448241965283272
2023-09-22,16717.5037129589,-0.24215730035395155
2023-09-25,16610.80937812521,-0.24699399871129213
2023-09-26,16503.372570900116,-0.25186435504120896
2023-09-27,16418.038347526977,-0.255732750665561
2023-09-28,16446.228537627063,-0.2544548248378895
2023-09-29,16391.602813799258,-0.2569311339045173
2023-10-02,16271.666038635465,-0.26236814238602346
2023-10-03,16148.46818917545,-0.2679529828280204
2023-10-04,16260.732389147757,-0.26286378973786617
2023-10-05,16260.800256683446,-0.2628607131471653
2023-10-06,16313.779948285228,-0.2604590224881236
2023-10-09,16418.310215348378,-0.2557204262750745
2023-10-10,16448.479804293976,-0.2543527697680794
2023-10-11,16556.238104890283,-0.24946783940794004
2023-10-12,16470.280317418892,-0.2533645026198299
2023-10-13,16308.354851881177,-0.26070495452291054
2023-10-16,16378.608960504831,-0.2575201750094891
2023-10-17,16351.760630981631,-0.2587372712264965
2023-10-18,16398.61101126872,-0.2566134362756666
2023-10-19,16482.643802414073,-0.2528040375523978
2023-10-20,16393.352687593837,-0.2568518081209975
2023-10-23,16366.288975130867,-0.25807866813954705
2023-10-24,16374.25328878279,-0.257717627576169
2023-10-25,16344.11278424303,-0.25908396562049074
2023-10-26,16397.384445862244,-0.25666903929241447
2023-10-27,16517.694202873463,-0.2512151226902327
2023-10-30,16448.92994875176,-0.25433236368969736
2023-10-31,16384.24293322544,-0.2572647741332801
2023-11-01,16413.43306988472,-0.2559415184398025
2023-11-02,16483.45938745009,-0.2527670652163302
2023-11-03,16561.633555652592,-0.24922325127793432
2023-11-06,16438.72905164338,-0.25479479369935454
2023-11-07,16591.451344582205,-0.24787154267072298
2023-11-08,16764.47730940848,-0.24002787973250794
2023-11-09,16522.05832014841,-0.25101728726731276
2023-11-10,16819.61472649855,-0.23752837443934294
2023-11-13,16753.82807169356,-0.24051063404784234
2023-11-14,17166.52004941403,-0.2218023622933991
2023-11-15,17149.428340453665,-0.2225771685732414
2023-11-16,17188.11743081558,-0.22082330357101665
2023-11-17,17238.546437599525,-0.21853724129175478
2023-11-20,17426.578908442454,-0.21001329909491462
2023-11-21,17318.595602218396,-0.21490842947506283
2023-11-22,17374.561311980313,-0.21237137577961784
2023-11-24,17314.760189355286,-0.21508229751710695
2023-11-27,17287.65998339062,-0.2163108118696001
2023-11-28,17370.34167438767,-0.2125626616079116
2023-11-29,17431.602249491927,-0.20978557954972776
2023-11-30,17312.72834158668,-0.21517440582613856
2023-12-01,17535.838924889587,-0.2050602925187306
2023-12-04,17271.309683806983,-0.2170520083657539
2023-12-05,17485.149486543913,-0.20735816075665714
2023-12-06,17634.531354140036,-0.2005863388530401
2023-12-07,17576.195573871515,-0.2032308332682191
2023-12-08,17425.047152440762,-0.2100827370997419
2023-12-11,17425.839219836853,-0.21004683087211007
2023-12-12,17489.684944990622,-0.20715255804632415
2023-12-13,17819.88912575746,-0.19218364689287404
2023-12-14,18111.857006083246,-0.17894807473837182
2023-12-15,18124.40142592279,-0.17837940748039327
2023-12-18,18054.444184939493,-0.18155072930432525
2023-12-19,18149.70637970749,-0.17723227601747338
2023-12-20,18107.031575228426,-0.17916682256153738
2023-12-21,18085.83983405935,-0.1801274926839148
2023-12-22,18064.090494090113,-0.18111344003591268
2023-12-26,18149.467978611152,-0.1772430832847275
2023-12-27,18268.36492520789,-0.1718532126117096
2023-12-28,18187.88132237483,-0.17550171850681928
2023-12-29,18080.69951704392,-0.18036051501732642
2024-01-02,17964.70310896445,-0.18561889764176365
2024-01-03,17930.734369256912,-0.18715877834677463
2024-01-04,17854.172364891845,-0.19062950920914368
2024-01-05,17866.990260855946,-0.19004844465261617
2024-01-08,17872.38974216201,-0.18980367380883867
2024-01-09,17756.43834206188,-0.19506001611857626
2024-01-10,17790.639654925308,-0.19350959234018839
2024-01-11,17848.69676369954,-0.19087773074155734
2024-01-12,17906.337289305313,-0.1882647538112615
2024-01-16,17753.21119541637,-0.19520631006101996
2024-01-17,17688.041552435814,-0.19816059911154782
2024-01-18,17768.967595472885,-0.1944920363895103
2024-01-19,18004.34990441223,-0.18382161767638416
2024-01-22,18074.458171136903,-0.18064344950998812
2024-01-23,18114.561935168953,-0.17882545411295658
2024-01-24,18154.286039778828,-0.177024669546345
2024-01-25,18206.368927141903,-0.17466363307569077
2024-01-26,18090.562906913052,-0.179913384983176
2024-01-29,18253.69751946466,-0.17251811967894348
2024-01-30,18144.571116022827,-0.17746506927183725
2024-01-31,17921.960837498056,-0.18755650261875478
2024-02-01,18128.441852434327,-0.17819624570051273
2024-02-02,17985.9687438485,-0.184654877748188
2024-02-05,17928.13433037222,-0.18727664405934707
2024-02-06,17981.250733384153,-0.1848687559592327
2024-02-07,18010.944248063923,-0.18352268098815594
2024-02-08,18027.14720682113,-0.1827881637888389
2024-02-09,18206.867524915368,-0.17464103049762836
2024-02-12,18149.35706266407,-0.17724811135842888
2024-02-13,17813.05828879384,-0.19249330436412315
2024-02-14,18009.53382093191,-0.1835866188776718
2024-02-15,18059.06383136852,-0.18134131016009802
2024-02-16,17965.53719351916,-0.18558108668017936
2024-02-20,17872.83092116784,-0.18978367415491026
2024-02-21,17814.06296876244,-0.1924477599220369
2024-02-22,17960.36617444827,-0.18581550080802356
2024-02-23,17947.383771101606,-0.18640402286066138
2024-02-26,17937.272861301564,-0.18686237353970458
2024-02-27,17956.499114913666,-0.18599080346610675
2024-02-28,17870.33577504073,-0.18989678483874484
2024-02-29,17927.410411182555,-0.1873094609728313
2024-03-01,18170.13610600438,-0.17630614977304715
2024-03-04,18272.315095956626,-0.1716741423320982
2024-03-05,18254.115168322744,-0.17249918670045883
2024-03-06,18397.830781087658,-0.16598422909499877
2024-03-07,18491.84123059651,-0.16172252028523781
2024-03-08,18464.66108890268,-0.16295465830725886
2024-03-11,18466.22715533224,-0.1628836649322204
2024-03-12,18283.2462257984,-0.17117860920157169
2024-03-13,18306.66171422428,-0.17011713152721986
2024-03-14,18220.732444737514,-0.17401250195360618
2024-03-15,18140.109760549523,-0.1776673127248085
2024-03-18,18163.81013772813,-0.1765929203913561
2024-03-19,18153.783925847925,-0.17704743151987035
2024-03-20,18358.624180693918,-0.16776155401123627
2024-03-21,18348.970553306688,-0.1681991750320616
2024-03-22,18288.12284793513,-0.170957540760451
2024-03-25,18261.671206473937,-0.1721566541998265
2024-03-26,18270.800428318034,-0.17174280568232114
2024-03-27,18348.914153952453,-0.16820173174385333
2024-03-28,18379.468218782204,-0.16681664606519486
2024-04-01,18444.80055786881,-0.16385498162786594
2024-04-02,18564.17514956484,-0.15844345820945416
2024-04-03,18674.93638315018,-0.15342239802500968
2024-04-04,18558.376774625092,-0.1587063118144748
2024-04-05,18710.42498443145,-0.15181361851680997
2024-04-08,18788.484698583816,-0.14827499304242342
2024-04-09,18873.34813503662,-0.1444279392665191
2024-04-10,18663.997841579123,-0.15391826714618562
2024-04-11,18890.65766363966,-0.14364325872381578
2024-04-12,18666.07442565445,-0.15382413083799573
2024-04-15,18843.893996583985,-0.14576316276543122
2024-04-16,18830.664695178817,-0.14636287727206243
2024-04-17,18779.44227091284,-0.14868490698144132
2024-04-18,18803.546971316107,-0.14759218575096178
2024-04-19,18849.487194297875,-0.14550961031358622
2024-04-22,18571.83798197505,-0.15809608448067258
2024-04-23,18561.881475311908,-0.158547435712184
2024-04-24,18523.43644203789,-0.16029023704811418
2024-04-25,18537.133203421432,-0.15966933151092777
2024-04-26,18588.967061178013,-0.15731958412221525
2024-04-29,18621.62298439747,-0.15583921639285847
2024-04-30,18488.55489659706,-0.16187149732588013
2024-05-01,18502.129972877367,-0.16125610805288748
2024-05-02,18640.645546226275,-0.15497688013392585
2024-05-03,18791.715679988007,-0.14812852526159326
2024-05-06,18923.450491338106,-0.1421566848011342
2024-05-07,18882.711519074233,-0.14400347564092486
2024-05-08,18888.969120826037,-0.14371980423361896
2024-05-09,18927.817386422605,-0.1419587234537506
2024-05-10,18967.15514129971,-0.14017545300464807
2024-05-13,19035.930702173322,-0.13705769944424506
2024-05-14,19183.11078544153,-0.13038568946277584
2024-05-15,19481.872035450466,-0.11684215831458844
2024-05-16,19415.950630270916,-0.1198305264659294
2024-05-17,19396.383055244372,-0.12071756942032374
2024-05-20,19551.768780366358,-0.11367357891583107
2024-05-21,19547.613504135537,-0.11386194709630881
2024-05-22,19391.498949674442,-0.12093897710259649
2024-05-23,19288.56145773617,-0.12560536917432796
2024-05-24,19424.97391694364,-0.11942148023216448
2024-05-28,19503.510468760545,-0.115861238615249
2024-05-29,19369.0957724083,-0.12195456439550456
2024-05-30,19131.70519620512,-0.13271602245941938
2024-05-31,19130.757197128947,-0.13275899742694353
2024-06-03,19230.84745304419,-0.12822167707975118
2024-06-04,19308.52974647502,-0.12470016095036152
2024-06-05,19496.657191510913,-0.11617191335601529
2024-06-06,19451.87011568471,-0.11820221399396713
2024-06-07,19230.071520596684,-0.12825685187324054
2024-06-10,19244.690538052357,-0.1275941383578134
2024-06-11,19419.515736790137,-0.11966891202902286
2024-06-12,19709.01725332659,-0.10654514578911822
2024-06-13,19896.679676883137,-0.09803797868258601
2024-06-14,20015.68442383327,-0.09264322117285839
2024-06-17,20007.039001153833,-0.09303513796710372
2024-06-18,20128.570087578486,-0.08752585570772053
2024-06-20,19909.42118999299,-0.09746037673563612
2024-06-21,19847.504557925804,-0.10026719935727035
2024-06-24,19646.914166670857,-0.10936042082393405
2024-06-25,19825.890303460892,-0.1012470229742275
2024-06-26,19776.158973660506,-0.10350145795926047
2024-06-27,19829.960510379067,-0.10106251118036458
2024-06-28,19678.090858767577,-0.10794711002644353
2024-07-01,19777.503929374423,-0.10344048803895178
2024-07-02,19862.03605969646,-0.09960845312811606
2024-07-03,20093.518092509905,-0.08911484285716931
2024-07-05,20191.822742037286,-0.08465846813372069
2024-07-08,20088.928755597346,-0.08932288800165478
2024-07-09,20072.776792484732,-0.09005509345170404
2024-07-10,20329.619926411106,-0.07841180643096113
2024-07-11,20155.973608618155,-0.08628359138877129
2024-07-12,20291.28664884787,-0.08014954162477994
2024-07-15,20300.757139596095,-0.0797202226068906
2024-07-16,20540.128619933526,-0.06886896562546885
2024-07-17,20246.159857487106,-0.08219524234531839
2024-07-18,20101.062927624367,-0.08877281821582905
2024-07-19,19840.700892321252,-0.10057562508863394
2024-07-22,19818.027809780666,-0.10160344780528374
2024-07-23,19806.382563369705,-0.10213135347407598
2024-07-24,19688.94959651141,-0.10745485859537873
2024-07-25,19522.238412609702,-0.11501225806353754
2024-07-26,19638.710371340007,-0.1097323176398477
2024-07-29,19667.907300479575,-0.10840875402769468
2024-07-30,19702.73988450122,-0.10682971328310376
2024-07-31,19888.843412726383,-0.09839321446931959
2024-08-01,19954.081150624424,-0.09543583852035364
2024-08-02,20304.145042711145,-0.07956664120580748
2024-08-05,20370.476848719245,-0.07655966864574704
2024-08-06,20048.002455562244,-0.09117817083799618
2024-08-07,19942.063527163376,-0.09598062489297399
2024-08-08,19858.089190932784,-0.09978737372118851
2024-08-09,20000.69400255678,-0.09332277127340383
2024-08-12,20082.62023549752,-0.08960886765419807
2024-08-13,20144.012620007943,-0.08682581037400006
2024-08-14,20172.900117761907,-0.08551627399465944
2024-08-15,20075.752754661786,-0.08992018627602594
2024-08-16,20135.87714731973,-0.08719460996817352
2024-08-19,20189.122507485637,-0.08478087594516392
2024-08-20,20153.17068461355,-0.08641065434811179
2024-08-21,20261.392658339013,-0.08150470462395809
2024-08-22,19943.39765071506,-0.09592014601936782
2024-08-23,20297.173911187856,-0.07988265855049648
2024-08-26,20137.206571094415,-0.08713434414621346
2024-08-27,20225.042367220292,-0.08315254650438053
2024-08-28,20024.37791144034,-0.09224912548545183
2024-08-29,20021.506089844603,-0.09237931173026348
2024-08-30,20075.030612207713,-0.08995292264601995
2024-09-03,19606.7398312959,-0.1111816153814349
2024-09-04,19679.586431602096,-0.10787931228738568
2024-09-05,19752.843611504682,-0.10455839668066169
2024-09-06,19760.90237262616,-0.10419307459735516
2024-09-09,19814.799699839685,-0.10174978541611557
2024-09-10,19909.095624374484,-0.0974751353701474
2024-09-11,19894.30918959346,-0.09814543829605049
2024-09-12,19833.615976693905,-0.10089680052714345
2024-09-13,19925.12623254615,-0.09674843121728005
2024-09-16,20035.526228274815,-0.0917437467715354
2024-09-17,19936.58759344585,-0.09622886149951693
2024-09-18,19747.175849692765,-0.10481532929370274
2024-09-19,19767.208947085583,-0.10390718314514369
2024-09-20,19826.172445485194,-0.10123423283061206
2024-09-23,19841.53574351057,-0.10053777937374864
2024-09-24,20061.278973272638,-0.09057631590819915
2024-09-25,20043.007433700855,-0.0914046066095816
2024-09-26,20232.920668897907,-0.08279540506062766
2024-09-27,20095.66571709982,-0.08901748611988414
2024-09-30,20007.66478855207,-0.0930067695922897
2024-10-01,19865.017346209963,-0.09947330458808257
2024-10-02,19914.031705995712,-0.09725137149452734
2024-10-03,19786.861262342318,-0.1030162987221952
2024-10-04,19889.745696045426,-0.09835231190168214
2024-10-07,19805.80187935533,-0.10215767720928493
2024-10-08,19659.67431851214,-0.10878197394063549
2024-10-09,19773.846321101122,-0.10360629579205172
2024-10-10,19796.745378752486,-0.10256822910650898
2024-10-11,19869.865751826725,-0.09925351526638271
2024-10-14,20013.116904120045,-0.09275961271697142
2024-10-15,19812.039102158415,-0.10187492962635969
2024-10-16,19887.480546535793,-0.09845499631252219
2024-10-17,19984.74335442156,-0.09404585065483839
2024-10-18,20110.89071428622,-0.08832730215653906
2024-10-21,20176.663716165942,-0.08534566146638545
2024-10-22,20255.34840994072,-0.08177870423551137
2024-10-23,19975.972295436437,-0.09444346283032656
2024-10-24,20086.59294561928,-0.08942877561322837
2024-10-25,20149.469951287603,-0.08657841705853553
2024-10-28,20166.35565176759,-0.08581294961453856
2024-10-29,20393.531464759268,-0.07551455014246655
2024-10-30,20353.976041393165,-0.07730768800228782
2024-10-31,20088.102226993247,-0.08936035643470674
2024-11-01,20011.801782998155,-0.09281923016695004
2024-11-04,20045.048414782417,-0.091312084266573
2024-11-05,20092.622682261255,-0.08915543385279756
2024-11-06,19618.532639560668,-0.11064702039612906
2024-11-07,19899.492112185235,-0.09791048455436469
2024-11-08,19842.859015519785,-0.10047779242539512
2024-11-11,19765.729119777985,-0.10397426710343405
2024-11-12,19718.6391576652,-0.10610896284668203
2024-11-13,19650.507387425296,-0.1091975319044085
2024-11-14,19600.81119880246,-0.1114503738594459
2024-11-15,19331.033659018805,-0.12368000709679539
2024-11-18,19372.42432367319,-0.12180367354960986
2024-11-19,19528.704958823608,-0.11471911472561602
2024-11-20,19530.377174079797,-0.11464330938135547
2024-11-21,19646.492552988333,-0.1093795335369836
2024-11-22,19694.91072613345,-0.10718462694816189
2024-11-25,19409.74788836213,-0.12011171095101003
2024-11-26,19349.326637245165,-0.12285074453214073
2024-11-27,19363.222321220423,-0.12222082137865742
2024-11-29,19496.163990586327,-0.11619427128256787
2024-12-02,19474.780164593983,-0.1171636490495509
2024-12-03,19388.170571722258,-0.12108986009182954
2024-12-04,19522.947698333435,-0.11498010451855123
2024-12-05,19480.192012261927,-0.11691831761029015
2024-12-06,19552.46490605337,-0.11364202194542472
2024-12-09,19392.59569631777,-0.12088925906745929
2024-12-10,19192.1513813889,-0.12997585855998073
2024-12-11,19145.12537803555,-0.13210765490630005
2024-12-12,18997.3901157445,-0.1388048324233465
2024-12-13,18949.17021085659,-0.1409907510583518
2024-12-16,19060.76488777788,-0.13593190898023688
2024-12-17,18969.2623186694,-0.14007992983241513
2024-12-18,18464.463374526407,-0.16296362115238494
2024-12-19,18442.04120719051,-0.16398006930861175
2024-12-20,18585.94610139106,-0.15745653114252267
2024-12-23,18571.360266830477,-0.1581177404013795
2024-12-24,18693.414488449496,-0.15258474322649307
2024-12-26,18763.388683282403,-0.1494126528457611
2024-12-27,18551.385627768355,-0.15902323650003203
2024-12-30,18429.749000879965,-0.16453730315015525
2024-12-31,18366.53987754354,-0.16740271735876133
2025-01-02,18410.71479056645,-0.16540016746155617
2025-01-03,18330.071174984536,-0.16905592710074446
2025-01-06,18316.127770764968,-0.1696880135221055
2025-01-07,18226.578567889625,-0.173747483812852
2025-01-08,18272.799609831967,-0.1716521782093674
2025-01-10,18257.430699903984,-0.17234888606661836
2025-01-13,18141.131026504296,-0.17762101640201355
2025-01-14,18201.874017067345,-0.17486739763552328
2025-01-15,18339.111970245613,-0.16864608716260288
2025-01-16,18426.872044986412,-0.16466772214443626
2025-01-17,18375.32121992872,-0.16700463901321605
2025-01-21,18612.59574340352,-0.1562484418850537
2025-01-22,18711.07847912822,-0.15178399410674803
2025-01-23,18740.595982872594,-0.15044589811415632
2025-01-24,18818.0487789392,-0.1469347856254687
2025-01-27,18655.050144556033,-0.15432388672815323
2025-01-28,18737.529511138142,-0.15058490829519322
2025-01-29,18689.409677966407,-0.15276629045030032
2025-01-30,18877.054819518173,-0.14425990677659306
2025-01-31,18780.106854248395,-0.14865477989800813
2025-02-03,18747.147032945908,-0.15014892402290914
2025-02-04,18914.035854765025,-0.14258347182144748
2025-02-05,19050.0014878884,-0.13641983852819284
2025-02-06,19032.026572649487,-0.137234682569771
2025-02-07,19003.811752426005,-0.13851372493729963
2025-02-10,19192.381175041235,-0.1299654414878606
2025-02-11,19101.163964189713,-0.13410052639723702
2025-02-12,19059.4889316866,-0.13598975098975274
2025-02-13,19278.808311453522,-0.1260475016144217
2025-02-14,19123.1659864974,-0.13310312437659888
2025-02-18,19367.25423429124,-0.12203804553252695
2025-02-19,19355.557958146288,-0.12256826449593727
2025-02-20,19364.928304755675,-0.12214348524103147
2025-02-21,19126.70581848242,-0.1329426556921659
2025-02-24,19129.27480478699,-0.1328261976641112
2025-02-25,19024.317281731863,-0.13758416236900928
2025-02-26,19076.22419947902,-0.13523110300373342
2025-02-27,18867.332225602466,-0.14470065420797718
2025-02-28,19035.56094924648,-0.13707446119056155
2025-03-03,19107.826036838032,-0.13379851939860077
2025-03-04,18942.33680583634,-0.14130052494548473
2025-03-05,18819.405155661807,-0.14687329796470017
2025-03-06,18749.46600649672,-0.1500437996451114
2025-03-07,18703.345629656105,-0.15213454186917275
2025-03-10,18683.72682104527,-0.15302390735918592
2025-03-11,18578.29960773179,-0.1578031641983343
2025-03-12,18515.50043597348,-0.16064999436377114
2025-03-13,18603.197435228944,-0.15667448870169687
2025-03-14,18592.35873946681,-0.1571658315838671
2025-03-17,18717.832610649235,-0.15147781386874504
2025-03-18,18832.7821833635,-0.14626688668699062
2025-03-19,18901.99210655216,-0.14312944248885162
2025-03-20,18827.44308977173,-0.14650892001748805
2025-03-21,18702.775802920132,-0.15216037341910593
2025-03-24,18616.431449211545,-0.15607456056314628
2025-03-25,18690.98134017602,-0.1526950434057467
2025-03-26,18623.953679861268,-0.15573356063392074
2025-03-27,18724.184281129048,-0.1511898781107316
2025-03-28,18678.940240005493,-0.1532408940313318
2025-03-31,18870.12801210746,-0.14457391480782766
2025-04-01,18871.58735627605,-0.14450775939710203
2025-04-02,18887.074508711714,-0.14380569133639176
2025-04-03,18859.825937158043,-0.1450409314405543
2025-04-04,18778.68805771627,-0.1487190971915835
2025-04-07,18396.85156872593,-0.16602861903218546
2025-04-08,18256.224721911567,-0.17240355580877476
2025-04-09,18441.856473129166,-0.1639884437263579
2025-04-10,18628.48433791288,-0.15552817553648268
2025-04-11,18838.781066763368,-0.14599494357462905
2025-04-14,18816.512186893953,-0.1470044428592171
2025-04-15,18889.15345479239,-0.1437114479530942
2025-04-16,19278.798022536273,-0.12604796803458573
2025-04-17,19223.926668135537,-0.12853541209718544
2025-04-21,19539.764682387104,-0.11421775214741003
2025-04-22,19394.59182712996,-0.12079876988979676
2025-04-23,19143.50498598024,-0.13218111098627283
2025-04-24,19430.801049554255,-0.11915732297611425
2025-04-25,19317.4813971694,-0.12429436213942668
2025-04-28,19426.232923323754,-0.11936440659184344
2025-04-29,19338.520128850632,-0.1233406282872801
2025-04-30,19335.13443620942,-0.1234941094825257
2025-05-01,19445.618755362815,-0.11848560246297235
2025-05-02,19778.432227595247,-0.10339840615628404
2025-05-05,19738.36170334043,-0.10521489471814771
2025-05-06,19626.986770586696,-0.11026377529028475
2025-05-07,19696.401846918845,-0.10711703103067893
2025-05-08,19817.338143447512,-0.10163471195839813
2025-05-09,19864.272540701462,-0.09950706832619594
2025-05-12,20505.12014781384,-0.07045597978004625
2025-05-13,20794.032020055736,-0.05735894346535597
2025-05-14,20872.212005433023,-0.053814865821115054
2025-05-15,20929.05489445066,-0.05123804758267114
2025-05-16,20963.093651722327,-0.049694992821250006
2025-05-19,20989.522832019975,-0.048496897597818056
2025-05-20,20972.377845318508,-0.04927411907958534
2025-05-21,20734.34578244906,-0.06006465720206022
2025-05-22,20742.49068280534,-0.05969543023011914
2025-05-23,20618.759838287195,-0.06530443255780694
2025-05-27,20996.17504516868,-0.04819533755286187
2025-05-28,20867.539617115825,-0.05402667587582766
2025-05-29,20944.555865170147,-0.05053535310753343
2025-05-30,20847.425731724372,-0.05493848432924009
2025-06-02,20997.717958594945,-0.04812539375644598
2025-06-03,20847.904688396942,-0.05491677212722801
2025-06-04,20970.230770806313,-0.049371450880588696
2025-06-05,20900.603173157237,-0.05252782921782462
2025-06-06,20738.061862527305,-0.059896198788235266
2025-06-09,20815.193490236874,-0.05639964559613386
2025-06-10,20902.708037456072,-0.052432410902386706
2025-06-11,20865.083933637427,-0.05413799762748983
2025-06-12,21024.73543187622,-0.04690062986581656
2025-06-13,20818.16371285014,-0.056264998608016814
2025-06-16,20749.348866767945,-0.05938453305682523
2025-06-17,20613.815232915895,-0.06552858283452356
2025-06-18,20608.724302397906,-0.06575936636499002
2025-06-20,20546.82327576863,-0.06856548155641229
2025-06-23,20647.457192209276,-0.06400351583349062
2025-06-24,20893.001287352574,-0.05287244009750647
2025-06-25,20995.117682649754,-0.04824327021551322
2025-06-26,21140.42051833583,-0.04165636016283569
2025-06-27,21088.534421489625,-0.04400847566902488
2025-06-30,21266.277730485665,-0.035950964724423495
2025-07-01,21143.602339929897,-0.041512120908695826
2025-07-02,21282.302198996626,-0.03522453889642585
2025-07-03,21446.60897759585,-0.02777613662287004
2025-07-07,21257.14327004998,-0.03636505071927354
2025-07-08,21370.77957820026,-0.031213656825479275
2025-07-09,21516.316617250588,-0.024616129798349262
2025-07-10,21485.77796061414,-0.026000516988345157
2025-07-11,21342.2355555423,-0.03250762269270979
2025-07-14,21334.98569415673,-0.03283627549990131
2025-07-15,21402.83604740435,-0.029760463718429664
2025-07-16,21496.120456190616,-0.025531667996095297
2025-07-17,21605.629583385176,-0.020567368659665353
2025-07-18,21608.32957665782,-0.020444971785951505
2025-07-21,21696.712132527962,-0.016438388273705806
2025-07-22,21627.978142055443,-0.019554257352697668
2025-07-23,21513.821707002156,-0.024729229789263618
2025-07-24,21440.79446200877,-0.02803972192037063
2025-07-25,21384.588243129037,-0.03058767844450727
2025-07-28,21363.862987439894,-0.03152720171257384
2025-07-29,21367.604072221642,-0.03135760977831836
2025-07-30,21353.686351605153,-0.03198853190317741
2025-07-31,21280.776306365486,-0.03529371110124835
2025-08-01,21187.47962634556,-0.03952306310668596
2025-08-04,21235.150623877216,-0.03736202769825925
2025-08-05,21270.004561943995,-0.0357820189259358
2025-08-06,21186.827971033967,-0.0395526041332086
2025-08-07,21170.437490314605,-0.0402956221321954
2025-08-08,21220.003804332053,-0.03804866769022519
2025-08-11,21161.91967334759,-0.04068175426748366
2025-08-12,21171.232814780917,-0.04025956825411692
2025-08-13,21245.187845174944,-0.03690701748765468
2025-08-14,21130.744557933427,-0.04209499359034574
2025-08-15,21137.125212976614,-0.041805743895746206
2025-08-18,21133.045216663842,-0.04199069946526823
2025-08-19,21009.10844307035,-0.04760903702918984
2025-08-20,20969.057865731374,-0.04942462135171177
2025-08-21,20903.612517685557,-0.05239140874377146
2025-08-22,21195.21101029574,-0.03917258177972427
2025-08-25,21048.387650098575,-0.045828420688057925
2025-08-26,21061.228764129217,-0.04524630360344195
2025-08-27,21042.00133615548,-0.04611792691354
2025-08-28,21143.404775018596,-0.041521076978232596
2025-08-29,21245.925331546547,-0.036873585542766096
2025-09-02,21524.145513469088,-0.02426122801711761
2025-09-03,21647.903460081357,-0.0186509970894827
2025-09-04,21625.06071828889,-0.019686510848268446
2025-09-05,21873.926135540492,-0.008404871980600803
2025-09-08,22092.772923957833,0.0
2025-09-09,22036.50589055644,-0.0025468524750179578
2025-09-10,22165.123317638692,0.0
2025-09-11,22199.419475798604,0.0
2025-09-12,22207.2904624229,0.0
2025-09-15,22393.607334190132,0.0
2025-09-16,22421.38592070847,0.0
2025-09-17,22298.671647353545,-0.005473090458765428
2025-09-18,22218.636289623522,-0.009042689501976287
2025-09-19,22325.163330402516,-0.004291554083509341
2025-09-22,22605.794481680587,0.0
2025-09-23,22503.353607355908,-0.00453162017409714
2025-09-24,22322.199286330557,-0.01254524345870045
2025-09-25,22293.019164877885,-0.013836068316739336
2025-09-26,22378.426075218907,-0.010057970165389896
2025-09-29,22630.396109914484,0.0
2025-09-30,22788.621226423587,0.0
2025-10-01,22882.07138941794,0.0
2025-10-02,22900.97828146378,0.0
2025-10-03,22951.510402319072,0.0
2025-10-06,23287.559512660457,0.0
2025-10-07,23278.40351547857,-0.00039317117695003567
2025-10-08,23615.615169289747,0.0
2025-10-09,23320.94625322866,-0.012477715018166524
2025-10-10,23081.75916033144,-0.022606059809635815
2025-10-13,23413.210574853,-0.008570794916236468
2025-10-14,23468.49613394188,-0.006229735464997943
2025-10-15,23691.891494119838,0.0
2025-10-16,24055.65260510018,0.0
2025-10-17,23769.309632368862,-0.011903355000670635
2025-10-20,24324.949134865932,0.0
2025-10-21,23434.77227933973,-0.03659521960727452
2025-10-22,23442.37676075405,-0.036282598957087075
2025-10-23,23373.710297741844,-0.03910548103718903
2025-10-24,23342.199949672467,-0.04040087318352703
2025-10-27,23345.77146011893,-0.040254048192171044
2025-10-28,23442.877211744202,-0.03626202538929135
2025-10-29,23508.580770430945,-0.033560948469357865
2025-10-30,23272.510901880632,-0.04326579378029605
2025-10-31,23285.583200351502,-0.042728390869466004
2025-11-03,23341.241019641362,-0.0404402948499728
2025-11-04,22839.99876240275,-0.06104639167918113
2025-11-05,22886.160110067452,-0.05914869613175078
2025-11-06,22628.085692186123,-0.0697581496788261
2025-11-07,22628.00604139522,-0.06976142412723141
2025-11-10,23043.87608127343,-0.0526649838603892
2025-11-11,22959.219751142093,-0.056145210259300526
2025-11-12,23154.28145738954,-0.04812621276146578
2025-11-13,22981.39859249964,-0.05523343686834381
2025-11-14,22721.490409321657,-0.06591827660786231
2025-11-17,22534.029579931906,-0.07362480163903107
2025-11-18,22606.674242005738,-0.07063837557618247
2025-11-19,22621.36413105543,-0.07003447342747715
2025-11-20,22626.71426210003,-0.06981452924527398
2025-11-21,22628.259795449532,-0.06975099228406878
2025-11-24,22869.756743247806,-0.05982303944604517
2025-11-25,22885.74479072497,-0.0591657699328173
2025-11-26,23019.821077364668,-0.05365388639726165
2025-11-28,23048.414645652952,-0.052478403228530146
2025-12-01,23049.588697857947,-0.052430137877655825
2025-12-02,22985.462311624644,-0.05506637715107687
2025-12-03,23001.56342312652,-0.05440445956955975
2025-12-04,22995.51573006313,-0.054653080564812884
2025-12-05,23007.83832402877,-0.05414649804752503
2025-12-08,23103.003690747264,-0.05023424457513892
2025-12-09,23151.192388022555,-0.04825320457344695
2025-12-10,23277.30991283374,-0.043068506175438115
2025-12-11,23285.86037511337,-0.04271699619972458
2025-12-12,22845.872038104066,-0.06080494099129874
2025-12-15,22837.99638408794,-0.061128709562096595
2025-12-16,22789.222457301763,-0.0631338083812455
2025-12-17,22852.380916684113,-0.060537360634030146
2025-12-18,22873.157802049118,-0.05968322173121843
2025-12-19,22926.856647005527,-0.05747565925457432
2025-12-22,23288.41740491392,-0.04261187656365173
2025-12-23,23533.388645335996,-0.03254109536432126
2025-12-24,23481.40180956634,-0.03467827704891269
2025-12-26,23676.483947034085,-0.026658439622485264
2025-12-29,23028.68164675261,-0.05328962790122871
2025-12-30,23052.52035722029,-0.052309617199643665
