Date,BND,GLD,TIP,TLT,VEU,VGT
2007-04-10,41.765323638916016,67.16000366210938,58.02778244018555,48.99713897705078,31.9522647857666,45.71700668334961
2007-04-11,41.654319763183594,67.08000183105469,57.93528747558594,48.9635009765625,31.82314682006836,45.29978561401367
2007-04-12,41.64874267578125,66.98999786376953,57.93528747558594,48.97467803955078,31.999216079711914,45.72551727294922
2007-04-13,41.58214569091797,67.83999633789062,57.79068374633789,48.82337951660156,32.12835693359375,45.84473419189453
2007-04-16,41.62103271484375,68.4000015258789,57.975730895996094,49.09233093261719,32.60962677001953,46.21088790893555
2007-04-17,41.72649002075195,68.0,58.010440826416016,49.36697006225586,32.427669525146484,46.31305694580078
2007-04-18,41.804176330566406,68.37999725341797,58.201236724853516,49.61356735229492,32.40419387817383,46.304542541503906
2007-04-19,41.78752517700195,67.52999877929688,58.17230224609375,49.529518127441406,32.21638870239258,46.159786224365234
2007-04-20,41.77642822265625,68.69999694824219,58.19547653198242,49.400634765625,32.574398040771484,46.49187469482422
2007-04-23,41.831932067871094,68.26000213623047,58.32845687866211,49.5799560546875,32.374855041503906,46.38117218017578
2007-04-24,41.89856719970703,67.7300033569336,58.42673873901367,49.764869689941406,32.310298919677734,46.73881912231445
2007-04-25,41.86524200439453,67.88999938964844,58.432525634765625,49.591156005859375,32.638973236083984,47.11347579956055
2007-04-26,41.77642822265625,66.87000274658203,58.2706298828125,49.232486724853516,32.4511604309082,47.24971008300781
2007-04-27,41.765323638916016,67.55999755859375,58.28217697143555,49.221229553222656,32.545066833496094,47.31782531738281
2007-04-30,41.90410232543945,67.08999633789062,58.594417572021484,49.73689651489258,32.163578033447266,46.83247375488281
2007-05-01,41.88018798828125,66.69000244140625,58.58629608154297,49.772865295410156,32.18703842163086,46.994258880615234
2007-05-02,41.885746002197266,66.66000366210938,58.580482482910156,49.744754791259766,32.50984573364258,47.39445495605469
2007-05-03,41.857967376708984,67.48999786376953,58.43538284301758,49.63223648071289,32.6154899597168,47.66694641113281
2007-05-04,41.89131164550781,68.19000244140625,58.464359283447266,49.8347282409668,32.87374496459961,47.81170654296875
2007-05-07,41.919132232666016,68.25,58.42377853393555,49.969722747802734,32.967647552490234,47.794677734375
2007-05-08,41.9246940612793,67.87999725341797,58.49343490600586,49.85722351074219,32.66831588745117,48.07567596435547
2007-05-09,41.874637603759766,67.44999694824219,58.30772018432617,49.66032409667969,32.90308380126953,48.18635559082031
2007-05-10,41.9135627746582,66.0,58.43538284301758,49.77848434448242,32.28093719482422,47.55624008178711
2007-05-11,41.857967376708984,66.44999694824219,58.33089828491211,49.60410690307617,33.16133117675781,48.10973358154297
2007-05-14,41.83015060424805,66.27999877929688,58.238037109375,49.47475814819336,32.72114944458008,47.86279296875
2007-05-15,41.81344223022461,66.54000091552734,58.08135986328125,49.4578857421875,32.66244888305664,47.50518035888672
2007-05-16,41.83015060424805,65.5999984741211,58.02327346801758,49.42411804199219,32.87962341308594,47.97348403930664
2007-05-17,41.768985748291016,65.05999755859375,58.000064849853516,49.221656799316406,32.80331039428711,47.87129592895508
2007-05-18,41.66889190673828,65.5199966430664,57.84916687011719,48.89539337158203,33.16133117675781,48.10973358154297
2007-05-21,41.724510192871094,65.66999816894531,57.9942741394043,49.04165267944336,32.86785888671875,48.365177154541016
2007-05-22,41.65776062011719,65.19999694824219,57.767921447753906,48.78853225708008,32.91483688354492,48.56954574584961
2007-05-23,41.62445068359375,65.54000091552734,57.7620849609375,48.64790725708008,33.10850524902344,48.16081237792969
2007-05-24,41.61888122558594,64.75,57.831764221191406,48.69293212890625,32.66244888305664,47.29228973388672
2007-05-25,41.62445068359375,64.94000244140625,57.91300964355469,48.580440521240234,33.00287628173828,47.82872009277344
2007-05-29,41.568809509277344,65.06999969482422,57.73886489868164,48.57482147216797,32.90308380126953,48.07567596435547
2007-05-30,41.607704162597656,64.72000122070312,57.791133880615234,48.67605209350586,33.06154251098633,48.467342376708984
2007-05-31,41.57436752319336,65.54000091552734,57.82596206665039,48.586029052734375,33.23176956176758,48.782413482666016
2007-06-01,41.478397369384766,66.44000244140625,57.63180923461914,48.33080291748047,33.554569244384766,48.8675537109375
2007-06-04,41.523048400878906,66.54000091552734,57.783382415771484,48.55104064941406,33.619144439697266,49.037872314453125
2007-06-05,41.45608901977539,66.37000274658203,57.573570251464844,48.24612808227539,33.419586181640625,48.9101448059082
2007-06-06,41.49513626098633,66.41000366210938,57.62016677856445,48.223533630371094,32.95003128051758,48.4588508605957
2007-06-07,41.20503616333008,65.26000213623047,57.11876678466797,47.359554290771484,32.36898422241211,47.68397521972656
2007-06-08,41.19944381713867,64.22000122070312,57.22368240356445,47.32001876831055,32.856136322021484,48.280029296875
2007-06-11,41.15478515625,64.69999694824219,57.10123062133789,47.18452453613281,32.90308380126953,48.211917877197266
2007-06-12,40.95392990112305,64.0999984741211,56.7456169128418,46.50124740600586,32.39833450317383,47.879817962646484
2007-06-13,41.04880905151367,64.52999877929688,56.955509185791016,47.05462646484375,32.84440612792969,48.424774169921875
2007-06-14,40.99296569824219,64.5999984741211,56.990501403808594,46.93601989746094,33.08503723144531,48.901607513427734
2007-06-15,41.19944381713867,64.8499984741211,57.15955352783203,47.25792694091797,33.554569244384766,49.284793853759766
2007-06-18,41.15478515625,64.94999694824219,57.11289978027344,47.161903381347656,33.60739517211914,49.421024322509766
2007-06-19,41.35007095336914,65.4800033569336,57.41610336303711,47.60236358642578,33.58392333984375,49.41250991821289
2007-06-20,41.14918518066406,64.70999908447266,57.200355529785156,47.218414306640625,33.29633712768555,48.944183349609375
2007-06-21,41.17153549194336,64.55999755859375,57.17702102661133,46.992523193359375,33.62500762939453,49.48916244506836
2007-06-22,41.232906341552734,64.77999877929688,57.410255432128906,47.29745101928711,33.12024688720703,49.00379943847656
2007-06-25,41.344478607177734,64.43000030517578,57.54438781738281,47.557220458984375,33.00873947143555,48.73985290527344
2007-06-26,41.32775115966797,63.619998931884766,57.42776107788086,47.56851577758789,32.99111557006836,48.63765335083008
2007-06-27,41.36125946044922,63.66999816894531,57.45689010620117,47.61367416381836,33.22588348388672,49.216670989990234
2007-06-28,41.305450439453125,64.26000213623047,57.36361312866211,47.60236358642578,33.22588348388672,49.26776123046875
2007-06-29,41.444923400878906,64.2699966430664,57.70175552368164,48.093624114990234,33.45479202270508,49.063411712646484
2007-07-02,41.54736328125,65.0199966430664,57.87569808959961,48.346458435058594,33.7013053894043,49.395477294921875
2007-07-03,41.463401794433594,64.73999786376953,57.641448974609375,48.05166244506836,34.076934814453125,49.753116607666016
2007-07-05,41.29550552368164,64.41999816894531,57.4013671875,47.51321029663086,34.03586196899414,50.025596618652344
2007-07-06,41.21154022216797,64.95999908447266,57.27838134765625,47.32044982910156,34.2706298828125,50.204410552978516
2007-07-09,41.25632095336914,65.37999725341797,57.45991897583008,47.490535736083984,34.4995231628418,50.26401901245117
2007-07-10,41.46897888183594,65.61000061035156,57.916709899902344,48.29542922973633,34.02411651611328,49.86381149291992
2007-07-11,41.368282318115234,65.44000244140625,57.66490173339844,47.79662322998047,34.30584716796875,50.144798278808594
2007-07-12,41.31229782104492,66.0199966430664,57.471614837646484,47.632266998291016,34.945594787597656,51.081459045410156
2007-07-13,41.37943649291992,66.02999877929688,57.55946731567383,47.76258850097656,34.92798614501953,51.115516662597656
2007-07-16,41.491424560546875,65.81999969482422,57.73514938354492,48.22179412841797,34.80472946166992,51.17512893676758
2007-07-17,41.441001892089844,65.75,57.688297271728516,48.119728088378906,34.87516403198242,51.57533645629883
2007-07-18,41.50818634033203,66.62000274658203,57.91081619262695,48.30109786987305,34.622764587402344,51.20917892456055
2007-07-19,41.491424560546875,67.01000213623047,57.981136322021484,48.28974914550781,34.87516403198242,51.75413513183594
2007-07-20,41.60891342163086,67.58000183105469,58.20362854003906,48.72623825073242,34.50541687011719,51.34542465209961
2007-07-23,41.59771728515625,67.47000122070312,58.08063507080078,48.64685821533203,34.95145034790039,51.48165512084961
2007-07-24,41.6145133972168,67.47000122070312,58.26215362548828,48.82830810546875,34.38214111328125,50.77490997314453
2007-07-25,41.65371322631836,66.9000015258789,58.43788528442383,48.92461395263672,34.21194076538086,50.66421890258789
2007-07-26,41.816001892089844,65.6500015258789,58.713157653808594,49.33277130126953,33.06154251098633,49.897857666015625
2007-07-27,41.78245544433594,65.41000366210938,58.80095672607422,49.474510192871094,33.308067321777344,48.96123504638672
2007-07-30,41.74329376220703,65.7699966430664,58.73649978637695,49.33277130126953,33.23176956176758,49.42954635620117
2007-07-31,41.82722091674805,65.79000091552734,59.02933883666992,49.689876556396484,33.06742477416992,48.424774169921875
2007-08-01,41.80699157714844,65.93000030517578,58.78522491455078,49.58232498168945,33.08503723144531,48.9782600402832
2007-08-02,41.8800163269043,65.88999938964844,58.81462478637695,49.70755386352539,33.07915496826172,49.43806457519531
2007-08-03,42.02054214477539,66.69000244140625,58.99695587158203,50.03757095336914,32.28093719482422,48.28853988647461
2007-08-06,41.90250015258789,66.5199966430664,58.608795166015625,49.673377990722656,32.87962341308594,48.91864776611328
2007-08-07,41.92500305175781,66.4800033569336,58.614662170410156,49.63356018066406,32.92070388793945,49.19112014770508
2007-08-08,41.79011917114258,66.7699966430664,58.397010803222656,49.03034591674805,33.478271484375,49.47213363647461
2007-08-09,41.88566589355469,65.45999908447266,58.58527755737305,49.098636627197266,32.310298919677734,48.535465240478516
2007-08-10,41.80699157714844,66.56999969482422,58.455848693847656,48.98478317260742,32.04616928100586,48.50993347167969
2007-08-13,41.846317291259766,66.26000213623047,58.71465301513672,49.127079010009766,31.98748207092285,48.80795669555664
2007-08-14,41.947479248046875,66.29000091552734,58.78522491455078,49.25796890258789,31.605974197387695,47.981990814208984
2007-08-15,41.953125,66.12999725341797,58.78522491455078,49.08156967163086,30.819501876831055,47.08792495727539
2007-08-16,41.947479248046875,64.68000030517578,58.91461944580078,49.588016510009766,30.37929344177246,46.875064849853516
2007-08-17,42.07673645019531,65.01000213623047,59.10874938964844,49.38888931274414,31.154041290283203,47.65843200683594
2007-08-20,41.98680877685547,65.12000274658203,59.10287857055664,49.41727828979492,31.2303466796875,47.735076904296875
2007-08-21,42.13296890258789,65.06999969482422,59.30873489379883,49.65633773803711,31.048398971557617,47.99051284790039
2007-08-22,42.13296890258789,65.4000015258789,59.173458099365234,49.576622009277344,31.940536499023438,48.54397964477539
2007-08-23,42.13296890258789,65.30999755859375,59.202816009521484,49.74740219116211,32.05790710449219,48.535465240478516
2007-08-24,42.1722526550293,66.11000061035156,59.27935028076172,49.992034912109375,32.60962677001953,49.157066345214844
2007-08-27,42.32401657104492,65.9800033569336,59.349884033203125,50.25381851196289,32.421817779541016,48.9101448059082
2007-08-28,42.44203186035156,65.58999633789062,59.52638244628906,50.339202880859375,31.553157806396484,47.82020950317383
2007-08-29,42.346500396728516,66.06999969482422,59.27935028076172,50.20261001586914,32.468753814697266,49.071929931640625
2007-08-30,42.419559478759766,65.80000305175781,59.53813934326172,50.5383186340332,32.23984909057617,49.26776123046875
2007-08-31,42.44767761230469,66.5199966430664,59.514610290527344,50.57819747924805,33.00287628173828,49.82125473022461
2007-09-04,42.421730041503906,67.44000244140625,59.56186294555664,50.60224533081055,33.23764419555664,50.596107482910156
2007-09-05,42.585304260253906,67.55999755859375,59.83954620361328,51.00788497924805,32.64484405517578,50.28105926513672
2007-09-06,42.50633239746094,68.86000061035156,59.70955276489258,50.87651824951172,32.908958435058594,50.34065628051758
2007-09-07,42.771488189697266,69.38999938964844,60.3948974609375,51.59644317626953,32.3865852355957,49.34440994262695
2007-09-10,42.89562225341797,69.62000274658203,60.61931610107422,51.99638366699219,32.3865852355957,49.24223327636719
2007-09-11,42.7940673828125,70.5199966430664,60.61931610107422,51.95637893676758,32.90308380126953,49.991539001464844
2007-09-12,42.72638702392578,70.45999908447266,60.59577560424805,51.76213073730469,32.92656326293945,49.74458694458008
2007-09-13,42.619140625,70.08000183105469,60.276702880859375,51.29929733276367,33.13786315917969,49.74458694458008
2007-09-14,42.624813079833984,69.98999786376953,60.37715148925781,51.373558044433594,32.98525619506836,49.64241409301758
2007-09-17,42.658653259277344,70.97000122070312,60.59577560424805,51.619258880615234,32.627227783203125,49.395477294921875
2007-09-18,42.77717208862305,71.69999694824219,60.637054443359375,51.230743408203125,33.894996643066406,50.38323211669922
2007-09-19,42.70945358276367,71.43000030517578,60.46577835083008,50.75645065307617,34.000640869140625,50.62165069580078
2007-09-20,42.404788970947266,72.72000122070312,59.786399841308594,49.79651641845703,34.03586196899414,50.68124771118164
2007-09-21,42.585304260253906,72.33999633789062,60.0226936340332,50.219356536865234,34.25302505493164,50.92818832397461
2007-09-24,42.5571403503418,72.27999877929688,59.928165435791016,50.362186431884766,34.346920013427734,51.030364990234375
2007-09-25,42.585304260253906,72.33000183105469,59.815921783447266,50.18505859375,34.37626266479492,51.50722122192383
2007-09-26,42.59659957885742,72.0,59.875,50.23077392578125,34.39975357055664,51.66047286987305
2007-09-27,42.686885833740234,72.69999694824219,60.229461669921875,50.579349517822266,35.01017379760742,51.76265335083008
2007-09-28,42.703819274902344,73.51000213623047,60.276702880859375,50.69362258911133,35.033634185791016,51.60086441040039
2007-10-01,42.677181243896484,73.9000015258789,60.41016387939453,50.983306884765625,35.638160705566406,52.36722946166992
2007-10-02,42.830078125,72.3499984741211,60.46945571899414,51.1439208984375,35.62641525268555,52.486419677734375
2007-10-03,42.80741882324219,71.9000015258789,60.3568000793457,50.99477005004883,35.362308502197266,52.01810836791992
2007-10-04,42.852745056152344,72.87000274658203,60.44577407836914,51.18979263305664,35.43861770629883,51.94147872924805
2007-10-05,42.671531677246094,73.4000015258789,60.089866638183594,50.639122009277344,36.04314041137695,52.631195068359375
2007-10-08,42.79612350463867,72.52999877929688,60.19664001464844,50.59900665283203,35.69685745239258,52.988826751708984
2007-10-09,42.65452194213867,73.08999633789062,59.989044189453125,50.53585433959961,36.16053009033203,53.295352935791016
2007-10-10,42.69984436035156,73.36000061035156,60.03059005737305,50.56455612182617,35.978580474853516,53.4912109375
2007-10-11,42.739498138427734,73.91000366210938,59.929691314697266,50.512935638427734,35.960968017578125,52.74188232421875
2007-10-12,42.671531677246094,74.58999633789062,59.85258483886719,50.26629638671875,36.313133239746094,53.41456985473633
2007-10-15,42.63753890991211,75.13999938964844,59.85258483886719,50.27775573730469,36.0842399597168,53.031402587890625
2007-10-16,42.72813415527344,75.12000274658203,60.02461242675781,50.29497146606445,35.538387298583984,52.83552551269531
2007-10-17,42.943359375,74.5,60.38644790649414,50.845645904541016,35.9316291809082,53.516746520996094
2007-10-18,42.999969482421875,76.0,60.56439208984375,51.126708984375,36.12532043457031,53.63595962524414
2007-10-19,43.203861236572266,75.69999694824219,61.08049011230469,51.889617919921875,35.23905563354492,52.179901123046875
2007-10-22,43.175533294677734,74.5999984741211,60.93216323852539,51.895347595214844,35.215579986572266,52.733375549316406
2007-10-23,43.164215087890625,75.2300033569336,60.955909729003906,51.82651901245117,35.790775299072266,53.320892333984375
2007-10-24,43.334102630615234,75.5199966430664,61.18727111816406,52.21084213256836,35.790775299072266,52.75038528442383
2007-10-25,43.30012893676758,76.02999877929688,61.35932540893555,52.03299331665039,35.74380874633789,52.537513732910156
2007-10-26,43.237850189208984,77.69000244140625,61.305870056152344,51.9125862121582,36.55963897705078,53.67001724243164
2007-10-29,43.24348068237305,78.12000274658203,61.57284927368164,52.113304138183594,37.023311614990234,53.976558685302734
2007-10-30,43.25482940673828,77.3499984741211,61.27030563354492,52.08464813232422,36.70636749267578,54.180904388427734
2007-10-31,43.096248626708984,78.62000274658203,60.9796028137207,51.6142463684082,37.26396179199219,55.09202194213867
2007-11-01,43.34352111816406,77.93000030517578,61.538970947265625,52.284908294677734,36.38943099975586,54.19793701171875
2007-11-02,43.39467239379883,79.83000183105469,61.88407516479492,52.45197296142578,36.49508285522461,54.53855514526367
2007-11-05,43.269630432128906,79.75,61.91386413574219,52.42893600463867,35.91989517211914,54.419334411621094
2007-11-06,43.2014274597168,81.43000030517578,61.9198112487793,52.17543411254883,36.71223831176758,54.87062454223633
2007-11-07,43.26396179199219,82.23999786376953,61.955501556396484,52.26763153076172,35.84946823120117,53.37199401855469
2007-11-08,43.31508255004883,82.2300033569336,62.145904541015625,52.17543411254883,35.990325927734375,51.6434440612793
2007-11-09,43.37195587158203,82.18000030517578,62.687408447265625,52.61906051635742,35.24492263793945,50.153324127197266
2007-11-12,43.46859359741211,78.30000305175781,62.88972091674805,52.809173583984375,34.235408782958984,49.38697052001953
2007-11-13,43.337833404541016,79.12000274658203,62.288700103759766,52.61329650878906,35.51490783691406,51.16661834716797
2007-11-14,43.337833404541016,80.27999877929688,62.2946662902832,52.6708984375,35.374053955078125,50.562049865722656
2007-11-15,43.491329193115234,77.94999694824219,62.425601959228516,53.1663932800293,34.593441009521484,50.229957580566406
2007-11-16,43.47428894042969,77.75,62.550567626953125,53.24130630493164,34.95145034790039,50.70681381225586
2007-11-19,43.59933853149414,77.23999786376953,63.0622673034668,53.58700942993164,34.01824951171875,49.95748519897461
2007-11-20,43.50270462036133,79.47000122070312,62.996803283691406,53.52937698364258,34.54062271118164,49.991539001464844
2007-11-21,43.76986312866211,79.36000061035156,63.5263786315918,53.84048843383789,33.74238586425781,49.318851470947266
2007-11-23,43.68461608886719,81.25,63.48474884033203,54.001773834228516,34.58756637573242,49.880828857421875
2007-11-26,44.025634765625,81.30000305175781,64.20476531982422,55.06767654418945,33.871524810791016,48.85905075073242
2007-11-27,43.7925910949707,80.0999984741211,63.62759780883789,54.54338455200195,34.55821990966797,49.46360778808594
2007-11-28,43.747127532958984,79.56999969482422,63.151527404785156,54.174644470214844,35.391666412353516,51.49867248535156
2007-11-29,43.940391540527344,78.27999877929688,63.538326263427734,54.641319274902344,35.397525787353516,51.18363571166992
2007-11-30,43.940391540527344,77.31999969482422,63.49067687988281,54.37629699707031,35.41513442993164,50.69828796386719
2007-12-03,44.15559387207031,78.27999877929688,63.7027587890625,54.807857513427734,35.29774475097656,50.30659103393555
2007-12-04,44.13273620605469,79.4000015258789,63.589263916015625,54.802066802978516,35.07471466064453,50.1192626953125
2007-12-05,44.03569030761719,78.62999725341797,62.914222717285156,54.14841079711914,35.74380874633789,51.42205047607422
2007-12-06,43.807437896728516,79.37000274658203,62.72297668457031,53.674076080322266,36.18401336669922,52.13732147216797
2007-12-07,43.664737701416016,78.5999984741211,62.400394439697266,53.07247543334961,35.91989517211914,52.077720642089844
2007-12-10,43.58485794067383,80.0,62.31678009033203,52.754329681396484,36.26031494140625,52.43535614013672
2007-12-11,43.87588882446289,78.83999633789062,62.997833251953125,53.78973388671875,35.31535339355469,51.311370849609375
2007-12-12,43.79029083251953,80.48999786376953,62.752864837646484,53.234413146972656,35.83771514892578,51.83076858520508
2007-12-13,43.567684173583984,78.5,62.37054443359375,52.656009674072266,35.291866302490234,51.915931701660156
2007-12-14,43.4706916809082,78.5199966430664,62.3287239074707,52.413047790527344,34.452571868896484,51.33096694946289
2007-12-17,43.6533088684082,78.12999725341797,62.78273010253906,52.8815803527832,33.74238586425781,50.26353073120117
2007-12-18,43.75605773925781,79.25,62.84846496582031,53.22287368774414,33.900856018066406,50.4257926940918
2007-12-19,43.93865203857422,79.23999786376953,63.24274826049805,53.92865753173828,33.80696105957031,50.733211517333984
2007-12-20,43.94440841674805,78.66999816894531,63.17106246948242,53.81289291381836,33.94194793701172,51.493221282958984
2007-12-21,43.6533088684082,80.0999984741211,62.788753509521484,53.026206970214844,34.511260986328125,52.133697509765625
2007-12-24,43.67681121826172,80.13999938964844,62.59757614135742,52.777469635009766,34.88426971435547,52.68021774291992
2007-12-26,43.54508972167969,81.5199966430664,62.32275390625,52.31471252441406,34.96122741699219,52.78269577026367
2007-12-27,43.716861724853516,81.55999755859375,62.73762130737305,52.885040283203125,34.671119689941406,51.98849868774414
2007-12-28,43.93452835083008,83.0,63.11600875854492,53.709739685058594,35.0026741027832,51.937278747558594
2007-12-31,44.31245040893555,82.45999908447266,63.53030776977539,54.03497314453125,34.70072555541992,51.33949661254883
2008-01-02,44.300994873046875,84.86000061035156,64.03469848632812,54.81320571899414,34.57640075683594,50.3916130065918
2008-01-03,44.3582649230957,85.56999969482422,64.25082397460938,54.7376594543457,34.653350830078125,50.13545227050781
2008-01-04,44.40983200073242,85.12999725341797,64.23284149169922,54.74929428100586,33.676456451416016,48.00910186767578
2008-01-07,44.42127990722656,84.7699966430664,64.22087860107422,54.987388610839844,33.711978912353516,47.5650520324707
2008-01-08,44.46706771850586,86.77999877929688,64.26886749267578,54.923545837402344,33.80078887939453,46.104793548583984
2008-01-09,44.41553497314453,86.55000305175781,64.22087860107422,55.02805709838867,34.04946517944336,47.103912353515625
2008-01-10,44.39833068847656,88.25,63.932640075683594,54.28470230102539,34.138275146484375,47.28324890136719
2008-01-11,44.53579330444336,88.58000183105469,64.406982421875,54.708656311035156,33.54621124267578,46.26704025268555
2008-01-14,44.593048095703125,89.54000091552734,64.67723083496094,54.91193389892578,33.8836784362793,47.24909591674805
2008-01-15,44.75336837768555,87.98999786376953,65.00747680664062,55.52756118774414,32.87125778198242,46.343902587890625
2008-01-16,44.66749954223633,86.69999694824219,64.6231918334961,55.126808166503906,32.10750961303711,45.47288131713867
2008-01-17,44.85074234008789,86.5,65.09153747558594,55.84115982055664,31.456233978271484,44.66161346435547
2008-01-18,44.827857971191406,87.41999816894531,65.15156555175781,55.45783615112305,31.66936683654785,44.61893081665039
2008-01-22,45.108428955078125,88.16999816894531,65.64400482177734,56.050235748291016,30.668790817260742,43.51731872558594
2008-01-23,45.034000396728516,87.88999938964844,65.48786926269531,55.922447204589844,30.828643798828125,43.4917106628418
2008-01-24,44.741939544677734,90.08000183105469,65.0434799194336,54.801578521728516,31.24899673461914,44.98612976074219
2008-01-25,45.03974151611328,90.30000305175781,65.57192993164062,55.72499084472656,30.787199020385742,44.18339920043945
2008-01-28,44.879390716552734,91.75,65.49385070800781,55.51589584350586,31.556875228881836,44.34565353393555
2008-01-29,44.8163948059082,91.1500015258789,65.46980285644531,55.138427734375,31.823299407958984,44.43959045410156
2008-01-30,44.83358383178711,92.05999755859375,65.48187255859375,54.77837371826172,31.57465171813965,44.02115249633789
2008-01-31,44.867950439453125,91.4000015258789,65.80007934570312,55.16747283935547,32.01276397705078,44.56768035888672
2008-02-01,45.01737594604492,89.3499984741211,65.83690643310547,55.49909973144531,32.43906021118164,45.55826950073242
2008-02-04,44.856449127197266,89.0999984741211,65.45668029785156,54.92790603637695,32.267356872558594,44.8409309387207
2008-02-05,44.97716522216797,87.68000030517578,65.77052307128906,55.34758377075195,30.870079040527344,43.52585983276367
2008-02-06,44.885189056396484,88.94999694824219,65.69205474853516,55.17850112915039,30.769432067871094,42.89393997192383
2008-02-07,44.60926055908203,89.8499984741211,64.9074478149414,53.98967742919922,30.75758934020996,42.76585388183594
2008-02-08,44.741485595703125,91.0,65.55929565429688,54.60741424560547,30.59181785583496,43.261138916015625
2008-02-11,44.839176177978516,91.33000183105469,65.72828674316406,54.83469009399414,30.793128967285156,43.816200256347656
2008-02-12,44.76445770263672,89.33000183105469,65.60758209228516,54.50837707519531,31.15428352355957,43.76496124267578
2008-02-13,44.523014068603516,89.44000244140625,65.01007080078125,53.931373596191406,31.562795639038086,44.80678176879883
2008-02-14,44.3160514831543,89.70999908447266,64.57542419433594,53.13874053955078,31.325979232788086,43.9015998840332
2008-02-15,44.385047912597656,89.1500015258789,64.90137481689453,53.54671859741211,31.361507415771484,43.68811798095703
2008-02-19,43.97688293457031,91.58000183105469,64.52719116210938,53.004764556884766,31.693058013916016,43.30382537841797
2008-02-20,44.01143264770508,93.23999786376953,64.74449920654297,53.37190246582031,31.716745376586914,43.72227478027344
2008-02-21,44.37932205200195,93.25,65.14888000488281,53.93720245361328,31.675291061401367,43.4917106628418
2008-02-22,44.27008819580078,93.38999938964844,64.96778106689453,53.628326416015625,32.03052520751953,43.60272979736328
2008-02-25,44.0516357421875,92.73999786376953,64.64186096191406,53.08051300048828,32.55154800415039,43.97846984863281
2008-02-26,44.218318939208984,93.70999908447266,65.07035827636719,53.09793472290039,33.078468322753906,44.43105697631836
2008-02-27,44.298805236816406,94.77999877929688,65.17904663085938,53.14459228515625,33.125850677490234,44.72139358520508
2008-02-28,44.62648391723633,95.98999786376953,66.0421371459961,54.08872985839844,32.85349655151367,44.29441833496094
2008-02-29,44.908180236816406,96.18000030517578,66.73621368408203,54.916259765625,31.94171905517578,43.252586364746094
2008-03-03,44.799156188964844,97.23999786376953,66.70958709716797,54.774723052978516,31.983169555664062,42.96226501464844
2008-03-04,44.585609436035156,95.18000030517578,66.55795288085938,54.242427825927734,31.57465171813965,43.115962982177734
2008-03-05,44.297115325927734,97.72000122070312,66.5155258178711,53.59316635131836,32.000919342041016,43.449005126953125
2008-03-06,44.26250457763672,96.5,66.8732681274414,53.87974548339844,31.521366119384766,42.62921905517578
2008-03-07,44.38365173339844,96.08999633789062,67.12191772460938,53.949951171875,31.17204475402832,42.57798385620117
2008-03-10,44.51640701293945,95.87000274658203,67.62520599365234,54.7454719543457,30.79904556274414,42.15955352783203
2008-03-11,44.26250457763672,95.98999786376953,66.97030639648438,54.27750778198242,32.03052520751953,43.51731872558594
2008-03-12,44.672203063964844,97.01000213623047,67.61308288574219,55.32460403442383,31.77001953125,43.34654235839844
2008-03-13,44.475975036621094,98.33999633789062,67.1764907836914,54.891727447509766,31.775943756103516,43.45754623413086
2008-03-14,44.6663932800293,98.70999908447266,67.32806396484375,55.57029724121094,31.130596160888672,42.62067794799805
2008-03-17,44.81642532348633,99.16999816894531,66.6064682006836,55.99726867675781,30.479326248168945,42.45841598510742
2008-03-18,44.8568229675293,96.5,66.5336685180664,55.780799865722656,31.6042423248291,43.952842712402344
2008-03-19,44.89142990112305,93.04000091552734,66.81266021728516,56.705074310302734,30.25434684753418,42.94517135620117
2008-03-20,45.012611389160156,89.91000366210938,66.95819091796875,56.845455169677734,30.449705123901367,43.329463958740234
2008-03-24,44.76448440551758,90.0999984741211,65.77571868896484,55.7457389831543,31.47399139404297,44.72139358520508
2008-03-25,44.85106658935547,92.7300033569336,65.66654968261719,55.979736328125,31.81146812438965,44.82386779785156
2008-03-26,44.89142990112305,93.80000305175781,65.86058807373047,55.7457389831543,31.70488739013672,44.33711624145508
2008-03-27,44.897216796875,93.45999908447266,65.99403381347656,55.353851318359375,31.65753173828125,43.585636138916016
2008-03-28,44.93183517456055,91.87999725341797,66.48516082763672,55.89201736450195,31.764110565185547,43.312374114990234
2008-03-31,45.08763885498047,90.41000366210938,66.64283752441406,56.09086227416992,31.91211700439453,43.41484069824219
2008-04-01,44.61900329589844,86.86000061035156,66.06463623046875,55.17804718017578,32.8416633605957,44.94342803955078
2008-04-02,44.561073303222656,89.2699966430664,66.06463623046875,55.29548645019531,33.00151443481445,44.96903991699219
2008-04-03,44.54371643066406,89.41999816894531,66.42782592773438,55.4188232421875,33.09624099731445,45.0458984375
2008-04-04,44.9549674987793,90.25,66.80819702148438,55.92402267456055,33.078468322753906,45.06296920776367
2008-04-07,44.78119659423828,91.16999816894531,66.65485382080078,55.630313873291016,33.1968879699707,44.90925216674805
2008-04-08,44.804386138916016,90.3499984741211,66.53826904296875,55.43644714355469,33.03704071044922,44.68723678588867
2008-04-09,44.978145599365234,92.29000091552734,66.98001098632812,56.01214599609375,32.658111572265625,44.422508239746094
2008-04-10,44.84495162963867,91.7699966430664,66.69164276123047,55.82416534423828,32.73508071899414,44.97758865356445
2008-04-11,45.1055793762207,91.30000305175781,67.18859100341797,56.200138092041016,32.255523681640625,43.79913330078125
2008-04-14,44.9549674987793,91.11000061035156,66.98001098632812,55.871158599853516,32.29695510864258,43.55146408081055
2008-04-15,44.804386138916016,91.66000366210938,66.73456573486328,55.17804718017578,32.52786636352539,43.63688659667969
2008-04-16,44.56688690185547,93.2699966430664,66.32359313964844,54.637550354003906,33.629093170166016,44.91779327392578
2008-04-17,44.52634048461914,92.55999755859375,66.04745483398438,54.5435791015625,33.41594314575195,45.34478759765625
2008-04-18,44.561073303222656,90.62000274658203,65.9861068725586,54.49655532836914,33.605411529541016,46.32682800292969
2008-04-21,44.63638687133789,90.25,66.0107192993164,54.713897705078125,33.5994873046875,46.70256042480469
2008-04-22,44.734867095947266,90.2699966430664,66.1762924194336,54.9018669128418,33.569881439208984,46.11332702636719
2008-04-23,44.69432067871094,89.22000122070312,65.97389221191406,54.71977996826172,33.605411529541016,46.65986633300781
2008-04-24,44.503177642822266,87.22000122070312,65.37883758544922,54.255714416503906,33.51069641113281,47.27470779418945
2008-04-25,44.44525146484375,87.2699966430664,65.2867660522461,53.9384765625,33.7060661315918,46.81357192993164
2008-04-28,44.601661682128906,87.69000244140625,65.39718627929688,54.10301208496094,33.8836784362793,46.67694854736328
2008-04-29,44.57267761230469,85.80999755859375,65.40332794189453,54.30855178833008,33.463314056396484,47.044132232666016
2008-04-30,44.93183517456055,86.6500015258789,65.71005249023438,54.69629669189453,33.80078887939453,46.531761169433594
2008-05-01,44.93877029418945,83.98999786376953,65.66325378417969,54.69981384277344,34.04354476928711,48.13719940185547
2008-05-02,44.82830810546875,84.58000183105469,65.4969253540039,54.010005950927734,34.14418411254883,47.949337005615234
2008-05-05,44.91554641723633,86.2699966430664,65.65098571777344,54.010005950927734,34.238922119140625,47.80415725708008
2008-05-06,44.75273132324219,86.62999725341797,65.60162353515625,53.620906829833984,34.42838668823242,48.675174713134766
2008-05-07,44.81668472290039,85.81999969482422,65.76180267333984,53.8508415222168,33.92512512207031,47.5565185546875
2008-05-08,45.03765869140625,87.23999786376953,66.24849700927734,54.334320068359375,33.97249221801758,47.91517639160156
2008-05-09,45.008548736572266,87.41999816894531,66.42713928222656,54.534767150878906,33.78303527832031,47.7016716003418
2008-05-12,44.962039947509766,86.98999786376953,66.3223876953125,54.45222091674805,34.17379379272461,48.28237533569336
2008-05-13,44.72944641113281,85.38999938964844,65.82343292236328,53.856727600097656,34.07905578613281,48.35070037841797
2008-05-14,44.758522033691406,85.19999694824219,65.8849868774414,53.8803596496582,34.126426696777344,48.5214729309082
2008-05-15,44.99692916870117,87.0,66.35932159423828,54.369667053222656,34.70664596557617,49.4949836730957
2008-05-16,44.909732818603516,89.0999984741211,66.35932159423828,54.14563751220703,35.0618896484375,49.52912902832031
2008-05-19,45.03179168701172,89.38999938964844,66.56881713867188,54.21638870239258,35.174373626708984,49.28148651123047
2008-05-20,45.01436996459961,90.9000015258789,66.96925354003906,54.499393463134766,34.653350830078125,48.666664123535156
2008-05-21,45.00275802612305,91.95999908447266,67.0431900024414,54.51118469238281,34.39876937866211,47.7529182434082
2008-05-22,44.82247543334961,90.9800033569336,66.57496643066406,53.868534088134766,34.724403381347656,47.957855224609375
2008-05-23,45.01436996459961,91.2300033569336,66.83373260498047,54.1043586730957,34.15602111816406,47.6931266784668
2008-05-27,44.764339447021484,89.36000061035156,66.3716812133789,53.73884582519531,34.16194152832031,48.555625915527344
2008-05-28,44.53174591064453,89.13999938964844,65.77415466308594,53.26132583618164,34.01393508911133,48.820350646972656
2008-05-29,44.45613479614258,86.51000213623047,65.52152252197266,52.878116607666016,34.30997085571289,49.25586700439453
2008-05-30,44.48518753051758,87.44999694824219,65.78028869628906,53.22590255737305,34.28036880493164,49.4949836730957
2008-06-02,44.70235061645508,87.95999908447266,66.00128173828125,53.43125534057617,34.09089279174805,48.86305618286133
2008-06-03,44.87742233276367,86.87999725341797,66.00128173828125,53.81581115722656,33.86591339111328,48.80327606201172
2008-06-04,44.66148376464844,86.6500015258789,65.65985870361328,53.33656311035156,33.421878814697266,49.093624114990234
2008-06-05,44.457191467285156,86.44999694824219,65.4549789428711,53.017032623291016,34.25075912475586,49.96466064453125
2008-06-06,44.684844970703125,89.05999755859375,66.255859375,53.703426361083984,33.29161834716797,48.63249588012695
2008-06-09,44.317100524902344,87.98999786376953,65.90823364257812,53.703426361083984,33.24427032470703,48.461692810058594
2008-06-10,44.0661506652832,85.55000305175781,65.5543212890625,53.354347229003906,32.681800842285156,48.26529312133789
2008-06-11,44.32296371459961,87.0199966430664,65.67850494384766,53.23004913330078,32.23774337768555,47.07829666137695
2008-06-12,43.83850860595703,85.5999984741211,65.06389617919922,52.697513580322266,32.23774337768555,47.47965621948242
2008-06-13,43.87940216064453,85.83000183105469,65.0576400756836,52.585113525390625,32.30287551879883,48.24821472167969
2008-06-16,43.920249938964844,87.01000213623047,65.21904754638672,52.596946716308594,32.65219497680664,48.64957046508789
2008-06-17,44.0661506652832,87.25,65.40533447265625,52.70348358154297,32.80020523071289,48.40192794799805
2008-06-18,44.212093353271484,88.27999877929688,65.75920104980469,53.147216796875,32.50418472290039,47.795623779296875
2008-06-19,44.10118103027344,88.41999816894531,65.34945678710938,52.83360290527344,32.50418472290039,48.34213638305664
2008-06-20,44.188720703125,88.94999694824219,65.56053924560547,53.141292572021484,31.6042423248291,46.967281341552734
2008-06-23,44.03696823120117,87.08999633789062,65.56053924560547,53.25370407104492,31.675291061401367,46.89041519165039
2008-06-24,44.2237434387207,87.47000122070312,65.95787811279297,53.60874938964844,31.17204475402832,46.583003997802734
2008-06-25,44.241233825683594,87.41999816894531,66.0075454711914,53.632389068603516,31.62792205810547,47.27470779418945
2008-06-26,44.241233825683594,90.61000061035156,66.57870483398438,53.99338912963867,31.16019630432129,45.703433990478516
2008-06-27,44.35798645019531,91.47000122070312,66.89534759521484,54.62649154663086,31.219402313232422,45.48994827270508
2008-06-30,44.50391387939453,91.4000015258789,66.95738220214844,54.63831329345703,31.408851623535156,45.0544319152832
2008-07-01,44.47224807739258,92.66000366210938,66.97428894042969,54.50886154174805,30.99442481994629,45.139827728271484
2008-07-02,44.31992721557617,93.16999816894531,67.39308166503906,54.793907165527344,30.579980850219727,44.36273956298828
2008-07-03,44.355064392089844,92.05999755859375,67.56809997558594,54.67515182495117,30.55037498474121,44.302955627441406
2008-07-07,44.37850570678711,91.2300033569336,67.536865234375,54.92456817626953,30.33131217956543,44.49937057495117
2008-07-08,44.63045120239258,90.86000061035156,67.48682403564453,55.28083801269531,30.52077293395996,44.95195770263672
2008-07-09,44.636329650878906,91.5,67.88063049316406,55.52434539794922,30.047128677368164,43.6710319519043
2008-07-10,44.759368896484375,93.52999877929688,67.8743896484375,55.518367767333984,30.36090850830078,44.16633605957031
2008-07-11,44.47811508178711,95.16000366210938,67.26180267333984,54.728553771972656,29.9287166595459,43.76496124267578
2008-07-14,44.71836471557617,95.91000366210938,67.76183319091797,55.209556579589844,29.9287166595459,43.06471633911133
2008-07-15,44.759368896484375,96.16999816894531,67.71806335449219,55.191837310791016,29.413604736328125,43.36359786987305
2008-07-16,44.390220642089844,94.44000244140625,67.37432098388672,54.194156646728516,30.01751708984375,44.36273956298828
2008-07-17,44.18517303466797,94.22000122070312,66.93679809570312,53.915000915527344,30.313541412353516,45.09713363647461
2008-07-18,44.11482620239258,94.16999816894531,66.63050842285156,53.713096618652344,30.372751235961914,44.413970947265625
2008-07-21,44.20859146118164,95.12000274658203,66.6430435180664,53.92094421386719,30.668790817260742,44.18339920043945
2008-07-22,44.07383346557617,93.05999755859375,66.32424926757812,53.65372085571289,30.787199020385742,44.21757125854492
2008-07-23,44.09141540527344,90.56999969482422,65.87419891357422,53.54683303833008,30.905611038208008,44.81532287597656
2008-07-24,44.407814025878906,91.33000183105469,66.34294891357422,54.06941604614258,30.2839412689209,43.952842712402344
2008-07-25,44.126522064208984,91.69000244140625,65.88668823242188,53.52896499633789,30.2839412689209,44.49083709716797
2008-07-28,44.41952896118164,91.7300033569336,66.44920349121094,54.06941604614258,29.780698776245117,43.466087341308594
2008-07-29,44.3492317199707,90.58999633789062,65.99922180175781,53.84971237182617,30.189224243164062,44.56768035888672
2008-07-30,44.36094665527344,89.5199966430664,66.27426147460938,53.90314865112305,30.609573364257812,44.78117370605469
2008-07-31,44.51327133178711,90.08000183105469,66.54923248291016,54.43760681152344,30.25434684753418,44.46520233154297
2008-08-01,44.59208679199219,89.56999969482422,66.81033325195312,54.557987213134766,29.9405517578125,44.31149673461914
2008-08-04,44.50972366333008,88.13999938964844,66.62113952636719,54.43283462524414,29.460987091064453,44.09801483154297
2008-08-05,44.32735824584961,86.08000183105469,66.26172637939453,54.02751541137695,30.088563919067383,45.182533264160156
2008-08-06,44.2685546875,86.63999938964844,66.09140014648438,53.80705261230469,30.165531158447266,45.814449310302734
2008-08-07,44.55094528198242,86.08999633789062,66.7724838256836,54.683162689208984,29.54979133605957,45.763206481933594
2008-08-08,44.533267974853516,84.43000030517578,66.68425750732422,54.832176208496094,29.526111602783203,46.71962356567383
2008-08-11,44.345054626464844,81.12999725341797,66.08512878417969,54.307674407958984,29.54387664794922,47.09537887573242
2008-08-12,44.54502487182617,80.5199966430664,66.3941421508789,54.81426239013672,29.247844696044922,47.061222076416016
2008-08-13,44.427337646484375,81.55999755859375,66.3878402709961,54.623558044433594,28.95180892944336,46.958744049072266
2008-08-14,44.53915786743164,79.3499984741211,66.72830963134766,54.97517013549805,28.86300277709961,47.34300994873047
2008-08-15,44.68034362792969,77.62999725341797,66.89226531982422,55.4520263671875,28.572877883911133,47.39427947998047
2008-08-18,44.797996520996094,78.80000305175781,66.95531463623047,55.67253494262695,28.270938873291016,46.77940368652344
2008-08-19,44.715667724609375,80.43000030517578,66.8859634399414,55.457916259765625,28.093320846557617,46.32682800292969
2008-08-20,44.81565475463867,80.05999755859375,67.1634292602539,55.61293411254883,28.3715877532959,46.24995040893555
2008-08-21,44.80388641357422,82.30000305175781,67.27696990966797,55.51161193847656,28.53736686706543,46.08772659301758
2008-08-22,44.70974349975586,81.08000183105469,67.01840209960938,55.4758186340332,28.596580505371094,46.70256042480469
2008-08-25,44.83329772949219,80.93000030517578,67.2706527709961,56.03008270263672,28.18805503845215,45.92546081542969
2008-08-26,44.892120361328125,81.2300033569336,67.29586791992188,56.07776641845703,28.182126998901367,45.92546081542969
2008-08-27,44.903900146484375,81.36000061035156,67.47240447998047,56.173133850097656,28.549211502075195,46.309757232666016
2008-08-28,44.945072174072266,82.18000030517578,67.26434326171875,56.17913818359375,28.803789138793945,46.36096954345703
2008-08-29,44.8862419128418,81.70999908447266,67.06885528564453,55.928741455078125,28.70906639099121,45.635128021240234
2008-09-02,45.03268814086914,79.19999694824219,67.03385925292969,56.449188232421875,28.241342544555664,44.96903991699219
2008-09-03,45.09173583984375,78.88999938964844,66.91952514648438,56.68850326538086,28.022274017333984,44.268802642822266
2008-09-04,45.11534118652344,78.38999938964844,66.81783294677734,57.14311218261719,26.796710968017578,42.76585388183594
2008-09-05,45.1507682800293,78.9800033569336,66.8368911743164,57.113197326660156,26.867748260498047,42.69752883911133
2008-09-08,45.46969223022461,78.86000061035156,67.09744262695312,57.352455139160156,27.234830856323242,42.96226501464844
2008-09-09,45.5523567199707,76.48999786376953,67.2118148803711,57.92070007324219,26.435546875,41.9716796875
2008-09-10,45.5523567199707,74.22000122070312,67.18006134033203,57.56178283691406,26.630916595458984,42.29616928100586
2008-09-11,45.52281951904297,73.08000183105469,67.23089599609375,57.53190994262695,26.630916595458984,42.73168182373047
2008-09-12,45.375160217285156,75.55000305175781,66.75425720214844,56.790157318115234,27.151941299438477,42.76585388183594
2008-09-15,45.71770477294922,77.55999755859375,67.14825439453125,58.632503509521484,25.665863037109375,41.26288986206055
2008-09-16,45.274803161621094,76.79000091552734,66.4810791015625,58.62058639526367,25.802043914794922,41.3397331237793
2008-09-17,45.333858489990234,85.45999908447266,66.7225570678711,58.9136848449707,24.623842239379883,39.4781379699707
2008-09-18,44.690181732177734,82.80000305175781,65.8392562866211,58.05230712890625,25.802043914794922,40.97255325317383
2008-09-19,45.23934555053711,85.9800033569336,66.17604064941406,56.20992660522461,27.90386199951172,42.3217887878418
2008-09-22,45.12126541137695,89.18000030517578,66.40481567382812,56.20396423339844,27.732154846191406,40.793235778808594
2008-09-23,45.26298141479492,88.31999969482422,65.72488403320312,55.98860549926758,26.59541130065918,40.46872329711914
2008-09-24,45.2570915222168,86.70999908447266,65.4007797241211,56.23383331298828,26.51251220703125,40.622440338134766
2008-09-25,45.40470504760742,86.44999694824219,65.37541198730469,56.12019729614258,26.962486267089844,41.348289489746094
2008-09-26,44.95001220703125,86.63999938964844,65.23555755615234,56.52696228027344,26.7197322845459,41.47639083862305
2008-09-29,45.16851806640625,89.56999969482422,65.49614715576172,58.17195129394531,23.97848892211914,38.163047790527344
2008-09-30,44.654781341552734,85.06999969482422,64.37138366699219,56.754310607910156,25.127094268798828,39.623313903808594
2008-10-01,44.41712951660156,85.97000122070312,65.22319793701172,57.468265533447266,25.204063415527344,38.948692321777344
2008-10-02,45.282344818115234,82.33000183105469,65.08873748779297,57.93025207519531,23.771276473999023,37.146846771240234
2008-10-03,45.03343963623047,82.58999633789062,65.24242401123047,58.44028091430664,23.50484275817871,36.677188873291016
2008-10-06,44.671958923339844,84.27999877929688,65.19116973876953,59.502288818359375,21.858909606933594,35.2596321105957
2008-10-07,44.80232620239258,87.2699966430664,64.63397979736328,59.32228088378906,21.237247467041016,33.09059524536133
2008-10-08,44.138633728027344,89.41999816894531,62.725223541259766,58.47028732299805,20.733997344970703,32.817325592041016
2008-10-09,42.76369857788086,89.9000015258789,62.34737777709961,57.97827911376953,19.478824615478516,31.988990783691406
2008-10-10,41.459903717041016,83.22000122070312,61.09193801879883,57.5703125,19.2479190826416,31.681564331054688
2008-10-13,43.1844367980957,81.98999786376953,60.20808029174805,56.83226013183594,21.864831924438477,35.15714645385742
2008-10-14,43.73558807373047,82.19999694824219,61.58516311645508,56.466243743896484,21.414867401123047,33.78228759765625
2008-10-15,43.46893310546875,83.30999755859375,61.79652404785156,57.00629806518555,18.945966720581055,31.100893020629883
2008-10-16,43.4630126953125,79.29000091552734,61.39938735961914,56.71229934692383,19.822214126586914,32.65507888793945
2008-10-17,43.70005798339844,77.20999908447266,61.149574279785156,56.3222770690918,19.490665435791016,32.57821273803711
2008-10-20,43.6822509765625,78.5,61.988643646240234,56.77226638793945,20.461645126342773,33.594417572021484
2008-10-21,44.4289436340332,76.02999877929688,62.08475112915039,57.07229232788086,19.538028717041016,31.818206787109375
2008-10-22,44.63044357299805,71.70999908447266,62.54589080810547,58.23030090332031,17.963153839111328,30.545804977416992
2008-10-23,44.42302703857422,70.6500015258789,61.91178512573242,58.66233444213867,18.164447784423828,30.306699752807617
2008-10-24,43.913387298583984,72.20999908447266,60.432212829589844,58.038272857666016,17.11058235168457,29.435686111450195
2008-10-27,43.676334381103516,72.18000030517578,59.79171371459961,58.080291748046875,16.109987258911133,28.667123794555664
2008-10-28,43.33856201171875,73.79000091552734,59.43303298950195,57.23426818847656,18.10524559020996,31.630321502685547
2008-10-29,43.65262985229492,74.0,59.823726654052734,56.946224212646484,18.626256942749023,31.5620059967041
2008-10-30,43.36223220825195,72.70999908447266,59.49067306518555,56.4303092956543,19.330814361572266,32.21955490112305
2008-10-31,43.33856201171875,71.33999633789062,59.16399002075195,55.69821548461914,19.407777786254883,32.50990676879883
2008-11-03,43.677734375,71.0999984741211,59.66362380981445,55.848854064941406,19.44330596923828,32.26225280761719
2008-11-04,44.11810302734375,75.4800033569336,60.5859375,56.89698791503906,20.828720092773438,33.355316162109375
2008-11-05,44.451316833496094,72.80000305175781,61.015079498291016,57.57171630859375,19.751176834106445,31.587629318237305
2008-11-06,44.48700714111328,72.22000122070312,60.758872985839844,57.15610122680664,18.306541442871094,29.92242431640625
2008-11-07,44.391815185546875,72.5,60.4962158203125,56.78262710571289,19.484739303588867,30.622663497924805
2008-11-10,44.391815185546875,73.58000183105469,60.70762252807617,57.059696197509766,19.3189697265625,30.084688186645508
2008-11-11,44.50486373901367,72.05000305175781,60.848548889160156,57.22835922241211,18.490083694458008,29.410057067871094
2008-11-12,44.362056732177734,70.0,60.94459915161133,57.59585189819336,17.42436981201172,27.983966827392578
2008-11-13,44.362056732177734,72.1500015258789,60.56672668457031,56.21635055541992,19.09398078918457,29.623544692993164
2008-11-14,44.51676940917969,73.30000305175781,61.18162536621094,57.33076858520508,17.903940200805664,28.129138946533203
2008-11-17,44.40370178222656,72.6500015258789,61.23924255371094,57.5837516784668,17.5368595123291,27.454509735107422
2008-11-18,44.43346405029297,72.51000213623047,60.617950439453125,58.324737548828125,17.47173500061035,27.685083389282227
2008-11-19,44.588165283203125,72.26000213623047,60.60515594482422,59.818695068359375,16.388263702392578,26.173583984375
2008-11-20,44.552467346191406,73.44999694824219,59.874961853027344,62.90902328491211,15.18045425415039,24.995140075683594
2008-11-21,44.332271575927734,78.8499984741211,59.26651382446289,61.999427795410156,16.459312438964844,26.250444412231445
2008-11-24,44.14188003540039,80.91000366210938,58.11354446411133,61.0295295715332,17.708555221557617,27.76192855834961
2008-11-25,44.90359878540039,80.87000274658203,59.17679214477539,62.82473373413086,17.81513023376465,27.642383575439453
2008-11-26,45.18325424194336,80.37999725341797,59.497074127197266,62.90902328491211,18.12891960144043,28.778141021728516
2008-11-28,45.04041290283203,80.30999755859375,59.682838439941406,63.68617248535156,18.093400955200195,28.726903915405273
2008-12-01,45.30686950683594,75.6500015258789,60.88058090209961,66.12501525878906,16.672456741333008,26.643264770507812
2008-12-02,45.581661224365234,76.94999694824219,61.41856384277344,66.37894439697266,17.371078491210938,27.505746841430664
2008-12-03,45.366607666015625,76.18000030517578,62.23206329345703,66.56624603271484,17.61383056640625,28.146203994750977
2008-12-04,45.563743591308594,75.5,62.725223541259766,67.87789154052734,16.97440528869629,27.13001823425293
2008-12-05,45.22920608520508,74.5199966430664,62.2896842956543,66.77784729003906,17.347402572631836,28.171833038330078
2008-12-08,45.03207778930664,76.19999694824219,61.48908615112305,66.63272094726562,18.235490798950195,29.427139282226562
2008-12-09,45.27103805541992,76.33000183105469,61.8541374206543,67.95040893554688,18.051950454711914,29.427139282226562
2008-12-10,45.19334411621094,79.75,61.450653076171875,67.78719329833984,18.590728759765625,29.40151596069336
2008-12-11,45.67723846435547,80.6500015258789,62.12958526611328,67.92019653320312,18.507841110229492,28.53903579711914
2008-12-12,45.43830490112305,80.80999755859375,61.8797721862793,67.92019653320312,18.649940490722656,29.145343780517578
2008-12-15,45.91621780395508,82.5999984741211,61.617122650146484,68.69389343261719,18.673622131347656,28.769596099853516
2008-12-16,46.298553466796875,84.45999908447266,63.59635543823242,70.3923110961914,19.780771255493164,30.076141357421875
2008-12-17,46.31050491333008,85.43000030517578,64.81330108642578,72.30233001708984,19.620920181274414,29.78580093383789
2008-12-18,46.639060974121094,83.87000274658203,65.17201232910156,73.81946563720703,19.052541732788086,29.02578353881836
2008-12-19,46.340370178222656,82.62999725341797,64.05750274658203,73.89802551269531,18.750591278076172,29.435686111450195
2008-12-22,46.740638732910156,83.45999908447266,64.51864624023438,73.32986450195312,18.649940490722656,28.708065032958984
2008-12-23,46.91388702392578,82.62999725341797,64.35853576660156,73.23318481445312,18.484163284301758,28.4666690826416
2008-12-24,46.87430953979492,83.45999908447266,64.37133026123047,73.07598876953125,18.7119083404541,28.52701187133789
2008-12-26,46.9102897644043,85.5999984741211,64.51864624023438,73.31779479980469,18.772642135620117,28.561506271362305
2008-12-29,47.20410919189453,86.3499984741211,64.30735778808594,73.22984313964844,18.803010940551758,28.34597396850586
2008-12-30,47.29405212402344,85.9000015258789,63.37214660644531,73.92725372314453,19.3739013671875,29.044281005859375
2008-12-31,47.35403060913086,86.5199966430664,63.564327239990234,72.38080596923828,19.628982543945312,29.35464096069336
2009-01-02,47.18012619018555,86.2300033569336,62.37297821044922,70.56146240234375,20.017677307128906,30.53571128845215
2009-01-05,46.982215881347656,84.4800033569336,62.142337799072266,68.74205780029297,19.7686710357666,30.51848030090332
2009-01-06,46.68240737915039,85.12999725341797,62.603546142578125,68.05071258544922,20.023744583129883,31.475414276123047
2009-01-07,46.82633590698242,82.75,62.680419921875,68.31757354736328,19.501441955566406,30.397785186767578
2009-01-08,46.748355865478516,84.45999908447266,63.18002700805664,68.2629165649414,19.750442504882812,30.656415939331055
2009-01-09,46.9162712097168,83.91999816894531,63.737205505371094,68.36605834960938,19.12489891052246,29.94087028503418
2009-01-12,46.730377197265625,80.76000213623047,64.05750274658203,69.07560729980469,18.58437156677246,29.440847396850586
2009-01-13,46.982215881347656,80.87999725341797,64.04469299316406,69.14839935302734,18.414318084716797,29.43222999572754
2009-01-14,47.156105041503906,79.79000091552734,64.1216049194336,70.28850555419922,17.582273483276367,28.414953231811523
2009-01-15,46.95227813720703,80.38999938964844,64.1216049194336,70.40376281738281,17.636932373046875,28.578746795654297
2009-01-16,47.024200439453125,82.70999908447266,63.85896301269531,69.3182373046875,17.83127784729004,28.8546199798584
2009-01-20,46.820335388183594,84.5199966430664,63.82048797607422,69.30608367919922,16.5012264251709,27.354557037353516
2009-01-21,46.496517181396484,84.1500015258789,62.84693908691406,67.11672973632812,17.345417022705078,28.716686248779297
2009-01-22,46.59845733642578,84.58000183105469,62.955806732177734,65.82499694824219,16.88384437561035,28.09596824645996
2009-01-23,46.508506774902344,88.52999877929688,63.18638229370117,65.30953979492188,16.853473663330078,28.4666690826416
2009-01-26,46.35261917114258,88.94999694824219,62.975032806396484,64.73941802978516,17.108552932739258,28.699440002441406
2009-01-27,46.634456634521484,88.37999725341797,63.51944351196289,66.2616195678711,17.41829490661621,29.156352996826172
2009-01-28,46.65837860107422,87.41999816894531,63.55788040161133,64.60600280761719,18.0499210357666,30.035703659057617
2009-01-29,46.34663009643555,89.5,63.24408721923828,63.12017822265625,17.211801528930664,29.121870040893555
2009-01-30,46.370601654052734,91.30999755859375,63.53866195678711,62.92000198364258,17.078187942504883,28.363216400146484
2009-02-02,46.52649688720703,88.83999633789062,63.76927947998047,64.09072875976562,16.853473663330078,28.73392677307129
2009-02-03,46.044979095458984,88.47000122070312,63.53866195678711,62.56428146362305,17.357553482055664,29.199460983276367
2009-02-04,46.12923049926758,89.18000030517578,63.41055679321289,62.345375061035156,17.327198028564453,29.35464096069336
2009-02-05,46.231563568115234,90.12000274658203,63.340118408203125,62.400123596191406,17.904155731201172,29.9322509765625
2009-02-06,46.22553634643555,89.58999633789062,63.70523452758789,62.20547103881836,18.11672019958496,30.94954490661621
2009-02-09,46.23755645751953,88.31999969482422,64.37133026123047,62.40617752075195,18.043846130371094,31.07884979248047
2009-02-10,46.49039840698242,90.20999908447266,64.66600036621094,63.76237487792969,17.15106964111328,29.86327362060547
2009-02-11,46.65891647338867,92.29000091552734,64.49302673339844,64.5893783569336,17.29682731628418,29.9322509765625
2009-02-12,46.53849411010742,93.16999816894531,64.26243591308594,63.98124694824219,17.345417022705078,30.13914680480957
2009-02-13,46.32181167602539,92.55000305175781,63.99346923828125,62.2784309387207,17.138917922973633,30.104663848876953
2009-02-17,46.62279510498047,95.44999694824219,64.38414764404297,64.21842956542969,16.118602752685547,28.768409729003906
2009-02-18,46.442195892333984,96.91000366210938,63.98064041137695,63.671085357666016,16.124679565429688,28.880481719970703
2009-02-19,46.24358367919922,95.7699966430664,63.801300048828125,62.588653564453125,16.05786895751953,27.983898162841797
2009-02-20,46.327880859375,97.80000305175781,64.02548217773438,63.19680404663086,15.918181419372559,27.983898162841797
2009-02-23,46.406105041503906,97.7300033569336,63.96143341064453,63.78056335449219,15.371585845947266,26.828676223754883
2009-02-24,46.3699836730957,94.7300033569336,63.41055679321289,63.71369171142578,15.918181419372559,27.61318588256836
2009-02-25,46.13523483276367,93.1500015258789,63.03269958496094,62.97779846191406,15.663097381591797,27.65629768371582
2009-02-26,46.05100631713867,93.05999755859375,62.52669143676758,62.31501007080078,15.942476272583008,27.328699111938477
2009-02-27,46.099159240722656,92.62999725341797,62.142337799072266,61.9561767578125,15.5051908493042,27.21662139892578
2009-03-02,46.17464065551758,90.93000030517578,62.53307342529297,62.98185729980469,14.575976371765137,26.32003402709961
2009-03-03,46.017547607421875,90.04000091552734,62.39216995239258,62.5611457824707,14.527393341064453,26.3803768157959
2009-03-04,46.011558532714844,88.98999786376953,62.27046203613281,62.274539947509766,15.225826263427734,26.992473602294922
2009-03-05,46.222957611083984,91.98999786376953,62.84693908691406,64.00640869140625,14.551681518554688,26.09588623046875
2009-03-06,46.02969741821289,92.29000091552734,62.430633544921875,63.579498291015625,14.575976371765137,25.949325561523438
2009-03-09,45.86051559448242,90.56999969482422,62.19361114501953,63.207489013671875,14.339120864868164,25.311372756958008
2009-03-10,45.908870697021484,88.13999938964844,61.79652404785156,61.993995666503906,15.310847282409668,26.871782302856445
2009-03-11,46.00550842285156,89.22000122070312,62.10396957397461,62.664817810058594,15.46876049041748,27.621816635131836
2009-03-12,46.108238220214844,91.0999984741211,63.04551696777344,62.963619232177734,15.760272026062012,28.328731536865234
2009-03-13,46.07196044921875,91.30000305175781,63.02631378173828,62.64650344848633,15.887811660766602,28.363216400146484
2009-03-16,46.04169845581055,90.80000305175781,62.96223831176758,61.65854263305664,16.124679565429688,27.897686004638672
2009-03-17,45.939083099365234,90.04000091552734,62.89813232421875,61.32318115234375,16.476926803588867,28.84599494934082
2009-03-18,46.75456619262695,93.08999633789062,65.22319793701172,63.64659881591797,16.950647354125977,29.37187385559082
2009-03-19,46.72435760498047,94.3499984741211,65.52423858642578,63.725830078125,16.908140182495117,29.458087921142578
2009-03-20,46.512908935546875,93.58999633789062,65.19760131835938,63.37214279174805,16.592321395874023,28.923585891723633
2009-03-23,46.404170989990234,92.08000183105469,65.18477630615234,62.82334899902344,17.958820343017578,30.708147048950195
2009-03-24,46.3800163269043,90.94999694824219,65.55628967285156,63.420989990234375,17.357553482055664,30.259843826293945
2009-03-25,46.222957611083984,91.9800033569336,65.46025848388672,62.56718826293945,17.649078369140625,30.406402587890625
2009-03-26,46.3800163269043,91.93000030517578,66.19039154052734,63.29290008544922,17.92237663269043,31.43231964111328
2009-03-27,46.494815826416016,90.69000244140625,66.0239028930664,63.76245880126953,17.375782012939453,30.656415939331055
2009-03-30,46.58539581298828,89.9800033569336,66.14555358886719,64.00640869140625,16.683420181274414,29.85466194152832
2009-03-31,46.60352325439453,90.27999877929688,65.81249237060547,64.46379089355469,17.078187942504883,30.371912002563477
2009-04-01,46.699317932128906,91.02999877929688,66.0467300415039,65.05203247070312,17.557979583740234,31.052988052368164
2009-04-02,46.60839080810547,88.80000305175781,65.64132690429688,64.25699615478516,18.420394897460938,31.966814041137695
2009-04-03,46.35982894897461,87.58999633789062,65.2102279663086,62.94218826293945,18.51756477355957,32.53580093383789
2009-04-06,46.408329010009766,85.2699966430664,65.15873718261719,62.673072814941406,18.189605712890625,32.1047477722168
2009-04-07,46.4992790222168,86.73999786376953,65.06867218017578,62.83206558227539,17.843425750732422,31.311620712280273
2009-04-08,46.71749496459961,86.61000061035156,65.39036560058594,63.38860321044922,17.995254516601562,31.828866958618164
2009-04-09,46.6629638671875,86.30999755859375,65.19091033935547,62.59355545043945,18.578298568725586,32.89788055419922
2009-04-13,46.73570251464844,87.87999725341797,65.48692321777344,63.1684684753418,18.730138778686523,32.78580856323242
2009-04-14,46.85697937011719,87.37000274658203,65.51910400390625,63.49873733520508,18.59651756286621,32.4323616027832
2009-04-15,46.92364501953125,87.5,65.55770874023438,63.38860321044922,18.839458465576172,32.27717971801758
2009-04-16,46.832698822021484,85.80999755859375,65.31314849853516,62.88715362548828,19.003429412841797,33.22549819946289
2009-04-17,46.58413314819336,85.22000122070312,64.6697006225586,62.19602966308594,18.92447853088379,33.268585205078125
2009-04-20,46.81452178955078,86.94999694824219,64.72760772705078,63.137908935546875,18.134937286376953,32.22544860839844
2009-04-21,46.723594665527344,86.88999938964844,64.5087890625,62.514015197753906,18.51148796081543,32.81167984008789
2009-04-22,46.80845260620117,87.37999725341797,64.6697006225586,62.1348876953125,18.371809005737305,32.94961166381836
2009-04-23,46.84482955932617,88.80000305175781,65.01069641113281,62.12880325317383,18.8333797454834,33.05307388305664
2009-04-24,46.82057189941406,89.72000122070312,65.15229797363281,61.50499725341797,19.161338806152344,33.828948974609375
2009-04-27,46.92364501953125,89.01000213623047,65.21664428710938,61.76803207397461,18.809083938598633,33.630672454833984
2009-04-28,46.75385665893555,87.75,65.21664428710938,60.758907318115234,18.645103454589844,33.38927459716797
2009-04-29,46.687191009521484,88.33000183105469,64.9463882446289,60.22066879272461,19.264591217041016,34.122066497802734
2009-04-30,46.82057189941406,87.2699966430664,64.631103515625,59.98217010498047,19.337465286254883,34.303123474121094
2009-05-01,46.74025344848633,86.94999694824219,64.00495910644531,59.569332122802734,19.677568435668945,34.52726364135742
2009-05-04,46.776771545410156,88.63999938964844,64.12152099609375,59.76567077636719,20.576427459716797,35.15660858154297
2009-05-05,46.77067947387695,88.25,64.14090728759766,59.69206619262695,20.345632553100586,35.00141906738281
2009-05-06,46.971466064453125,89.54000091552734,64.39991760253906,59.551002502441406,20.892240524291992,35.0186653137207
2009-05-07,46.807186126708984,89.44000244140625,64.46463775634766,58.097110748291016,20.442808151245117,33.94965744018555
2009-05-08,46.92279052734375,89.9800033569336,64.49059295654297,58.23820114135742,21.372028350830078,34.00999450683594
2009-05-11,47.11740493774414,89.69000244140625,64.81432342529297,59.06637954711914,20.79506492614746,34.035850524902344
2009-05-12,47.099212646484375,90.69999694824219,65.01506042480469,59.28110122680664,20.96511459350586,33.803104400634766
2009-05-13,47.23914337158203,91.08999633789062,65.00206756591797,59.925140380859375,20.212024688720703,32.92374801635742
2009-05-14,47.22090148925781,91.02999877929688,65.36467742919922,60.15824508666992,20.479251861572266,33.37204360961914
2009-05-15,47.208717346191406,91.55000305175781,65.50066375732422,60.139827728271484,20.272754669189453,33.41514587402344
2009-05-18,47.06877136230469,90.36000061035156,65.48127746582031,59.20747375488281,21.195898056030273,34.285865783691406
2009-05-19,47.17219924926758,90.95999908447266,65.61074829101562,58.89460754394531,21.39632225036621,34.50139617919922
2009-05-20,47.31214904785156,92.25,65.96035766601562,59.514190673828125,21.47527313232422,34.26862716674805
2009-05-21,47.06877136230469,93.8499984741211,65.3128662109375,58.01740646362305,21.317363739013672,33.79446792602539
2009-05-22,47.056640625,94.1500015258789,65.4294204711914,57.37332534790039,21.47527313232422,33.63929748535156
2009-05-26,46.959259033203125,93.76000213623047,65.15100860595703,56.50840377807617,21.845739364624023,34.72554016113281
2009-05-27,46.6794319152832,93.44999694824219,65.00206756591797,55.508522033691406,21.52385139465332,34.46691131591797
2009-05-28,46.801082611083984,94.23999786376953,65.07328033447266,56.312137603759766,21.803234100341797,34.91521072387695
2009-05-29,47.135711669921875,96.19999694824219,65.92154693603516,57.76593780517578,22.270883560180664,35.19108581542969
2009-06-01,46.817020416259766,95.7300033569336,65.3957748413086,56.058143615722656,22.781042098999023,36.47562026977539
2009-06-02,46.99410629272461,96.36000061035156,65.86369323730469,56.35969924926758,22.963237762451172,36.27732467651367
2009-06-03,47.152801513671875,94.41000366210938,65.83768463134766,56.888954162597656,22.16155433654785,36.07904815673828
2009-06-04,46.859779357910156,96.2300033569336,65.17483520507812,55.713523864746094,22.434860229492188,36.65665054321289
2009-06-05,46.542301177978516,93.70999908447266,64.92133331298828,55.28883361816406,22.24051284790039,36.8463249206543
2009-06-08,46.44466018676758,93.55999755859375,64.66793823242188,55.14733123779297,22.1251220703125,36.69976806640625
2009-06-09,46.57285690307617,93.83000183105469,65.10334777832031,55.14115905761719,22.283029556274414,37.087711334228516
2009-06-10,46.45683288574219,93.86000061035156,65.13587951660156,54.273441314697266,22.434860229492188,37.02737045288086
2009-06-11,46.682735443115234,93.69999694824219,65.25931549072266,54.87656784057617,22.817474365234375,37.22564697265625
2009-06-12,46.804847717285156,92.16999816894531,65.13587951660156,55.36885452270508,22.586692810058594,37.13081359863281
2009-06-15,46.896400451660156,91.0999984741211,65.06437683105469,55.86735916137695,21.839662551879883,36.51010513305664
2009-06-16,47.11616897583008,91.93000030517578,65.27881622314453,56.839717864990234,21.608884811401367,36.0704231262207
2009-06-17,47.09176254272461,92.3499984741211,64.84988403320312,56.519718170166016,21.511707305908203,36.30320739746094
2009-06-18,46.74380111694336,91.61000061035156,64.68746185302734,55.66427993774414,21.55422592163086,36.19112014770508
2009-06-19,46.85365676879883,91.9000015258789,65.09683990478516,56.42741012573242,21.93684196472168,36.55321502685547
2009-06-22,46.96356201171875,90.54000091552734,65.2072982788086,56.975120544433594,21.037994384765625,35.501426696777344
2009-06-23,47.177215576171875,90.91999816894531,65.5257797241211,57.645896911621094,21.27484703063965,35.501426696777344
2009-06-24,47.07344055175781,91.44999694824219,65.18782043457031,57.06741714477539,21.49956512451172,36.010066986083984
2009-06-25,47.39701843261719,92.30999755859375,65.56476593017578,58.113651275634766,21.888259887695312,36.6652717590332
2009-06-26,47.42138671875,92.29000091552734,65.56476593017578,58.21210479736328,21.918621063232422,36.71700668334961
2009-06-29,47.506866455078125,92.04000091552734,65.6102294921875,58.29823684692383,22.03402328491211,36.88941955566406
2009-06-30,47.427494049072266,91.18000030517578,66.05213165283203,58.19974899291992,21.809309005737305,36.70838165283203
2009-07-01,47.399314880371094,92.38999938964844,65.91450500488281,58.08430862426758,22.197999954223633,36.949771881103516
2009-07-02,47.41774368286133,91.25,65.75141143798828,58.22016143798828,21.529930114746094,36.13076400756836
2009-07-06,47.38093948364258,90.76000213623047,65.59485626220703,58.10899353027344,21.542081832885742,35.91525650024414
2009-07-07,47.47898864746094,90.70999908447266,65.69922637939453,58.49795150756836,21.007627487182617,35.02728271484375
2009-07-08,47.803619384765625,89.2699966430664,65.93407440185547,59.57837677001953,20.91045570373535,35.03589630126953
2009-07-09,47.662715911865234,89.51000213623047,65.39912414550781,58.86840057373047,21.165531158447266,35.165225982666016
2009-07-10,47.834259033203125,89.58000183105469,65.66011047363281,59.4117546081543,20.995481491088867,35.35487747192383
2009-07-13,47.75460433959961,90.19000244140625,65.39259338378906,59.07832336425781,21.28700828552246,36.010066986083984
2009-07-14,47.61369705200195,90.80999755859375,65.34042358398438,58.0966796875,21.44491195678711,36.173885345458984
2009-07-15,47.37483596801758,92.23999786376953,65.164306640625,56.602596282958984,22.22836685180664,37.742919921875
2009-07-16,47.58308410644531,91.9800033569336,65.56878662109375,57.213775634765625,22.428783416748047,38.37223434448242
2009-07-17,47.460594177246094,91.93000030517578,65.54266357421875,56.33092498779297,22.440937042236328,38.68260192871094
2009-07-20,47.61369705200195,93.27999877929688,65.92101287841797,56.62728500366211,22.969314575195312,39.07917785644531
2009-07-21,47.90163803100586,93.12999725341797,66.07105255126953,57.75712203979492,22.98145866394043,39.26021957397461
2009-07-22,47.7974853515625,93.44000244140625,65.89493560791016,57.238494873046875,23.06648063659668,39.49298095703125
2009-07-23,47.638240814208984,93.26000213623047,65.57526397705078,56.18891906738281,23.55234718322754,40.21714782714844
2009-07-24,47.65662384033203,93.41000366210938,65.6078872680664,56.460609436035156,23.588794708251953,40.053340911865234
2009-07-27,47.5953483581543,93.70999908447266,65.48395538330078,55.81233215332031,23.740615844726562,39.95853805541992
2009-07-28,47.644351959228516,92.11000061035156,65.42523956298828,56.306243896484375,23.613088607788086,40.06196975708008
2009-07-29,47.626007080078125,91.19999694824219,65.39259338378906,56.61491012573242,23.333707809448242,39.93264389038086
2009-07-30,47.84032440185547,91.62000274658203,65.76448822021484,57.41752624511719,23.81957244873047,40.174041748046875
2009-07-31,48.048641204833984,93.3499984741211,66.11018371582031,58.534976959228516,24.12323570251465,40.10507583618164
2009-08-03,47.894996643066406,93.87000274658203,65.76887512207031,57.647945404052734,24.77916145324707,40.64820098876953
2009-08-04,47.851932525634766,94.68000030517578,65.5330581665039,57.18956756591797,24.63947296142578,40.63956832885742
2009-08-05,47.74134826660156,94.77999877929688,65.58548736572266,56.33466720581055,24.59089469909668,40.31197738647461
2009-08-06,47.77205276489258,94.5999984741211,65.48060607910156,56.526695251464844,24.384403228759766,39.97575759887695
2009-08-07,47.440208435058594,93.75,65.56584167480469,56.055870056152344,24.505859375,40.449920654296875
2009-08-10,47.8273811340332,92.93000030517578,65.69026947021484,56.75593948364258,24.244699478149414,40.21714782714844
2009-08-11,47.919532775878906,92.79000091552734,65.97854614257812,57.41250228881836,23.922826766967773,39.85505676269531
2009-08-12,47.88884735107422,92.94999694824219,65.72303771972656,56.79927444458008,24.2629451751709,40.45853805541992
2009-08-13,48.011749267578125,93.72000122070312,65.93920135498047,57.60459899902344,24.59696388244629,40.863731384277344
2009-08-14,48.15925979614258,93.0,65.8671646118164,57.827552795410156,24.457279205322266,40.38957214355469
2009-08-17,48.294464111328125,91.61000061035156,66.10303497314453,58.68245315551758,23.4733943939209,39.32919692993164
2009-08-18,48.22682571411133,92.05999755859375,66.24713134765625,58.34174728393555,23.965328216552734,39.94990921020508
2009-08-19,48.28219223022461,92.52999877929688,66.58126068115234,58.82497787475586,24.12323570251465,40.18267822265625
2009-08-20,48.34977340698242,92.2699966430664,66.98089599609375,59.3081169128418,24.408687591552734,40.61371612548828
2009-08-21,48.19612503051758,93.6500015258789,66.71227264404297,58.08775329589844,24.821670532226562,41.1309700012207
2009-08-24,48.288291931152344,92.33999633789062,66.9481430053711,59.140838623046875,24.87026023864746,41.079254150390625
2009-08-25,48.368228912353516,92.76000213623047,66.75161743164062,59.475379943847656,25.06460952758789,41.122352600097656
2009-08-26,48.3989372253418,92.79000091552734,66.94161224365234,59.74794387817383,24.91884422302246,41.25167465209961
2009-08-27,48.3436393737793,93.19000244140625,66.69918823242188,59.512516021728516,25.052459716796875,41.38958740234375
2009-08-28,48.44198226928711,93.87000274658203,66.72537994384766,59.78510665893555,25.07676124572754,41.467201232910156
2009-08-31,48.5341911315918,93.4000015258789,66.6664047241211,59.84086608886719,24.82774543762207,41.11374282836914
2009-09-01,48.59027099609375,93.9000015258789,66.75900268554688,59.69606018066406,24.244699478149414,40.22576904296875
2009-09-02,48.69512939453125,96.19000244140625,66.86475372314453,60.566097259521484,24.29936408996582,40.25163269042969
2009-09-03,48.608795166015625,97.45999908447266,66.95069885253906,60.1932487487793,24.560518264770508,40.58784484863281
2009-09-04,48.55942153930664,97.52999877929688,66.93746948242188,59.16790771484375,24.973508834838867,41.24305725097656
2009-09-08,48.534786224365234,97.43000030517578,67.07633972167969,58.751461029052734,25.489742279052734,41.579280853271484
2009-09-09,48.61492919921875,97.08000183105469,67.28788757324219,58.68309783935547,25.684085845947266,41.93272399902344
2009-09-10,48.79994583129883,97.69999694824219,67.4465560913086,59.76441192626953,25.963459014892578,42.5275764465332
2009-09-11,48.82457733154297,98.77999877929688,67.59857177734375,60.093772888183594,25.920948028564453,42.424129486083984
2009-09-14,48.63961410522461,97.95999908447266,67.4465560913086,59.497222900390625,25.969533920288086,42.4844856262207
2009-09-15,48.67657470703125,98.9000015258789,67.48619079589844,59.19266128540039,26.078847885131836,42.7775993347168
2009-09-16,48.68891525268555,99.91000366210938,67.61842346191406,59.29830551147461,26.619382858276367,43.1914176940918
2009-09-17,48.830745697021484,99.33999633789062,67.70436096191406,60.04408264160156,26.431110382080078,43.11381912231445
2009-09-18,48.77527618408203,98.66999816894531,67.39363098144531,59.509639739990234,26.46755027770996,43.13968276977539
2009-09-21,48.73830032348633,98.36000061035156,67.32090759277344,59.646305084228516,26.248918533325195,43.1655387878418
2009-09-22,48.67657470703125,99.66999816894531,67.47962188720703,59.770660400390625,26.63152503967285,43.406925201416016
2009-09-23,48.81841278076172,98.83000183105469,67.62505340576172,59.95087814331055,26.340009689331055,43.251747131347656
2009-09-24,48.84310531616211,97.55000305175781,67.5589370727539,60.12485885620117,25.94523811340332,42.90692138671875
2009-09-25,48.99723434448242,97.0,67.65812683105469,60.88922119140625,25.896650314331055,42.60517883300781
2009-09-28,49.02192306518555,97.05000305175781,67.79692840576172,61.423675537109375,26.25498390197754,43.389686584472656
2009-09-29,49.02192306518555,97.43000030517578,67.7705078125,61.367740631103516,26.139577865600586,43.01899337768555
2009-09-30,49.02192306518555,98.8499984741211,68.01510620117188,61.31182861328125,26.236759185791016,43.01899337768555
2009-10-01,49.24333572387695,97.88999938964844,68.20490264892578,62.15156173706055,25.45330238342285,41.84651565551758
2009-10-02,49.094913482666016,98.37000274658203,68.07264709472656,61.72138977050781,25.265026092529297,41.64824295043945
2009-10-05,49.16914367675781,99.81999969482422,68.1123275756836,61.72761154174805,25.684085845947266,42.05342483520508
2009-10-06,49.22480773925781,102.27999877929688,68.1057357788086,61.1166877746582,26.12744140625,42.88105010986328
2009-10-07,49.249549865722656,102.36000061035156,68.40336608886719,61.83361053466797,26.133501052856445,43.044837951660156
2009-10-08,49.23099136352539,103.63999938964844,68.33718872070312,61.185325622558594,26.576860427856445,43.20002365112305
2009-10-09,48.872222900390625,102.83999633789062,67.98668670654297,59.78266143798828,26.540428161621094,43.769004821777344
2009-10-12,49.03919982910156,103.55999755859375,68.15198516845703,59.87614440917969,26.722623825073242,43.86384963989258
2009-10-13,49.07633972167969,104.26000213623047,68.53564453125,60.1878776550293,26.6922550201416,43.89832305908203
2009-10-14,48.86602020263672,104.18000030517578,68.23800659179688,59.29645919799805,27.38461685180664,44.579376220703125
2009-10-15,48.878414154052734,102.86000061035156,68.2908935546875,59.022159576416016,27.427133560180664,44.41558837890625
2009-10-16,48.8969612121582,103.18000030517578,68.50914001464844,59.50214767456055,27.080949783325195,43.975929260253906
2009-10-19,48.96501159667969,104.2300033569336,68.9456787109375,59.9697151184082,27.512157440185547,44.406982421875
2009-10-20,49.0639533996582,103.41999816894531,69.00524139404297,60.29387283325195,27.287439346313477,44.406982421875
2009-10-21,49.05780792236328,103.75,68.73405456542969,59.9322509765625,27.135608673095703,44.23455047607422
2009-10-22,49.01448059082031,103.91999816894531,68.39669036865234,59.6392936706543,27.402843475341797,44.406982421875
2009-10-23,48.86602020263672,103.48999786376953,68.25121307373047,59.190425872802734,26.989850997924805,44.27764892578125
2009-10-26,48.804168701171875,101.86000061035156,67.94036865234375,58.42365264892578,26.60114860534668,44.0621452331543
2009-10-27,48.977359771728516,101.8499984741211,68.48272705078125,59.221641540527344,26.30356216430664,43.631080627441406
2009-10-28,48.92790985107422,100.7300033569336,68.53564453125,59.50214767456055,25.44722557067871,42.79483413696289
2009-10-29,48.9526481628418,102.69000244140625,68.54226684570312,58.85383224487305,26.388595581054688,43.631080627441406
2009-10-30,49.15675735473633,102.52999877929688,68.79356384277344,59.70787811279297,25.404708862304688,42.51034927368164
2009-11-02,49.11518096923828,103.94999694824219,68.92762756347656,59.44394302368164,25.671939849853516,42.63966369628906
2009-11-03,49.02830123901367,106.45999908447266,68.78824615478516,58.84980010986328,25.611204147338867,42.63105010986328
2009-11-04,49.01587677001953,107.0999984741211,68.92100524902344,58.31196975708008,25.963459014892578,42.90692138671875
2009-11-05,49.05937194824219,106.9800033569336,69.0537338256836,58.31196975708008,26.376447677612305,43.906951904296875
2009-11-06,49.07175064086914,107.43000030517578,69.22627258300781,58.368221282958984,26.382524490356445,43.98454666137695
2009-11-09,49.171024322509766,108.19000244140625,69.58460998535156,58.43705749511719,27.190277099609375,44.898372650146484
2009-11-10,49.18964767456055,108.38999938964844,69.46515655517578,58.33073425292969,27.117385864257812,44.88975524902344
2009-11-11,49.31373977661133,109.5999984741211,69.71732330322266,58.57465744018555,27.172056198120117,45.200103759765625
2009-11-12,49.36958312988281,108.20999908447266,69.39214324951172,58.4683723449707,26.734771728515625,44.92424011230469
2009-11-13,49.33856964111328,109.73999786376953,69.41868591308594,58.73724365234375,27.099170684814453,45.346656799316406
2009-11-16,49.46269226074219,111.62999725341797,69.94290161132812,59.425193786621094,27.54859161376953,45.81220626831055
2009-11-17,49.45027160644531,111.97000122070312,70.12873077392578,59.74407196044922,27.451414108276367,46.088077545166016
2009-11-18,49.46269226074219,112.25,70.10884857177734,59.393882751464844,27.281375885009766,45.79495620727539
2009-11-19,49.49991226196289,112.30000305175781,70.11546325683594,59.50022888183594,26.831947326660156,45.08802795410156
2009-11-20,49.47504425048828,112.94000244140625,70.11546325683594,59.48772430419922,26.722623825073242,44.777671813964844
2009-11-23,49.51231384277344,114.29000091552734,70.17518615722656,59.41266632080078,27.159910202026367,45.475982666015625
2009-11-24,49.63643264770508,114.7300033569336,70.24813842773438,59.787933349609375,27.01413917541504,45.269065856933594
2009-11-25,49.73569869995117,116.62000274658203,70.5268783569336,60.063087463378906,27.402843475341797,45.38114929199219
2009-11-27,49.82262420654297,115.05999755859375,70.6795425415039,60.288211822509766,26.47968864440918,44.6569709777832
2009-11-30,49.797767639160156,115.63999938964844,70.7193603515625,60.43206787109375,26.63760757446289,44.73457336425781
2009-12-01,49.7262077331543,117.37999725341797,70.59834289550781,59.758888244628906,27.38461685180664,45.407012939453125
2009-12-02,49.65774154663086,119.18000030517578,70.52516174316406,59.80909729003906,27.445344924926758,45.407012939453125
2009-12-03,49.60791778564453,118.69999694824219,70.29248809814453,59.18793487548828,27.305654525756836,45.277687072753906
2009-12-04,49.402549743652344,113.75,69.720703125,58.56055450439453,27.25100326538086,45.717369079589844
2009-12-07,49.53324508666992,113.11000061035156,69.83367919921875,58.63587951660156,27.141685485839844,45.579429626464844
2009-12-08,49.614173889160156,110.94999694824219,69.80043029785156,58.72364807128906,26.65582847595215,45.26045227050781
2009-12-09,49.564353942871094,110.83999633789062,69.49461364746094,58.453887939453125,26.680116653442383,45.67426300048828
2009-12-10,49.495906829833984,110.81999969482422,69.26851654052734,57.78262710571289,26.7894287109375,45.769100189208984
2009-12-11,49.43986511230469,109.31999969482422,69.29512786865234,57.776302337646484,26.7894287109375,45.648399353027344
2009-12-14,49.396324157714844,110.23999786376953,69.53453063964844,57.845340728759766,26.971628189086914,46.1225700378418
2009-12-15,49.35273742675781,110.20999908447266,69.52782440185547,57.588138580322266,26.759063720703125,45.907039642333984
2009-12-16,49.377628326416016,111.58999633789062,69.64751434326172,57.51909637451172,26.959476470947266,46.14842224121094
2009-12-17,49.51456069946289,107.33999633789062,69.94668579101562,58.46647644042969,26.425029754638672,45.63116455078125
2009-12-18,49.502140045166016,108.94999694824219,69.84036254882812,58.215484619140625,26.382524490356445,46.31222915649414
2009-12-21,49.27183532714844,106.94999694824219,69.51456451416016,57.18035125732422,26.49184226989746,46.79500198364258
2009-12-22,49.16599655151367,106.16999816894531,69.2884750366211,56.8603401184082,26.6922550201416,47.028831481933594
2009-12-23,49.15977478027344,106.55000305175781,69.18875885009766,56.87287902832031,26.929119110107422,47.37527847290039
2009-12-24,48.9605827331543,108.36000061035156,69.00257110595703,56.283145904541016,27.09820556640625,47.825653076171875
2009-12-28,49.013671875,108.55000305175781,68.98263549804688,56.126319885253906,27.141565322875977,47.90359878540039
2009-12-29,49.04489517211914,107.47000122070312,69.19519805908203,56.496551513671875,27.197311401367188,47.86894989013672
2009-12-30,49.11357498168945,106.93000030517578,69.30184173583984,56.867984771728516,27.104406356811523,48.050838470458984
2009-12-31,49.076133728027344,107.30999755859375,69.24187469482422,56.597259521484375,27.011503219604492,47.52252960205078
2010-01-04,49.1323127746582,109.80000305175781,69.42181396484375,56.54688262939453,27.847667694091797,48.3279914855957
2010-01-05,49.27593994140625,109.69999694824219,69.64839172363281,56.912044525146484,27.841472625732422,48.27601623535156
2010-01-06,49.257205963134766,111.51000213623047,69.46844482421875,56.15022659301758,27.965351104736328,47.93825149536133
2010-01-07,49.219730377197266,110.81999969482422,69.57510375976562,56.244667053222656,27.798114776611328,47.75636291503906
2010-01-08,49.26972198486328,111.37000274658203,69.72172546386719,56.21947479248047,28.07684326171875,48.1287841796875
2010-01-11,49.28840255737305,112.8499984741211,69.56842803955078,55.91093444824219,27.977741241455078,47.920928955078125
2010-01-12,49.4758186340332,110.48999786376953,69.8882827758789,56.867984771728516,27.847667694091797,47.288692474365234
2010-01-13,49.363372802734375,111.54000091552734,69.57510375976562,56.20689010620117,28.070648193359375,47.8083381652832
2010-01-14,49.481990814208984,112.02999877929688,69.75505065917969,56.99393844604492,28.144975662231445,48.1114616394043
2010-01-15,49.513248443603516,110.86000061035156,69.98159790039062,57.346492767333984,27.76095199584961,47.51387405395508
2010-01-19,49.48827362060547,111.5199966430664,69.92829132080078,57.182830810546875,28.09542465209961,48.172088623046875
2010-01-20,49.60692596435547,108.94000244140625,70.03490447998047,57.76203155517578,27.358354568481445,47.54851531982422
2010-01-21,49.66312789916992,107.37000274658203,70.168212890625,58.02649688720703,26.658445358276367,47.080814361572266
2010-01-22,49.64436721801758,107.16999816894531,70.1015625,57.925785064697266,26.212499618530273,45.31398391723633
2010-01-25,49.57566833496094,107.4800033569336,69.92163848876953,57.661338806152344,26.46643829345703,45.59978103637695
2010-01-26,49.694332122802734,107.55999755859375,70.13489532470703,57.68022155761719,26.26823616027832,45.59978103637695
2010-01-27,49.62562942504883,106.52999877929688,69.94829559326172,57.64874267578125,26.181522369384766,45.8682746887207
2010-01-28,49.64436721801758,106.4800033569336,70.04154968261719,57.617279052734375,25.81607437133789,44.638427734375
2010-01-29,49.70682144165039,105.95999908447266,70.30147552490234,58.1209602355957,25.456832885742188,43.633758544921875
2010-02-01,49.67426300048828,108.3499984741211,70.27344512939453,57.593345642089844,26.0390682220459,44.335289001464844
2010-02-02,49.7055549621582,109.12999725341797,70.40032196044922,57.757625579833984,26.330163955688477,44.71637725830078
2010-02-03,49.67426300048828,108.69999694824219,70.11322021484375,57.087890625,26.15054702758789,44.84629440307617
2010-02-04,49.76816940307617,104.37000274658203,70.30012512207031,57.991424560546875,24.961318969726562,43.52983856201172
2010-02-05,49.849647521972656,104.68000030517578,70.1732406616211,58.1178092956543,24.67022132873535,43.93689727783203
2010-02-08,49.85588073730469,104.04000091552734,70.06644439697266,58.193626403808594,24.496782302856445,43.71171951293945
2010-02-09,49.75569534301758,105.41000366210938,69.82604217529297,57.6122932434082,25.252429962158203,44.18806838989258
2010-02-10,49.642948150634766,105.12000274658203,69.61903381347656,57.06256866455078,25.079008102416992,44.0927848815918
2010-02-11,49.561466217041016,107.12999725341797,69.45208740234375,56.75300598144531,25.44445037841797,44.67308044433594
2010-02-12,49.63044357299805,107.04000091552734,69.45208740234375,56.98677444458008,25.09140396118164,44.777008056640625
2010-02-16,49.69303512573242,109.62000274658203,69.65245056152344,57.09420394897461,25.828462600708008,45.41790771484375
2010-02-17,49.5803108215332,109.25,69.51887512207031,56.443382263183594,25.735551834106445,45.62577438354492
2010-02-18,49.51140213012695,109.9800033569336,69.45878601074219,56.21589279174805,26.032859802246094,46.0241813659668
2010-02-19,49.51140213012695,109.47000122070312,69.33856964111328,56.519229888916016,25.90279197692871,45.97221755981445
2010-02-22,49.492576599121094,109.06999969482422,69.16497802734375,56.28539276123047,25.908981323242188,45.876949310302734
2010-02-23,49.680519104003906,107.88999938964844,69.37864685058594,57.16372299194336,25.494003295898438,45.26200866699219
2010-02-24,49.74315643310547,107.36000061035156,69.24512481689453,57.30268478393555,25.673616409301758,45.686397552490234
2010-02-25,49.81206512451172,108.30999755859375,69.24512481689453,57.62494659423828,25.555936813354492,45.5478401184082
2010-02-26,49.86846160888672,109.43000030517578,69.38533020019531,57.92189407348633,25.791301727294922,45.59978103637695
2010-03-01,49.92118835449219,109.43000030517578,69.39469146728516,57.89656448364258,26.07003402709961,46.33598709106445
2010-03-02,49.95892333984375,111.0199966430664,69.4481201171875,57.820499420166016,26.26823616027832,46.31865310668945
2010-03-03,49.96521759033203,111.62999725341797,69.42141723632812,57.674713134765625,26.478818893432617,46.344642639160156
2010-03-04,50.00285339355469,110.83000183105469,69.4948501586914,57.978965759277344,26.379716873168945,46.56116485595703
2010-03-05,49.92747497558594,110.80999755859375,69.34129333496094,57.21836471557617,26.9433650970459,47.15010070800781
2010-03-08,49.8458366394043,109.87999725341797,69.28118133544922,56.920406341552734,26.986722946166992,47.36662292480469
2010-03-09,49.8772087097168,109.72000122070312,69.4013671875,56.933109283447266,26.949552536010742,47.54851531982422
2010-03-10,49.839500427246094,108.47000122070312,69.3279037475586,56.78727340698242,27.104406356811523,47.93825149536133
2010-03-11,49.83323669433594,108.5999984741211,69.40805053710938,56.996490478515625,27.16014289855957,48.076812744140625
2010-03-12,49.85209274291992,107.94999694824219,69.58834838867188,57.35144805908203,27.271642684936523,48.076812744140625
2010-03-15,49.92118835449219,108.36000061035156,69.57498168945312,57.27539825439453,27.06104278564453,47.920928955078125
2010-03-16,50.009159088134766,110.4000015258789,69.83543395996094,57.73173522949219,27.4202880859375,48.27601623535156
2010-03-17,50.021759033203125,109.58999633789062,69.98236083984375,57.978965759277344,27.6123046875,48.55317306518555
2010-03-18,49.933799743652344,110.33999633789062,69.7018051147461,57.78877258300781,27.401723861694336,48.55317306518555
2010-03-19,49.971466064453125,108.27999877929688,69.56830596923828,57.845821380615234,27.12917137145996,48.120121002197266
2010-03-22,50.021759033203125,107.75,69.72856903076172,57.90925216674805,27.2530517578125,48.570491790771484
2010-03-23,50.021759033203125,108.31999969482422,69.67516326904297,57.6367301940918,27.44506072998047,49.06416702270508
2010-03-24,49.770450592041016,106.30000305175781,69.11421203613281,56.5844841003418,27.0176944732666,48.68309020996094
2010-03-25,49.61335372924805,106.77999877929688,69.020751953125,56.2231559753418,26.974323272705078,48.76103210449219
2010-03-26,49.720184326171875,108.58999633789062,69.10755157470703,56.38161087036133,27.153963088989258,48.717735290527344
2010-03-29,49.61335372924805,108.75,69.020751953125,56.166099548339844,27.507003784179688,48.691741943359375
2010-03-30,49.71388244628906,107.97000122070312,69.08088684082031,56.34360122680664,27.52557373046875,48.95159149169922
2010-03-31,49.75788497924805,108.94999694824219,69.38134765625,56.73030471801758,27.52557373046875,48.657100677490234
2010-04-01,49.74211502075195,110.26000213623047,69.36929321289062,56.591548919677734,28.052074432373047,48.6484489440918
2010-04-05,49.45222854614258,110.88999938964844,68.87971496582031,55.64997863769531,28.169754028320312,49.315330505371094
2010-04-06,49.490020751953125,111.02999877929688,69.15467071533203,55.739036560058594,28.151168823242188,49.37596130371094
2010-04-07,49.679073333740234,112.48999786376953,69.64421844482422,56.451622009277344,27.897232055664062,49.25469970703125
2010-04-08,49.65387725830078,112.6500015258789,69.5771713256836,56.47706604003906,27.909597396850586,49.263362884521484
2010-04-09,49.74842834472656,113.63999938964844,69.6509780883789,56.61065673828125,28.23788833618164,49.64445114135742
2010-04-12,49.79883575439453,113.01000213623047,69.84544372558594,56.909690856933594,28.250261306762695,49.84363555908203
2010-04-13,49.89966583251953,112.69000244140625,69.90579223632812,57.094173431396484,28.21310806274414,49.99954605102539
2010-04-14,49.861846923828125,113.02999877929688,69.81858825683594,56.69335174560547,28.60332489013672,50.89162826538086
2010-04-15,49.93744659423828,113.6500015258789,70.01982116699219,56.756988525390625,28.52899932861328,51.14279556274414
2010-04-16,50.04460906982422,111.23999786376953,70.18067932128906,57.170509338378906,27.884830474853516,50.50188446044922
2010-04-19,49.98157501220703,111.1500015258789,70.01304626464844,57.03056716918945,27.79191780090332,50.45856475830078
2010-04-20,50.03199005126953,111.45999908447266,70.18067932128906,57.23418045043945,28.058265686035156,50.78768539428711
2010-04-21,50.06979751586914,112.30999755859375,70.39537811279297,57.70492172241211,27.847667694091797,50.98688888549805
2010-04-22,50.038299560546875,111.83999633789062,70.19416046142578,57.53318405151367,27.72379493713379,51.17744064331055
2010-04-23,50.000511169433594,113.19000244140625,70.20085144042969,57.32952880859375,27.934383392333984,51.38530349731445
2010-04-26,49.975303649902344,112.75,70.2612075805664,57.3931884765625,27.9220027923584,51.31600570678711
2010-04-27,50.15801239013672,114.62999725341797,70.67028045654297,58.201202392578125,26.8752384185791,50.25071716308594
2010-04-28,50.12651443481445,114.30999755859375,70.52943420410156,57.70492172241211,26.8752384185791,50.380638122558594
2010-04-29,50.14545822143555,114.27999877929688,70.89830017089844,57.94668960571289,27.401723861694336,50.85697555541992
2010-04-30,50.29039764404297,115.36000061035156,71.12628936767578,58.61470031738281,27.042457580566406,49.731056213378906
2010-05-03,50.26322555541992,115.7300033569336,71.00071716308594,58.53812789916992,27.209712982177734,50.4152717590332
2010-05-04,50.40857696533203,114.87000274658203,71.1081771850586,59.591556549072266,26.13196563720703,48.89961242675781
2010-05-05,50.43391799926758,115.08999633789062,71.14175415039062,59.94268035888672,25.61168098449707,48.56183624267578
2010-05-06,50.62981033325195,118.48999786376953,71.46415710449219,61.79413604736328,24.385297775268555,46.82963943481445
2010-05-07,50.503440856933594,118.2699966430664,71.30965423583984,61.02165985107422,24.521556854248047,45.859619140625
2010-05-10,50.44649887084961,117.56999969482422,71.1081771850586,59.75752639770508,26.14434814453125,48.085487365722656
2010-05-11,50.516014099121094,120.66000366210938,71.24250793457031,59.60430908203125,25.741756439208984,47.920928955078125
2010-05-12,50.37696075439453,121.4000015258789,71.32979583740234,59.15102005004883,26.063840866088867,49.098812103271484
2010-05-13,50.471824645996094,120.55999755859375,71.39028930664062,59.54047775268555,25.7293643951416,48.4665641784668
2010-05-14,50.64243698120117,120.37000274658203,71.59847259521484,60.574729919433594,25.041837692260742,47.392608642578125
2010-05-17,50.648765563964844,119.36000061035156,71.34994506835938,60.35129928588867,25.041837692260742,47.49654769897461
2010-05-18,50.838401794433594,119.48999786376953,71.71936798095703,61.2769775390625,24.50916862487793,46.76036834716797
2010-05-19,50.85102081298828,116.62999725341797,71.26261901855469,61.48131561279297,24.496782302856445,46.45722961425781
2010-05-20,50.939579010009766,115.83999633789062,71.25592041015625,62.77735900878906,23.524343490600586,44.768341064453125
2010-05-21,51.00904846191406,115.22000122070312,71.30293273925781,62.84115982055664,24.1065731048584,45.244693756103516
2010-05-24,51.002784729003906,116.83999633789062,71.22903442382812,62.62410354614258,23.567707061767578,44.95022964477539
2010-05-25,51.01536560058594,117.36000061035156,70.99397277832031,62.93051528930664,23.480989456176758,44.86361312866211
2010-05-26,50.952205657958984,118.47000122070312,71.12833404541016,62.751766204833984,23.239416122436523,44.55181884765625
2010-05-27,50.756256103515625,118.69000244140625,70.86641693115234,61.32808303833008,24.490589141845703,46.1973991394043
2010-05-28,50.85738754272461,118.87999725341797,71.26261901855469,61.60902404785156,24.094181060791016,45.75569152832031
2010-06-01,50.897987365722656,119.91000366210938,71.12833404541016,62.042049407958984,23.772098541259766,45.05415344238281
2010-06-02,50.853546142578125,119.77999877929688,71.05403137207031,61.452701568603516,24.478200912475586,46.18008804321289
2010-06-03,50.79648208618164,117.95999908447266,71.08778381347656,61.00429153442383,24.441024780273438,46.76036834716797
2010-06-04,50.93596649169922,119.19000244140625,71.54012298583984,62.64420700073242,23.462404251098633,45.123451232910156
2010-06-07,51.09452819824219,121.48999786376953,71.60090637207031,63.124671936035156,23.1527099609375,44.19672775268555
2010-06-08,51.07544708251953,121.0,71.4185791015625,62.81077575683594,23.604873657226562,44.22270584106445
2010-06-09,51.07544708251953,120.55999755859375,71.49285125732422,62.74031448364258,23.542922973632812,43.893585205078125
2010-06-10,50.8662223815918,118.97000122070312,70.96630096435547,61.619239807128906,24.397687911987305,45.05415344238281
2010-06-11,50.948646545410156,120.01000213623047,71.37811279296875,62.400779724121094,24.484392166137695,45.59113311767578
2010-06-14,50.96137237548828,119.5999984741211,71.37811279296875,62.080440521240234,24.589693069458008,45.47853469848633
2010-06-15,50.872623443603516,120.98999786376953,71.2835693359375,61.82424545288086,25.3701171875,46.855621337890625
2010-06-16,50.9930419921875,120.33000183105469,71.50633239746094,62.17660903930664,25.33295249938965,46.942230224609375
2010-06-17,51.13248062133789,121.9000015258789,71.85063171386719,62.68263626098633,25.351537704467773,47.08946990966797
2010-06-18,51.11347961425781,122.83000183105469,71.72915649414062,62.580142974853516,25.37631607055664,47.15010070800781
2010-06-21,51.12617492675781,120.38999938964844,71.76963806152344,62.400779724121094,25.44445037841797,46.777679443359375
2010-06-22,51.24665451049805,121.44999694824219,71.93841552734375,63.14385223388672,25.10997772216797,46.26668167114258
2010-06-23,51.37344741821289,120.94999694824219,71.95188903808594,63.573036193847656,25.258625030517578,46.07614517211914
2010-06-24,51.30372619628906,121.30000305175781,71.74939727783203,63.195125579833984,24.837448120117188,45.21870422363281
2010-06-25,51.367069244384766,122.76000213623047,71.9991683959961,63.45137405395508,24.955135345458984,45.26200866699219
2010-06-28,51.46220016479492,121.08999633789062,72.16793823242188,64.04712677001953,24.83125114440918,45.279354095458984
2010-06-29,51.58266830444336,121.2699966430664,72.22869873046875,64.74533081054688,23.94551658630371,43.460548400878906
2010-06-30,51.595340728759766,121.68000030517578,72.17473602294922,65.18097686767578,23.772098541259766,42.83695983886719
2010-07-01,51.62012481689453,117.04000091552734,71.7624740600586,65.28379821777344,23.90836524963379,42.64641189575195
2010-07-02,51.588375091552734,118.48999786376953,71.62716674804688,64.76334381103516,23.964113235473633,42.55115509033203
2010-07-06,51.71550750732422,116.51000213623047,71.70831298828125,65.29666900634766,24.372907638549805,42.75034713745117
2010-07-07,51.651947021484375,117.7300033569336,71.41048431396484,64.5320053100586,25.06661605834961,44.36128234863281
2010-07-08,51.61376953125,117.20999908447266,71.51881408691406,64.12077331542969,25.246244430541992,44.59513854980469
2010-07-09,51.55657196044922,118.36000061035156,71.57296752929688,63.754486083984375,25.401090621948242,44.89825439453125
2010-07-12,51.57563781738281,117.33999633789062,71.52562713623047,63.728797912597656,25.246244430541992,45.18406295776367
2010-07-13,51.48661422729492,118.36000061035156,71.44432830810547,63.18258285522461,25.698392868041992,45.94623565673828
2010-07-14,51.62012481689453,118.30000305175781,71.6474380493164,63.81876754760742,25.716978073120117,46.30132293701172
2010-07-15,51.6710205078125,118.2300033569336,71.73540496826172,64.45489501953125,25.803691864013672,46.26668167114258
2010-07-16,51.84265899658203,116.66999816894531,71.56621551513672,64.76978302001953,24.992290496826172,44.872276306152344
2010-07-19,51.78540802001953,115.7300033569336,71.28870391845703,64.37138366699219,25.184309005737305,45.37460708618164
2010-07-20,51.77912902832031,116.6500015258789,71.36986541748047,64.46772766113281,25.48780632019043,45.72104263305664
2010-07-21,51.96348190307617,115.8499984741211,71.74217987060547,65.56008911132812,25.060420989990234,45.019508361816406
2010-07-22,51.906272888183594,116.86000061035156,71.67453002929688,64.8019027709961,25.908981323242188,46.284000396728516
2010-07-23,51.817222595214844,116.08999633789062,71.49172973632812,64.11434936523438,26.16913414001465,46.70841598510742
2010-07-26,51.84265899658203,115.5199966430664,71.51881408691406,64.00511169433594,26.330163955688477,47.06349563598633
2010-07-27,51.817222595214844,113.51000213623047,71.4173355102539,63.388240814208984,26.342548370361328,47.098140716552734
2010-07-28,51.906272888183594,113.77999877929688,71.65418243408203,63.59385681152344,26.181522369384766,46.56116485595703
2010-07-29,51.96348190307617,114.29000091552734,71.74217987060547,63.574588775634766,26.286813735961914,46.09346389770508
2010-07-30,52.03976058959961,115.48999786376953,71.99937438964844,64.56417083740234,26.330163955688477,45.92024230957031
2010-08-02,52.028297424316406,115.54000091552734,72.12956237792969,63.65780258178711,27.1849365234375,46.812320709228516
2010-08-03,52.16855239868164,115.98999786376953,72.50930786132812,64.02516174316406,27.12299156188965,46.57848358154297
2010-08-04,52.066566467285156,116.72000122070312,72.26521301269531,63.535316467285156,27.178733825683594,46.976898193359375
2010-08-05,52.149417877197266,116.9800033569336,72.5296630859375,63.831886291503906,27.12917137145996,46.72571563720703
2010-08-06,52.30245590209961,117.83999633789062,72.59749603271484,64.52803039550781,27.16014289855957,46.604469299316406
2010-08-09,52.23865509033203,117.4000015258789,72.5635986328125,64.28954315185547,27.178733825683594,46.88160705566406
2010-08-10,52.34709548950195,117.7300033569336,73.0111312866211,64.42491912841797,26.955753326416016,46.23204803466797
2010-08-11,52.38535690307617,117.33999633789062,73.00433349609375,65.28868103027344,25.91518211364746,44.98486328125
2010-08-12,52.28975296020508,118.7699966430664,72.52288818359375,65.12753295898438,25.890399932861328,44.23136520385742
2010-08-13,52.43637466430664,118.73999786376953,72.71276092529297,65.93970489501953,25.828462600708008,43.93689727783203
2010-08-16,52.63400650024414,119.7300033569336,72.95010375976562,67.59004974365234,25.995702743530273,44.118778228759766
2010-08-17,52.55752182006836,119.75,72.78732299804688,67.2032699584961,26.305408477783203,44.69039535522461
2010-08-18,52.52560043334961,120.22000122070312,72.74664306640625,67.3837661743164,26.361143112182617,44.88093948364258
2010-08-19,52.646751403808594,120.38999938964844,72.75343322753906,68.43452453613281,26.02668571472168,44.317970275878906
2010-08-20,52.576629638671875,119.97000122070312,72.66529846191406,68.35718536376953,25.772722244262695,44.283329010009766
2010-08-23,52.60847854614258,119.77999877929688,72.66529846191406,68.37007141113281,25.716978073120117,43.85029602050781
2010-08-24,52.79340744018555,120.36000061035156,72.90937805175781,69.46592712402344,25.252429962158203,43.14873123168945
2010-08-25,52.72330093383789,121.36000061035156,72.90937805175781,69.24031066894531,25.28960418701172,43.434574127197266
2010-08-26,52.76789855957031,120.95999908447266,73.30267333984375,69.89140319824219,25.258625030517578,43.01016616821289
2010-08-27,52.52560043334961,121.01000213623047,72.86872100830078,67.9123764038086,25.76651954650879,43.61643981933594
2010-08-30,52.761512756347656,120.91000366210938,73.1942367553711,69.21453094482422,25.401090621948242,43.04481887817383
2010-08-31,52.8508186340332,122.08000183105469,73.39761352539062,69.98162078857422,25.42586898803711,42.74168395996094
2010-09-01,52.68204879760742,121.69000244140625,73.08563232421875,68.53465270996094,26.255840301513672,43.96287155151367
2010-09-02,52.57972717285156,122.29000091552734,72.95000457763672,67.81050872802734,26.472631454467773,44.413238525390625
2010-09-03,52.48379135131836,121.86000061035156,72.83460998535156,66.97003936767578,26.71418571472168,45.1494140625
2010-09-07,52.70759201049805,122.69999694824219,73.24160766601562,68.34066772460938,26.379716873168945,44.71637725830078
2010-09-08,52.56052780151367,122.70999908447266,73.0245590209961,67.797607421875,26.559354782104492,44.89825439453125
2010-09-09,52.362342834472656,121.55999755859375,72.86178588867188,66.45923614501953,26.769947052001953,44.97621154785156
2010-09-10,52.298404693603516,121.7300033569336,72.93638610839844,66.15533447265625,26.86284065246582,44.95888137817383
2010-09-13,52.43270492553711,121.62000274658203,73.43151092529297,66.47859954833984,27.376941680908203,45.93756866455078
2010-09-14,52.509395599365234,124.0199966430664,73.3569564819336,67.11869812011719,27.48223114013672,46.16275405883789
2010-09-15,52.4582405090332,123.94000244140625,73.20094299316406,66.1230239868164,27.507003784179688,46.387935638427734
2010-09-16,52.37511444091797,124.62999725341797,73.05171203613281,65.46997833251953,27.44506072998047,46.69107437133789
2010-09-17,52.42626190185547,124.54000091552734,72.84143829345703,65.735107421875,27.246870040893555,46.88160705566406
2010-09-20,52.46463394165039,124.87000274658203,73.1263427734375,66.11651611328125,27.717599868774414,47.6264533996582
2010-09-21,52.65644454956055,126.01000213623047,74.06232452392578,67.03467559814453,27.69902229309082,47.52252960205078
2010-09-22,52.70121383666992,126.19999694824219,74.16407012939453,67.63593292236328,27.717599868774414,47.288692474365234
2010-09-23,52.71397018432617,126.30000305175781,74.10983276367188,67.82998657226562,27.426485061645508,47.26268768310547
2010-09-24,52.592491149902344,126.69000244140625,73.7367935180664,66.91828155517578,28.12639617919922,48.29334259033203
2010-09-27,52.81625747680664,126.72000122070312,73.9538345336914,68.08206176757812,28.002504348754883,48.250030517578125
2010-09-28,52.93136978149414,127.8499984741211,74.46931457519531,68.547607421875,28.206920623779297,48.34531784057617
2010-09-29,52.8737907409668,127.94999694824219,74.13693237304688,68.26305389404297,28.17594337463379,48.388614654541016
2010-09-30,52.84823989868164,127.91000366210938,73.97421264648438,68.21786499023438,28.12019920349121,48.154762268066406
2010-10-01,52.8052864074707,128.91000366210938,74.17449951171875,67.88817596435547,28.423707962036133,48.154762268066406
2010-10-04,52.93992233276367,128.4600067138672,74.28997039794922,68.06340026855469,28.114002227783203,47.600467681884766
2010-10-05,52.95275115966797,130.99000549316406,74.76541137695312,67.65457153320312,28.832502365112305,48.61378860473633
2010-10-06,53.07455825805664,131.80999755859375,75.42408752441406,68.50464630126953,28.999727249145508,48.24138259887695
2010-10-07,53.16431427001953,130.3699951171875,75.25434112548828,67.93358612060547,28.900636672973633,48.36262893676758
2010-10-08,53.100196838378906,131.66000366210938,75.7500991821289,67.63510131835938,29.117416381835938,48.68309020996094
2010-10-11,53.08094787597656,132.2899932861328,75.7500991821289,67.64807891845703,29.080263137817383,48.73505783081055
2010-10-12,53.029685974121094,131.9600067138672,75.51918029785156,66.97965240478516,29.03689956665039,49.090152740478516
2010-10-13,53.11300277709961,134.07000732421875,75.9742202758789,66.87579345703125,29.377553939819336,49.56649398803711
2010-10-14,52.90782928466797,134.75,76.21192169189453,65.87641143798828,29.470460891723633,49.57516098022461
2010-10-15,52.78603744506836,133.67999267578125,75.72293090820312,65.07170104980469,29.39615249633789,50.44991683959961
2010-10-18,52.98476791381836,134.27999877929688,75.89273071289062,65.59736633300781,29.45189094543457,50.597137451171875
2010-10-19,53.06174850463867,130.11000061035156,75.93345642089844,65.99320983886719,28.739593505859375,49.80034255981445
2010-10-20,53.0424690246582,131.32000732421875,75.91311645507812,66.135986328125,29.25986671447754,50.15544128417969
2010-10-21,52.99758529663086,129.47000122070312,75.91311645507812,65.35075378417969,29.123607635498047,50.2160758972168
2010-10-22,52.9655647277832,129.72999572753906,75.93345642089844,65.79197692871094,29.19792938232422,50.5884895324707
2010-10-25,52.99758529663086,130.85000610351562,76.16439819335938,65.9802474975586,29.297040939331055,50.83098220825195
2010-10-26,52.85017013549805,130.8800048828125,75.7500991821289,64.96135711669922,29.166963577270508,50.87430191040039
2010-10-27,52.74115753173828,129.52000427246094,75.281494140625,64.39025115966797,28.863466262817383,51.186092376708984
2010-10-28,52.92068099975586,131.24000549316406,75.55314636230469,64.56546783447266,29.148386001586914,51.16011428833008
2010-10-29,53.016822814941406,132.6199951171875,75.80447387695312,65.16900634765625,29.129802703857422,51.2380485534668
2010-11-01,53.015586853027344,131.9199981689453,75.92354583740234,64.88839721679688,29.148386001586914,51.29867935180664
2010-11-02,53.10554122924805,132.49000549316406,76.10735321044922,65.74126434326172,29.557191848754883,51.78369903564453
2010-11-03,53.16337966918945,131.57000732421875,75.9712142944336,64.4001235961914,29.72442054748535,52.08683395385742
2010-11-04,53.33054733276367,136.02999877929688,76.15499114990234,64.9014892578125,30.455303192138672,52.91828155517578
2010-11-05,53.10554122924805,136.3800048828125,75.89630889892578,63.78818893432617,30.30044937133789,52.97025680541992
2010-11-08,53.11838150024414,137.77999877929688,75.99840545654297,64.07462310791016,30.1641845703125,53.06550979614258
2010-11-09,52.84843826293945,135.58999633789062,75.3109359741211,62.661903381347656,29.854490280151367,52.78837585449219
2010-11-10,52.829124450683594,137.24000549316406,75.49468231201172,62.74652862548828,29.98456382751465,52.97025680541992
2010-11-11,52.84843826293945,137.66000366210938,75.50154113769531,62.71394729614258,29.730602264404297,52.13013458251953
2010-11-12,52.61054229736328,133.69000244140625,74.8821029663086,62.37543487548828,29.389944076538086,51.39396286010742
2010-11-15,52.35984802246094,132.4199981689453,73.9427490234375,61.07335662841797,29.371362686157227,51.186092376708984
2010-11-16,52.533416748046875,130.97000122070312,74.07887268066406,62.59022521972656,28.646682739257812,50.31133270263672
2010-11-17,52.546287536621094,130.3800048828125,74.09252166748047,62.24521255493164,28.782941818237305,50.32000732421875
2010-11-18,52.546287536621094,132.08999633789062,74.21503448486328,62.49916076660156,29.470460891723633,51.22073745727539
2010-11-19,52.559085845947266,132.1999969482422,74.426025390625,62.883216857910156,29.48285675048828,51.39396286010742
2010-11-22,52.71340560913086,133.47999572753906,74.68470001220703,63.150146484375,29.278453826904297,51.73172378540039
2010-11-23,52.72626876831055,134.41000366210938,74.71198272705078,63.46266174316406,28.38654327392578,51.02153778076172
2010-11-24,52.47557830810547,134.17999267578125,74.31712341308594,62.329837799072266,28.87584686279297,51.93092346191406
2010-11-26,52.59770202636719,133.11000061035156,74.53497314453125,63.195674896240234,28.38654327392578,51.74905776977539
2010-11-29,52.63626480102539,133.50999450683594,74.61665344238281,63.736061096191406,28.225496292114258,51.41128158569336
2010-11-30,52.65559005737305,135.4199981689453,74.52132415771484,64.06810760498047,27.934383392333984,50.75305938720703
2010-12-01,52.33323287963867,135.3800048828125,74.03657531738281,62.643943786621094,28.677644729614258,51.896278381347656
2010-12-02,52.28818130493164,135.1999969482422,74.00929260253906,62.480613708496094,29.266071319580078,52.571842193603516
2010-12-03,52.37195587158203,138.07000732421875,74.00247955322266,61.99067306518555,29.48285675048828,52.77970504760742
2010-12-06,52.5460205078125,139.11000061035156,74.29566955566406,62.86604309082031,29.371362686157227,52.85763931274414
2010-12-07,52.16568374633789,136.5,73.55933380126953,61.52031326293945,29.377553939819336,52.874977111816406
2010-12-08,51.894954681396484,134.7899932861328,72.84342956542969,60.92576599121094,29.402339935302734,53.29935836791992
2010-12-09,51.940101623535156,135.3699951171875,72.75479125976562,61.22629928588867,29.433290481567383,53.32534408569336
2010-12-10,51.772457122802734,135.41000366210938,72.40026092529297,60.85393142700195,29.526212692260742,53.66311264038086
2010-12-13,51.90789031982422,136.0500030517578,72.83660888671875,61.08256530761719,29.798744201660156,53.45525360107422
2010-12-14,51.5791130065918,136.17999267578125,72.14118957519531,60.19411849975586,29.8297061920166,53.394630432128906
2010-12-15,51.41796875,134.6999969482422,72.36620330810547,59.41016387939453,29.414724349975586,53.14346694946289
2010-12-16,51.53398132324219,133.80999755859375,72.6866226196289,59.82175064086914,29.58816146850586,53.31668472290039
2010-12-17,51.84986114501953,134.1999969482422,73.17752075195312,60.912723541259766,29.489049911499023,53.507225036621094
2010-12-20,51.88208770751953,135.11000061035156,73.17072296142578,60.84737014770508,29.470460891723633,53.44660568237305
2010-12-21,51.940101623535156,135.32000732421875,73.29341125488281,61.27206039428711,29.742992401123047,53.76706314086914
2010-12-22,51.88208770751953,135.0500030517578,73.23887634277344,60.834354400634766,29.837282180786133,53.76877975463867
2010-12-23,51.82404708862305,134.66000366210938,72.9661636352539,60.710201263427734,29.792985916137695,53.69038009643555
2010-12-27,51.9688606262207,135.02000427246094,73.12300872802734,61.25240707397461,29.736042022705078,53.82106399536133
2010-12-28,51.6312255859375,137.22000122070312,72.5782241821289,60.05278778076172,29.81830406188965,53.760093688964844
2010-12-29,51.93638229370117,137.7100067138672,73.04986572265625,61.068878173828125,30.027132034301758,53.829769134521484
2010-12-30,51.94287109375,137.02999877929688,72.98152923583984,61.022972106933594,30.039793014526367,53.77751922607422
2010-12-31,52.11818313598633,138.72000122070312,73.48725891113281,61.69818878173828,30.20432472229004,53.59455108642578
2011-01-03,52.05324935913086,138.0,73.1796875,61.2327766418457,30.457443237304688,54.20438003540039
2011-01-04,52.059749603271484,134.75,73.36418914794922,61.304893493652344,30.400495529174805,54.27407455444336
2011-01-05,51.83247756958008,134.3699951171875,73.08402252197266,59.95451354980469,30.286584854125977,54.65739059448242
2011-01-06,51.87797164916992,133.8300018310547,73.29586791992188,60.216712951660156,30.033470153808594,55.12782287597656
2011-01-07,52.07270812988281,133.5800018310547,73.52828979492188,60.537933349609375,29.824630737304688,54.99714279174805
2011-01-10,52.196083068847656,134.1199951171875,73.74012756347656,60.86567306518555,29.74235725402832,55.171390533447266
2011-01-11,52.092220306396484,134.91000366210938,73.76751708984375,60.524784088134766,30.001827239990234,55.26719665527344
2011-01-12,52.059749603271484,135.4600067138672,73.74697875976562,60.05278778076172,30.628307342529297,55.77248001098633
2011-01-13,52.22209167480469,134.0500030517578,73.97249603271484,60.59038543701172,30.590335845947266,55.72021484375
2011-01-14,52.15062713623047,132.69000244140625,73.65128326416016,60.20358657836914,30.767518997192383,56.25163269042969
2011-01-18,52.09872817993164,133.42999267578125,73.66497039794922,59.92173385620117,30.944700241088867,56.5042839050293
2011-01-19,52.16360855102539,133.72000122070312,73.69229888916016,60.3543586730957,30.70425033569336,55.920597076416016
2011-01-20,51.9688606262207,131.1999969482422,72.99514770507812,59.5218620300293,30.425806045532227,55.40659713745117
2011-01-21,52.07270812988281,131.02999877929688,73.13187408447266,59.99381637573242,30.501750946044922,55.08426284790039
2011-01-24,52.06624221801758,130.36000061035156,73.08402252197266,60.020050048828125,30.748538970947266,55.87704086303711
2011-01-25,52.20260238647461,130.10000610351562,73.37104797363281,60.59038543701172,30.647300720214844,55.9554443359375
2011-01-26,52.02079772949219,131.16000366210938,73.24803924560547,59.67259216308594,30.837135314941406,56.3648796081543
2011-01-27,52.124656677246094,127.93000030517578,73.20021057128906,59.941410064697266,30.900407791137695,56.626243591308594
2011-01-28,52.23507308959961,130.27999877929688,73.48046112060547,60.25602722167969,30.160017013549805,55.3369026184082
2011-01-31,52.16360855102539,129.8699951171875,73.50096130371094,59.79718017578125,30.444793701171875,55.70280456542969
2011-02-01,52.06272888183594,130.8000030517578,73.43521118164062,59.50111770629883,31.12824058532715,56.77434158325195
2011-02-02,52.00410461425781,130.4499969482422,73.23667907714844,59.51433563232422,31.090253829956055,56.957275390625
2011-02-03,51.82831954956055,132.1999969482422,72.85334777832031,59.02091598510742,31.090253829956055,57.0269660949707
2011-02-04,51.65253829956055,131.66000366210938,72.44268035888672,58.42228698730469,31.0649471282959,57.48868942260742
2011-02-07,51.659034729003906,131.67999267578125,72.42896270751953,58.72489929199219,31.12824058532715,57.81975173950195
2011-02-08,51.496253967285156,133.13999938964844,72.052490234375,58.185482025146484,31.229482650756836,58.05495071411133
2011-02-09,51.61994934082031,133.07000732421875,72.25780487060547,58.69200134277344,30.97635841369629,57.89815902709961
2011-02-10,51.45718002319336,132.85000610351562,71.81289672851562,58.01446533203125,30.767518997192383,57.6977653503418
2011-02-11,51.63301467895508,132.32000732421875,72.18252563476562,58.84990310668945,30.881431579589844,57.95915222167969
2011-02-14,51.691566467285156,132.9499969482422,72.23729705810547,58.889381408691406,30.913074493408203,58.142086029052734
2011-02-15,51.763187408447266,133.97000122070312,72.3263168334961,59.15249252319336,30.86878204345703,57.854610443115234
2011-02-16,51.78274154663086,134.10000610351562,72.22362518310547,58.96174621582031,31.1851806640625,58.298885345458984
2011-02-17,51.860843658447266,135.0399932861328,72.49745178222656,59.053855895996094,31.34971046447754,58.412147521972656
2011-02-18,51.860843658447266,135.41000366210938,72.87393951416016,58.869625091552734,31.469961166381836,58.3773193359375
2011-02-22,52.05618667602539,136.2899932861328,73.44889068603516,59.75112533569336,30.571353912353516,56.77434158325195
2011-02-23,52.049713134765625,137.50999450683594,73.71588134765625,59.96819305419922,30.59667205810547,55.9554443359375
2011-02-24,52.101776123046875,136.47999572753906,73.98283386230469,60.349700927734375,30.602998733520508,56.20806121826172
2011-02-25,52.245052337646484,137.3800048828125,74.229248046875,60.7049446105957,31.020645141601562,57.0269660949707
2011-02-28,52.31666564941406,137.66000366210938,74.03075408935547,60.783935546875,31.28009796142578,57.06182098388672
2011-03-01,52.291847229003906,140.02999877929688,74.45899200439453,60.96012496948242,30.900407791137695,56.03384780883789
2011-03-02,52.187400817871094,139.9199981689453,74.23937225341797,60.02298355102539,31.134565353393555,56.33875274658203
2011-03-03,51.97848892211914,138.08999633789062,74.04033660888672,59.43563461303711,31.52057647705078,57.340606689453125
2011-03-04,52.15471649169922,139.35000610351562,74.53448486328125,59.930606842041016,31.368703842163086,57.00957107543945
2011-03-07,52.148223876953125,139.72000122070312,74.47270202636719,59.54782485961914,31.039630889892578,56.1470832824707
2011-03-08,52.102481842041016,139.36000061035156,74.52072143554688,59.184852600097656,31.19783592224121,56.556549072265625
2011-03-09,52.193885803222656,139.41000366210938,74.62369537353516,59.758995056152344,31.172523498535156,56.103538513183594
2011-03-10,52.43544387817383,137.77000427246094,75.04914093017578,60.76212692260742,30.38150405883789,54.93617248535156
2011-03-11,52.441986083984375,138.22000122070312,74.92565155029297,60.41896438598633,30.495405197143555,55.27591323852539
2011-03-14,52.49423599243164,138.86000061035156,75.03543090820312,60.392581939697266,30.141036987304688,54.99714279174805
2011-03-15,52.52687072753906,136.27000427246094,75.01483154296875,61.29672622680664,29.533538818359375,54.23051834106445
2011-03-16,52.77492141723633,136.24000549316406,75.55010223388672,61.98965072631836,28.742504119873047,52.862770080566406
2011-03-17,52.69660949707031,136.97000122070312,75.70112609863281,61.5145263671875,29.482912063598633,53.30707931518555
2011-03-18,52.6900749206543,138.3699951171875,75.64619445800781,61.679508209228516,29.84994125366211,53.42903518676758
2011-03-21,52.539913177490234,139.13999938964844,75.32368469238281,61.316532135009766,30.539714813232422,54.49186706542969
2011-03-22,52.52033233642578,139.0500030517578,75.13836669921875,61.521121978759766,30.48276138305664,54.34376907348633
2011-03-23,52.5007209777832,140.33999633789062,75.01483154296875,61.44192123413086,30.615646362304688,54.666107177734375
2011-03-24,52.41590881347656,139.22000122070312,75.0834732055664,60.9799690246582,30.982677459716797,55.53728485107422
2011-03-25,52.34406280517578,139.25999450683594,74.73350524902344,60.82814025878906,30.723230361938477,55.71151351928711
2011-03-28,52.29832077026367,138.5399932861328,74.774658203125,60.913970947265625,30.647300720214844,55.43273162841797
2011-03-29,52.20695495605469,138.2100067138672,74.62369537353516,60.445369720458984,30.875104904174805,55.78990936279297
2011-03-30,52.29832077026367,138.6699981689453,74.88446044921875,60.92713165283203,31.229482650756836,55.99028015136719
2011-03-31,52.23960876464844,139.86000061035156,74.91190338134766,60.801700592041016,31.21050453186035,55.9554443359375
2011-04-01,52.30375289916992,139.1999969482422,75.1064682006836,61.09729766845703,31.56487464904785,55.78990936279297
2011-04-04,52.369232177734375,139.83999633789062,75.44451141357422,61.16360092163086,31.67878532409668,55.545982360839844
2011-04-05,52.251380920410156,142.0500030517578,75.30654907226562,60.918365478515625,31.59650993347168,55.580841064453125
2011-04-06,52.17282485961914,142.3800048828125,74.89949035644531,60.00381851196289,31.824331283569336,55.97285842895508
2011-04-07,52.15973663330078,142.50999450683594,75.03056335449219,59.88450622558594,31.67244529724121,55.920597076416016
2011-04-08,52.12702178955078,143.66000366210938,75.18927001953125,59.56639862060547,31.89393424987793,55.606964111328125
2011-04-11,52.13357925415039,142.63999938964844,75.13409423828125,59.61945724487305,31.716751098632812,55.450164794921875
2011-04-12,52.316864013671875,141.61000061035156,75.51353454589844,60.26231384277344,31.40666961669922,54.91004180908203
2011-04-13,52.415042877197266,141.89999389648438,75.67915344238281,60.639991760253906,31.48261833190918,55.32819747924805
2011-04-14,52.38887023925781,143.80999755859375,75.58251190185547,60.5936164855957,31.583866119384766,55.18880081176758
2011-04-15,52.55256271362305,145.0500030517578,76.13446807861328,61.4154167175293,31.56487464904785,55.049415588378906
2011-04-18,52.6114616394043,145.92999267578125,76.1551742553711,61.55463409423828,30.92572593688965,54.544132232666016
2011-04-19,52.696598052978516,145.92999267578125,76.42426300048828,61.81973648071289,31.26112174987793,54.761940002441406
2011-04-20,52.624610900878906,146.5,76.16206359863281,61.42205047607422,32.00784683227539,56.11225128173828
2011-04-21,52.66388702392578,146.74000549316406,76.02406311035156,61.369041442871094,32.18503189086914,56.60011291503906
2011-04-25,52.696598052978516,146.8699951171875,76.23103332519531,61.60102462768555,32.11542892456055,56.75693130493164
2011-04-26,52.86023712158203,146.3800048828125,76.4932861328125,62.19744110107422,32.37488555908203,57.1750602722168
2011-04-27,52.83408737182617,149.1999969482422,76.30694580078125,61.56124496459961,32.65964889526367,57.453853607177734
2011-04-28,52.93230438232422,149.82000732421875,76.53461456298828,62.03177261352539,32.74823760986328,57.46256637573242
2011-04-29,53.00431823730469,152.3699951171875,76.69329833984375,62.22397994995117,32.91278076171875,57.662933349609375
2011-05-02,53.01939010620117,150.41000366210938,76.82095336914062,62.32380676269531,32.83682632446289,57.29703140258789
2011-05-03,53.07847595214844,149.8800048828125,76.94580078125,62.67654800415039,32.46981430053711,57.0008430480957
2011-05-04,53.1441535949707,147.72999572753906,77.01518249511719,62.95607376098633,32.0964469909668,56.835323333740234
2011-05-05,53.262332916259766,143.47000122070312,76.92498779296875,63.55513000488281,31.526905059814453,56.59139633178711
2011-05-06,53.301692962646484,145.3000030517578,76.9527359008789,63.275577545166016,31.6661319732666,56.835323333740234
2011-05-09,53.34765625,147.3800048828125,77.11229705810547,63.20903396606445,31.799013137817383,57.07925033569336
2011-05-10,53.20977020263672,147.89999389648438,76.90415954589844,62.75636291503906,32.083778381347656,57.58452224731445
2011-05-11,53.27544021606445,146.5399932861328,76.66136932373047,63.11579895019531,31.48261833190918,57.10540008544922
2011-05-12,53.22294235229492,146.58999633789062,76.57123565673828,62.71651077270508,31.583866119384766,57.46256637573242
2011-05-13,53.301692962646484,145.6300048828125,76.55735778808594,63.2822380065918,31.090253829956055,56.79176330566406
2011-05-16,53.42644119262695,145.3699951171875,76.57817840576172,63.63499069213867,31.026979446411133,55.87704086303711
2011-05-17,53.511756896972656,144.74000549316406,76.64056396484375,64.28722381591797,31.102920532226562,55.71151351928711
2011-05-18,53.36079025268555,145.60000610351562,76.5989990234375,63.43529510498047,31.375017166137695,56.25163269042969
2011-05-19,53.34108352661133,145.64999389648438,76.39783477783203,63.40867614746094,31.488937377929688,56.33875274658203
2011-05-20,53.387027740478516,147.49000549316406,76.37007904052734,63.44192886352539,31.077598571777344,55.99028015136719
2011-05-23,53.41983413696289,147.8300018310547,76.37704467773438,63.748165130615234,30.438465118408203,55.07555389404297
2011-05-24,53.452693939208984,148.58999633789062,76.76544952392578,63.98770523071289,30.628307342529297,54.78807067871094
2011-05-25,53.472381591796875,148.5800018310547,76.78623962402344,63.68827438354492,30.799163818359375,55.1016731262207
2011-05-26,53.544578552246094,148.22000122070312,76.97356414794922,64.23397064208984,31.071279525756836,55.48500442504883
2011-05-27,53.56428527832031,149.6999969482422,77.09841918945312,64.20735168457031,31.305408477783203,55.78990936279297
2011-05-31,53.62992858886719,149.63999938964844,76.89725494384766,64.35380554199219,31.868621826171875,56.61753463745117
2011-06-01,53.889320373535156,149.91000366210938,77.44976806640625,65.22352600097656,31.19783592224121,55.363040924072266
2011-06-02,53.67205047607422,149.5,77.16964721679688,63.9810791015625,31.337055206298828,55.40659713745117
2011-06-03,53.764244079589844,150.22000122070312,77.28868103027344,64.34846496582031,31.34337615966797,54.587711334228516
2011-06-06,53.73130798339844,150.47999572753906,77.3237075805664,63.86078643798828,30.919397354125977,54.125980377197266
2011-06-07,53.79714584350586,150.4199981689453,77.43574523925781,64.15472412109375,31.178863525390625,54.00401306152344
2011-06-08,53.9024772644043,149.80999755859375,77.42876434326172,64.65573120117188,30.81182861328125,53.49001693725586
2011-06-09,53.77742004394531,150.55999755859375,77.33769226074219,64.39517974853516,31.121898651123047,53.5771369934082
2011-06-10,53.843223571777344,149.24000549316406,77.30970764160156,64.8895492553711,30.425806045532227,52.801788330078125
2011-06-13,53.79056167602539,147.77000427246094,77.30266571044922,64.56218719482422,30.444793701171875,52.697261810302734
2011-06-14,53.56673049926758,148.6699981689453,77.09262084960938,63.5869026184082,30.97635841369629,53.44645309448242
2011-06-15,53.783992767333984,149.1199951171875,77.49179077148438,64.74256896972656,30.09674644470215,52.49686813354492
2011-06-16,53.81691360473633,148.97000122070312,77.43574523925781,65.03643798828125,29.89423370361328,52.18325424194336
2011-06-17,53.86954879760742,149.94000244140625,77.39368438720703,64.72917938232422,30.13471031188965,52.043861389160156
2011-06-20,53.80376434326172,150.02999877929688,77.18365478515625,64.80937957763672,30.08407211303711,52.23551940917969
2011-06-21,53.81691360473633,150.75999450683594,77.37269592285156,64.52210235595703,30.72955322265625,53.324485778808594
2011-06-22,53.830074310302734,150.99000549316406,77.19769287109375,64.56218719482422,30.4321231842041,52.95859909057617
2011-06-23,53.961761474609375,148.33999633789062,77.75787353515625,65.05652618408203,30.210651397705078,53.498722076416016
2011-06-24,54.01442337036133,146.25999450683594,78.05900573730469,64.78268432617188,29.970191955566406,52.61884307861328
2011-06-27,53.85643005371094,145.72999572753906,77.93294525146484,63.894222259521484,30.21697235107422,53.298362731933594
2011-06-28,53.65888977050781,146.24000549316406,77.62480163574219,63.37979507446289,30.647300720214844,54.03013610839844
2011-06-29,53.54044723510742,147.17999267578125,77.6528091430664,62.9589958190918,31.08393096923828,54.404747009277344
2011-06-30,53.42848587036133,146.0,77.47777557373047,62.85881042480469,31.52057647705078,55.18880081176758
2011-07-01,53.45293426513672,144.92999267578125,77.56591033935547,62.758243560791016,31.849639892578125,56.08613204956055
2011-07-05,53.631160736083984,147.6300048828125,77.6505355834961,62.899017333984375,31.67878532409668,56.20806121826172
2011-07-06,53.664154052734375,148.91000366210938,77.87614440917969,63.220733642578125,31.52057647705078,56.43458557128906
2011-07-07,53.551944732666016,149.14999389648438,77.84793090820312,63.033058166503906,31.824331283569336,57.227359771728516
2011-07-08,53.829139709472656,150.25,78.20048522949219,63.92448043823242,31.44464874267578,56.948570251464844
2011-07-11,53.98755645751953,151.58999633789062,78.63764190673828,64.88304138183594,30.54604148864746,55.8596076965332
2011-07-12,54.0404052734375,152.77000427246094,78.95492553710938,65.104248046875,30.362531661987305,55.24979782104492
2011-07-13,54.11298751831055,154.13999938964844,79.10298919677734,65.28523254394531,30.81814956665039,55.38045883178711
2011-07-14,53.90837860107422,154.5399932861328,78.63059997558594,64.3535385131836,30.5523738861084,54.84033966064453
2011-07-15,54.00736618041992,155.1999969482422,78.87736511230469,64.46075439453125,30.716907501220703,55.528564453125
2011-07-18,53.93474197387695,156.57000732421875,78.9478530883789,63.83739471435547,30.286584854125977,55.19750213623047
2011-07-19,54.07999038696289,154.66000366210938,79.34271240234375,65.1645736694336,30.72955322265625,56.69593811035156
2011-07-20,53.9941520690918,156.02000427246094,78.89149475097656,64.39371490478516,31.00166130065918,56.43458557128906
2011-07-21,53.87538146972656,154.8300018310547,78.72928619384766,63.89773178100586,31.577524185180664,56.65237808227539
2011-07-22,54.020572662353516,156.1199951171875,78.99015808105469,64.38035583496094,31.64080810546875,57.33189392089844
2011-07-25,53.84235382080078,157.33999633789062,79.07477569580078,63.67648696899414,31.40666961669922,57.1750602722168
2011-07-26,53.97439956665039,157.77000427246094,79.10298919677734,64.11225128173828,31.602842330932617,57.34932327270508
2011-07-27,53.86216735839844,157.19000244140625,79.25102996826172,64.11891174316406,30.856117248535156,55.606964111328125
2011-07-28,54.020572662353516,157.32000732421875,79.57538604736328,64.36023712158203,30.799163818359375,55.5982666015625
2011-07-29,54.29785919189453,158.2899932861328,80.4990463256836,65.6337661743164,30.773862838745117,55.110382080078125
2011-08-01,54.47060775756836,157.72000122070312,80.7194595336914,66.29618072509766,30.5523738861084,54.93617248535156
2011-08-02,54.70221710205078,161.52000427246094,81.25098419189453,68.28679656982422,29.72338104248047,53.71651840209961
2011-08-03,54.7419319152832,161.49000549316406,80.74777221679688,68.42132568359375,29.811979293823242,54.44831085205078
2011-08-04,55.0728759765625,160.63999938964844,81.45649719238281,70.85579681396484,27.8565673828125,51.89576721191406
2011-08-05,54.715450286865234,161.75,80.52811431884766,68.81138610839844,28.14133644104004,51.42532730102539
2011-08-08,54.97358703613281,167.1199951171875,81.4990234375,70.98357391357422,25.970783233642578,48.297828674316406
2011-08-09,55.16548538208008,168.61000061035156,82.1793441772461,71.19878387451172,27.55913734436035,50.49317932128906
2011-08-10,55.60234832763672,174.5800018310547,83.6959457397461,73.31720733642578,26.09734535217285,48.55046844482422
2011-08-11,55.06624221801758,170.75,81.95258331298828,69.618408203125,27.31234359741211,50.684837341308594
2011-08-12,55.24492645263672,169.97000122070312,82.4203109741211,70.99703979492188,27.635089874267578,51.09429931640625
2011-08-15,55.15227127075195,171.8000030517578,82.00215911865234,70.2774429321289,28.24892234802246,52.05259323120117
2011-08-16,55.317726135253906,173.9199981689453,82.18640899658203,71.44085693359375,27.869234085083008,51.434051513671875
2011-08-17,55.417015075683594,174.4199981689453,82.61164093017578,72.6917953491211,28.07805824279785,50.9897346496582
2011-08-18,55.53615188598633,177.72000122070312,81.98089599609375,74.1847152709961,26.73015594482422,48.19329071044922
2011-08-19,55.58907699584961,179.9499969482422,82.25729370117188,74.78327178955078,26.318836212158203,46.938804626464844
2011-08-22,55.463356018066406,184.58999633789062,82.2360610961914,74.59498596191406,26.53398323059082,47.2088623046875
2011-08-23,55.297889709472656,177.6699981689453,81.72575378417969,73.56603240966797,27.362985610961914,49.177703857421875
2011-08-24,54.98021697998047,171.64999389648438,80.52104949951172,71.47452545166016,27.337661743164062,49.51746368408203
2011-08-25,55.13243103027344,172.36000061035156,81.15174102783203,72.2479019165039,26.76179313659668,48.76826095581055
2011-08-26,55.198612213134766,177.47000122070312,81.3927230834961,72.96074676513672,27.122520446777344,49.857234954833984
2011-08-29,55.06624221801758,173.88999938964844,80.9107894897461,71.95195007324219,27.824926376342773,51.407920837402344
2011-08-30,55.271446228027344,179.10000610351562,81.3855972290039,73.10868072509766,27.73000717163086,51.56471252441406
2011-08-31,55.198612213134766,177.72000122070312,81.01708984375,71.97887420654297,28.16666030883789,51.57344055175781
2011-09-01,55.43284606933594,177.8699951171875,81.75418090820312,73.50473022460938,27.951492309570312,50.937496185302734
2011-09-02,55.585426330566406,183.24000549316406,82.647216796875,75.89260864257812,27.261728286743164,49.63944625854492
2011-09-06,55.66510009765625,182.89999389648438,82.1581802368164,76.68179321289062,26.635244369506836,49.37809371948242
2011-09-07,55.53903579711914,177.0800018310547,81.93849182128906,75.21802520751953,27.362985610961914,50.798091888427734
2011-09-08,55.612003326416016,181.80999755859375,82.42749786376953,75.89260864257812,26.87571907043457,50.51061248779297
2011-09-09,55.65841293334961,180.6999969482422,82.5267333984375,76.7020492553711,25.92014503479004,49.36065673828125
2011-09-12,55.49256896972656,176.6699981689453,82.24322509765625,76.78296661376953,25.799915313720703,49.987911224365234
2011-09-13,55.43284606933594,178.5399932861328,81.88886260986328,75.69021606445312,25.996097564697266,50.69355773925781
2011-09-14,55.55223083496094,177.2100067138672,81.78966522216797,76.3310317993164,26.21124839782715,51.58214569091797
2011-09-15,55.446083068847656,174.39999389648438,81.62659454345703,75.16409301757812,26.7491455078125,52.444610595703125
2011-09-16,55.42621612548828,176.02999877929688,81.65496063232422,75.71043395996094,26.704849243164062,52.83662796020508
2011-09-19,55.5987434387207,173.30999755859375,81.86048126220703,77.15397644042969,26.008747100830078,52.78437423706055
2011-09-20,55.671722412109375,175.77999877929688,82.21489715576172,77.47776794433594,26.00242042541504,52.47073745727539
2011-09-21,55.824337005615234,173.58999633789062,82.35661315917969,80.04097747802734,25.211397171020508,51.75639724731445
2011-09-22,55.957054138183594,169.0500030517578,82.16527557373047,83.04953002929688,24.09764289855957,49.97918701171875
2011-09-23,55.77126693725586,159.8000030517578,81.69039154052734,81.5047378540039,24.338109970092773,50.59772491455078
2011-09-26,55.5987434387207,157.5800018310547,81.30062866210938,80.19615173339844,24.8507022857666,51.25110626220703
2011-09-27,55.48594665527344,160.6300048828125,81.4494400024414,78.96847534179688,25.470853805541992,51.930625915527344
2011-09-28,55.3664665222168,156.22000122070312,81.41398620605469,78.9415054321289,24.939289093017578,51.007164001464844
2011-09-29,55.35982894897461,157.6999969482422,81.15886688232422,79.48789978027344,25.38225746154785,50.85908508300781
2011-09-30,55.565555572509766,158.05999755859375,81.01002502441406,81.4845199584961,24.50265121459961,49.44779586791992
2011-10-03,55.880855560302734,160.9600067138672,81.80715942382812,83.72700500488281,23.85083770751953,48.106170654296875
2011-10-04,55.66133117675781,157.63999938964844,81.8639144897461,82.665283203125,24.17990493774414,49.421634674072266
2011-10-05,55.4218864440918,159.4600067138672,81.80715942382812,82.0701904296875,24.62921142578125,50.58030319213867
2011-10-06,55.38859558105469,160.49000549316406,81.8000259399414,80.55537414550781,25.29998779296875,51.51245880126953
2011-10-07,55.26881790161133,159.17999267578125,81.52320861816406,79.96028900146484,25.097482681274414,51.146575927734375
2011-10-10,55.18899917602539,163.27000427246094,80.96245574951172,78.8309326171875,26.141637802124023,52.87147903442383
2011-10-11,55.16242218017578,162.10000610351562,81.15408325195312,78.56716918945312,26.015077590942383,53.18510818481445
2011-10-12,55.14909744262695,163.25999450683594,80.81339263916016,77.42427825927734,26.546640396118164,53.6294059753418
2011-10-13,55.21562576293945,162.3000030517578,80.86306762695312,78.19522857666016,26.477035522460938,54.15211868286133
2011-10-14,55.115840911865234,163.39999389648438,80.742431640625,77.05913543701172,26.913667678833008,55.27591323852539
2011-10-17,55.308780670166016,162.6199951171875,81.04765319824219,78.39134979248047,26.249217987060547,54.20438003540039
2011-10-18,55.248905181884766,161.83999633789062,81.43799591064453,77.90447235107422,26.660547256469727,54.83161926269531
2011-10-19,55.39521789550781,159.8699951171875,81.31024932861328,77.87739562988281,26.147964477539062,53.54228591918945
2011-10-20,55.368675231933594,157.77000427246094,81.3244400024414,77.32286834716797,26.103675842285156,53.33320999145508
2011-10-21,55.28216552734375,159.52000427246094,81.23929595947266,76.50457763671875,26.76179313659668,54.082427978515625
2011-10-24,55.32204818725586,161.02000427246094,81.48060607910156,76.63301086425781,27.268051147460938,55.293338775634766
2011-10-25,55.60816955566406,165.58999633789062,82.21170806884766,78.5806655883789,26.863054275512695,54.27407455444336
2011-10-26,55.46843338012695,167.39999389648438,82.14075469970703,77.20784759521484,27.29336166381836,54.57027053833008
2011-10-27,55.18235397338867,169.5500030517578,81.67227172851562,74.59078216552734,28.767826080322266,56.391029357910156
2011-10-28,55.38197326660156,169.6199951171875,81.95620727539062,75.37523651123047,28.533689498901367,56.582679748535156
2011-10-31,55.62810516357422,167.33999633789062,82.68730926513672,78.3642807006836,27.318687438964844,55.51984786987305
2011-11-01,56.04155731201172,167.3800048828125,83.69837951660156,80.98754119873047,26.45171546936035,53.91690444946289
2011-11-02,56.00822448730469,169.05999755859375,83.72692108154297,79.97727966308594,26.844078063964844,54.526702880859375
2011-11-03,55.868160247802734,171.72000122070312,83.14303588867188,78.87892150878906,27.476877212524414,55.94673156738281
2011-11-04,55.9482307434082,170.85000610351562,83.59161376953125,78.97384643554688,27.17945671081543,55.746360778808594
2011-11-07,55.96153259277344,174.97999572753906,84.01170349121094,79.47554016113281,27.343990325927734,55.964141845703125
2011-11-08,55.78815841674805,173.52999877929688,83.45628356933594,78.45857238769531,27.60344886779785,56.65237808227539
2011-11-09,55.85484313964844,172.07000732421875,83.44206237792969,80.08577728271484,26.19859504699707,54.552852630615234
2011-11-10,55.78815841674805,171.13999938964844,83.6058349609375,78.8924331665039,26.458040237426758,54.59640884399414
2011-11-11,55.748172760009766,173.9600067138672,83.34947204589844,78.41104125976562,27.06555938720703,55.77248001098633
2011-11-14,55.75477981567383,173.1999969482422,83.46341705322266,79.67218780517578,26.635244369506836,55.38045883178711
2011-11-15,55.72142791748047,173.36000061035156,83.14303588867188,79.563720703125,26.61625862121582,56.16452407836914
2011-11-16,55.828163146972656,171.50999450683594,82.90807342529297,80.2890853881836,26.10999870300293,55.293338775634766
2011-11-17,55.80147171020508,167.10000610351562,82.90092468261719,80.93325805664062,25.749296188354492,54.06498718261719
2011-11-18,55.76816177368164,167.6199951171875,82.92229461669922,80.91289520263672,25.761953353881836,53.70780944824219
2011-11-21,55.75477981567383,163.5,82.77273559570312,81.39429473876953,25.07851219177246,52.67982482910156
2011-11-22,55.81482696533203,165.30999755859375,83.02912139892578,82.30281066894531,25.02787971496582,52.479461669921875
2011-11-23,55.8748664855957,164.8300018310547,83.37799072265625,83.10965728759766,24.325450897216797,51.16398239135742
2011-11-25,55.79480743408203,163.39999389648438,83.11455535888672,81.90282440185547,24.24319076538086,50.86777114868164
2011-11-28,55.79480743408203,166.6300048828125,83.38507080078125,81.86212158203125,25.249372482299805,52.61013412475586
2011-11-29,55.71479415893555,166.8800048828125,83.36373138427734,81.19087982177734,25.312652587890625,52.296512603759766
2011-11-30,55.59470748901367,170.1300048828125,83.12165832519531,79.92300415039062,26.61625862121582,54.41347122192383
2011-12-01,55.57666778564453,169.6300048828125,83.09381866455078,79.52196502685547,26.38209342956543,54.69223403930664
2011-12-02,55.757144927978516,169.82000732421875,83.47198486328125,80.63668823242188,26.420074462890625,54.70965576171875
2011-12-05,55.76389694213867,167.32000732421875,83.45773315429688,80.47355651855469,26.79344367980957,55.415306091308594
2011-12-06,55.690330505371094,168.17999267578125,83.25080871582031,79.70555877685547,26.61625862121582,55.397884368896484
2011-12-07,55.76389694213867,169.39999389648438,83.10810852050781,79.99099731445312,26.723834991455078,55.42401885986328
2011-12-08,55.890865325927734,165.97999572753906,83.14375305175781,80.9901351928711,25.907503128051758,54.41347122192383
2011-12-09,55.757144927978516,166.39999389648438,82.701416015625,79.32489776611328,26.496015548706055,55.48500442504883
2011-12-12,55.8173828125,161.99000549316406,83.08673095703125,80.20851135253906,25.749296188354492,54.6748161315918
2011-12-13,55.95778274536133,158.4499969482422,83.31501770019531,80.95612335205078,25.38225746154785,54.012733459472656
2011-12-14,56.064735412597656,152.88999938964844,83.47913360595703,82.48539733886719,25.072187423706055,53.08058166503906
2011-12-15,56.03797912597656,152.3300018310547,83.2721939086914,82.17958068847656,25.14178466796875,52.90633773803711
2011-12-16,56.191741943359375,155.22999572753906,83.45773315429688,83.13787841796875,25.160768508911133,53.06314468383789
2011-12-19,56.17168426513672,154.8699951171875,83.7930679321289,84.19140625,24.838029861450195,52.41847229003906
2011-12-20,56.05809020996094,156.97999572753906,83.8429946899414,82.09120178222656,25.667022705078125,54.03885269165039
2011-12-21,55.904296875,157.16000366210938,83.51483154296875,80.94934844970703,25.620521545410156,52.9720458984375
2011-12-22,56.01127243041992,156.0399932861328,83.47198486328125,81.28917694091797,25.91523551940918,53.648128509521484
2011-12-23,56.082637786865234,156.30999755859375,83.37210845947266,80.38519287109375,26.065860748291016,54.13982009887695
2011-12-27,55.947998046875,154.91000366210938,83.14375305175781,80.76702117919922,25.87594223022461,54.262760162353516
2011-12-28,56.16342544555664,151.02999877929688,83.3578109741211,82.26033020019531,25.469894409179688,53.57789611816406
2011-12-29,56.21055603027344,150.33999633789062,83.28648376464844,82.41033935546875,25.843189239501953,54.09593200683594
2011-12-30,56.25095748901367,151.99000549316406,83.25797271728516,82.67628479003906,25.967641830444336,53.885196685791016
2012-01-03,56.075889587402344,155.9199981689453,83.22940063476562,81.4352798461914,26.648752212524414,54.640316009521484
2012-01-04,56.10280227661133,156.7100067138672,83.30789947509766,80.4670181274414,26.57671356201172,54.69298553466797
2012-01-05,56.082637786865234,157.77999877929688,83.46484375,80.32383728027344,26.275453567504883,55.09689712524414
2012-01-06,56.11628723144531,157.1999969482422,83.74313354492188,80.95797729492188,25.941442489624023,55.132015228271484
2012-01-09,56.16342544555664,156.5,83.82875061035156,80.81481170654297,26.052780151367188,55.132015228271484
2012-01-10,56.136474609375,158.63999938964844,83.57189178466797,80.67845153808594,26.45882225036621,55.412986755371094
2012-01-11,56.27113723754883,159.6699981689453,83.78590393066406,81.72843933105469,26.399877548217773,55.57103729248047
2012-01-12,56.19035339355469,160.3800048828125,83.65745544433594,81.61260223388672,26.524316787719727,55.85200500488281
2012-01-13,56.35869216918945,159.25999450683594,83.89293670654297,82.42396545410156,26.25579833984375,55.4217643737793
2012-01-17,56.31154251098633,160.5,83.97856903076172,82.8057861328125,26.58980941772461,55.69396209716797
2012-01-18,56.29807662963867,161.60000610351562,83.91433715820312,81.80352020263672,27.12030029296875,56.72126388549805
2012-01-19,56.24420928955078,161.22000122070312,83.60751342773438,80.67845153808594,27.48050880432129,57.23051834106445
2012-01-20,56.136474609375,162.07000732421875,83.43632507324219,79.76468658447266,27.513246536254883,57.37977600097656
2012-01-23,56.069149017333984,163.16000366210938,83.26506042480469,79.26012420654297,27.716285705566406,57.546627044677734
2012-01-24,56.082637786865234,162.00999450683594,83.2721939086914,79.4033203125,27.473955154418945,57.68711471557617
2012-01-25,56.24420928955078,166.4199981689453,83.91433715820312,79.21240997314453,27.801416397094727,58.099796295166016
2012-01-26,56.39237594604492,167.27000427246094,84.29964447021484,80.26244354248047,27.847261428833008,57.85393142700195
2012-01-27,56.493370056152344,168.97000122070312,84.47799682617188,80.51478576660156,27.899656295776367,57.976863861083984
2012-01-30,56.560699462890625,168.02999877929688,84.75627136230469,81.46257019042969,27.59183692932129,58.03831100463867
2012-01-31,56.60786819458008,169.30999755859375,85.16297912597656,82.403564453125,27.749027252197266,58.15245056152344
2012-02-01,56.549800872802734,169.55999755859375,85.11302947998047,81.4595947265625,28.187816619873047,58.83735275268555
2012-02-02,56.63751220703125,171.0500030517578,85.11302947998047,81.42545318603516,28.266403198242188,59.05683898925781
2012-02-03,56.56327438354492,167.63999938964844,84.39952850341797,79.67571258544922,28.71829605102539,59.96120834350586
2012-02-06,56.590328216552734,167.17999267578125,84.77767944335938,80.46858215332031,28.60042381286621,59.93490219116211
2012-02-07,56.51603317260742,169.6999969482422,84.46372985839844,79.47064971923828,28.77071189880371,60.04902267456055
2012-02-08,56.44852066040039,168.5,84.44236755371094,79.53214263916016,28.888582229614258,60.4792594909668
2012-02-09,56.45528030395508,168.02000427246094,84.12125396728516,78.93745422363281,28.92787742614746,61.03244400024414
2012-02-10,56.495750427246094,167.13999938964844,84.51374053955078,79.9627456665039,28.403940200805664,60.5056037902832
2012-02-13,56.489051818847656,167.50999450683594,84.68489837646484,80.06524658203125,28.705211639404297,60.92705535888672
2012-02-14,56.56327438354492,167.1199951171875,84.68489837646484,80.48902893066406,28.52837562561035,60.9973030090332
2012-02-15,56.489051818847656,168.11000061035156,84.8418960571289,80.34554290771484,28.58733367919922,60.69877243041992
2012-02-16,56.495750427246094,168.0,84.62783813476562,79.70298767089844,28.954078674316406,61.71729278564453
2012-02-17,56.3675651550293,167.35000610351562,84.4280776977539,79.68252563476562,29.05886459350586,61.63825607299805
2012-02-21,56.33378982543945,171.02000427246094,84.37808990478516,78.80077362060547,29.09160804748535,61.78753662109375
2012-02-22,56.52277755737305,172.94000244140625,84.85617065429688,79.79190826416016,29.02611541748047,61.45391845703125
2012-02-23,56.549800872802734,173.02000427246094,84.88471984863281,79.79190826416016,29.17675018310547,61.84023666381836
2012-02-24,56.590328216552734,172.22999572753906,84.90611267089844,80.31129455566406,29.373228073120117,62.11239242553711
2012-02-27,56.69154739379883,171.6999969482422,85.04168701171875,81.02216339111328,29.17675018310547,62.20021438598633
2012-02-28,56.68473815917969,173.49000549316406,85.05595397949219,80.75559997558594,29.45181655883789,62.60413360595703
2012-02-29,56.63078689575195,164.2899932861328,84.67070770263672,80.263427734375,29.222591400146484,62.2089958190918
2012-03-01,56.539459228515625,166.61000061035156,84.46372985839844,79.50786590576172,29.504207611083984,62.63923645019531
2012-03-02,56.65447998046875,166.33999633789062,84.47085571289062,80.25458526611328,29.29464340209961,62.410980224609375
2012-03-05,56.539459228515625,165.64999389648438,84.0855712890625,79.61746215820312,28.99336814880371,61.76996612548828
2012-03-06,56.63412094116211,162.6999969482422,84.32817077636719,80.58344268798828,28.10267448425293,60.97096633911133
2012-03-07,56.64767837524414,163.6300048828125,84.51374053955078,80.09016418457031,28.423593521118164,61.51536560058594
2012-03-08,56.559730529785156,165.27999877929688,84.47799682617188,79.2886734008789,29.05886459350586,62.244136810302734
2012-03-09,56.50560760498047,166.3800048828125,84.62783813476562,79.44622802734375,28.973743438720703,62.56900405883789
2012-03-12,56.54623031616211,165.07000732421875,84.73487091064453,79.43254089355469,28.87548828125,62.62168502807617
2012-03-13,56.377052307128906,162.3000030517578,84.5279769897461,78.03497314453125,29.386320114135742,63.886051177978516
2012-03-14,56.04555892944336,159.57000732421875,83.74313354492188,76.06885528564453,29.0981502532959,64.15824127197266
2012-03-15,56.059104919433594,161.0800018310547,83.85726928710938,76.185302734375,29.31429100036621,64.38655853271484
2012-03-16,56.05230712890625,161.3000030517578,83.90719604492188,76.3360824584961,29.438718795776367,64.39530944824219
2012-03-19,55.90348434448242,161.58999633789062,83.68602752685547,75.4249038696289,29.491107940673828,64.85189056396484
2012-03-20,55.91701889038086,160.1300048828125,83.60751342773438,75.72633361816406,29.150558471679688,64.73771667480469
2012-03-21,56.07938766479492,160.2100067138672,83.76454162597656,76.5826644897461,29.019563674926758,64.72898864746094
2012-03-22,56.16054916381836,159.57000732421875,83.85726928710938,76.82929229736328,28.757600784301758,64.51823425292969
2012-03-23,56.262054443359375,161.52999877929688,84.12841033935547,77.55545806884766,28.94753646850586,64.60607147216797
2012-03-26,56.25531005859375,164.39999389648438,83.88578033447266,77.15811920166016,29.366668701171875,65.68603515625
2012-03-27,56.35002517700195,163.24000549316406,84.18548583984375,77.71299743652344,29.163650512695312,65.65090942382812
2012-03-28,56.33646011352539,161.50999450683594,84.07846069335938,77.60342407226562,28.92787742614746,65.44017791748047
2012-03-29,56.458255767822266,161.27999877929688,84.22111511230469,78.18569946289062,28.7248592376709,65.31725311279297
2012-03-30,56.343265533447266,162.1199951171875,83.9428482055664,76.86357116699219,28.960622787475586,65.13288116455078
2012-04-02,56.34052658081055,162.94000244140625,84.36788940429688,77.28937530517578,29.301183700561523,65.80020904541016
2012-04-03,56.130149841308594,159.88999938964844,83.74542236328125,75.9500961303711,28.914779663085938,65.67723846435547
2012-04-04,56.28620529174805,157.2100067138672,83.75971221923828,76.99398803710938,28.286056518554688,64.72018432617188
2012-04-05,56.39482116699219,158.30999755859375,83.98149871826172,77.55037689208984,28.279508590698242,64.91336059570312
2012-04-09,56.591670989990234,159.3699951171875,84.36788940429688,79.36360168457031,28.037179946899414,64.43922424316406
2012-04-10,56.754581451416016,161.10000610351562,84.8543701171875,80.26334381103516,27.506704330444336,63.46459197998047
2012-04-11,56.673133850097656,161.07000732421875,84.99034118652344,79.30180358886719,27.827613830566406,63.8070182800293
2012-04-12,56.679935455322266,162.6999969482422,84.83293151855469,78.97212982177734,28.371198654174805,64.71141052246094
2012-04-13,56.822452545166016,160.85000610351562,85.19066619873047,80.2496337890625,27.8603572845459,63.72803497314453
2012-04-16,56.822452545166016,160.4600067138672,85.14057159423828,80.13282775878906,27.938947677612305,63.095821380615234
2012-04-17,56.815696716308594,160.25,85.32661437988281,80.08476257324219,28.37774085998535,64.4743423461914
2012-04-18,56.856388092041016,159.30999755859375,85.2264175415039,80.31829071044922,28.24675750732422,64.00018310546875
2012-04-19,56.842864990234375,159.42999267578125,85.00464630126953,80.39385986328125,28.09612464904785,63.26267623901367
2012-04-20,56.836063385009766,159.5399932861328,85.21926879882812,80.4075698852539,28.286056518554688,62.85874938964844
2012-04-23,56.903926849365234,159.07000732421875,85.31230926513672,80.991455078125,27.807966232299805,62.305572509765625
2012-04-24,56.836063385009766,159.3000030517578,85.33374786376953,80.42131805419922,27.984790802001953,61.910457611083984
2012-04-25,56.822452545166016,159.6199951171875,85.2979507446289,80.00924682617188,28.32535171508789,63.78947830200195
2012-04-26,56.897151947021484,161.02999877929688,85.61995697021484,80.49004364013672,28.502182006835938,64.27237701416016
2012-04-27,56.931053161621094,161.3800048828125,85.53409576416016,80.55875396728516,28.60697364807129,64.39530944824219
2012-04-30,56.96501922607422,161.8800048828125,85.44108581542969,80.57933044433594,28.43668556213379,63.833370208740234
2012-05-01,56.88337326049805,161.32000732421875,85.47407531738281,80.16136932373047,28.574220657348633,64.00018310546875
2012-05-02,56.971866607666016,160.58999633789062,85.56745910644531,80.72593688964844,28.37774085998535,64.0967788696289
2012-05-03,57.04666519165039,158.97000122070312,85.459716796875,80.70529174804688,28.135425567626953,63.29777145385742
2012-05-04,57.10789108276367,159.47000122070312,85.63923645019531,81.3387451171875,27.70317268371582,61.96316146850586
2012-05-07,57.08749771118164,159.0800018310547,85.63208770751953,81.35252380371094,27.847261428833008,61.726078033447266
2012-05-08,57.14191436767578,156.0,85.79005432128906,81.78626251220703,27.40845489501953,61.45391845703125
2012-05-09,57.10789108276367,154.47000122070312,85.68948364257812,81.8412857055664,27.06790542602539,61.42755889892578
2012-05-10,57.07387924194336,154.77000427246094,85.6751708984375,81.60037994384766,27.20543670654297,60.944618225097656
2012-05-11,57.114688873291016,153.55999755859375,85.71826934814453,82.27508544921875,26.982763290405273,60.900726318359375
2012-05-14,57.21677017211914,151.3300018310547,86.12034606933594,83.42489624023438,26.465370178222656,60.31242752075195
2012-05-15,57.230369567871094,149.74000549316406,86.22086334228516,83.76220703125,26.131370544433594,60.128055572509766
2012-05-16,57.19635009765625,149.4600067138672,86.04852294921875,84.00318908691406,25.87594223022461,59.61878967285156
2012-05-17,57.24396896362305,152.8000030517578,86.32854461669922,85.49032592773438,25.541933059692383,58.530029296875
2012-05-18,57.2099494934082,154.5500030517578,86.52960205078125,85.510986328125,25.37165641784668,57.73100662231445
2012-05-21,57.21677017211914,154.64999389648438,86.64452362060547,85.33196258544922,25.92179298400879,59.39049530029297
2012-05-22,57.12146759033203,152.0800018310547,86.46500396728516,84.38185119628906,25.771160125732422,59.26758575439453
2012-05-23,57.162330627441406,151.6199951171875,86.4721450805664,84.96707916259766,25.57468032836914,59.3729362487793
2012-05-24,57.10110855102539,151.41000366210938,86.35009002685547,84.64351654052734,25.46335220336914,58.854888916015625
2012-05-25,57.16913604736328,152.67999267578125,86.43627166748047,84.96021270751953,25.37820816040039,58.731964111328125
2012-05-29,57.16913604736328,151.02000427246094,86.18494415283203,84.69859313964844,25.738418579101562,59.548545837402344
2012-05-30,57.38685989379883,151.91000366210938,86.68757629394531,86.8466567993164,25.181730270385742,59.030517578125
2012-05-31,57.49566650390625,151.6199951171875,87.10404968261719,87.85185241699219,25.194833755493164,58.60905456542969
2012-06-01,57.69754409790039,157.5,87.46835327148438,89.93749237060547,24.65779685974121,56.98466491699219
2012-06-04,57.554317474365234,157.32000732421875,87.30207824707031,89.22687530517578,24.769126892089844,57.195404052734375
2012-06-05,57.43843460083008,157.13999938964844,87.22978973388672,88.03329467773438,24.919769287109375,57.69588088989258
2012-06-06,57.3293342590332,157.2100067138672,86.81780242919922,86.2740707397461,25.65326690673828,59.14463806152344
2012-06-07,57.349754333496094,154.5,86.80331420898438,86.40512084960938,25.705659866333008,58.8987922668457
2012-06-08,57.38388442993164,154.72999572753906,86.86835479736328,86.3843994140625,25.61397361755371,59.46953582763672
2012-06-11,57.43162536621094,155.36000061035156,86.86117553710938,86.77765655517578,25.345460891723633,58.415889739990234
2012-06-12,57.34297180175781,156.4600067138672,86.67320251464844,85.98426055908203,25.751516342163086,58.99538040161133
2012-06-13,57.4657096862793,157.1199951171875,86.86835479736328,86.83283233642578,25.633623123168945,58.59149169921875
2012-06-14,57.43162536621094,157.75,86.7527084350586,86.72247314453125,25.744958877563477,58.68808364868164
2012-06-15,57.561153411865234,157.83999633789062,87.30207824707031,87.2054214477539,26.098615646362305,59.53097915649414
2012-06-18,57.56795883178711,157.92999267578125,87.25872039794922,87.67456817626953,26.07896614074707,60.00511932373047
2012-06-19,57.492958068847656,157.16000366210938,87.16473388671875,86.52930450439453,26.583269119262695,60.62853240966797
2012-06-20,57.38388442993164,155.97000122070312,87.04913330078125,86.95706939697266,26.642202377319336,60.71632385253906
2012-06-21,57.47933578491211,152.02000427246094,86.68045043945312,87.4192886352539,25.895593643188477,59.1270751953125
2012-06-22,57.36341857910156,152.63999938964844,86.26117706298828,86.25332641601562,26.092069625854492,59.87342071533203
2012-06-25,57.51344680786133,153.75999450683594,86.65879821777344,87.50900268554688,25.555034637451172,58.530029296875
2012-06-26,57.452030181884766,152.6199951171875,86.6009521484375,87.16400909423828,25.71221351623535,58.72319030761719
2012-06-27,57.51344680786133,152.8300018310547,86.68769836425781,87.30203247070312,25.93488883972168,59.08319091796875
2012-06-28,57.57477569580078,151.0500030517578,86.7238540649414,87.51588439941406,25.92179298400879,58.45099639892578
2012-06-29,57.533870697021484,155.19000244140625,86.52140808105469,86.37755584716797,26.83868408203125,60.3475341796875
2012-07-02,57.65482711791992,155.08999633789062,86.70555877685547,87.26876068115234,27.00895881652832,60.57585144042969
2012-07-03,57.57284927368164,157.4600067138672,86.85781860351562,86.59806823730469,27.33642578125,61.155372619628906
2012-07-05,57.736812591552734,155.67999267578125,87.04632568359375,87.04057312011719,26.92382049560547,61.29582595825195
2012-07-06,57.79151153564453,153.7100067138672,87.17680358886719,87.84954833984375,26.622554779052734,60.11928939819336
2012-07-09,57.90082550048828,154.0399932861328,87.3435287475586,88.62388610839844,26.550518035888672,59.855857849121094
2012-07-10,57.95549774169922,152.14999389648438,87.56830596923828,88.80366516113281,26.340940475463867,59.10074996948242
2012-07-11,57.87350845336914,152.99000549316406,87.48129272460938,88.91427612304688,26.439172744750977,58.731964111328125
2012-07-12,57.98286056518555,152.58999633789062,87.65528869628906,89.54344940185547,26.131370544433594,58.1436882019043
2012-07-13,57.989688873291016,154.13999938964844,87.69873809814453,89.30833435058594,26.504671096801758,58.96904754638672
2012-07-16,58.023868560791016,154.2100067138672,87.80024719238281,89.72323608398438,26.51121711730957,58.7934455871582
2012-07-17,58.003334045410156,153.47000122070312,87.68429565429688,89.01802062988281,26.66840362548828,58.881221771240234
2012-07-18,58.09901809692383,153.0500030517578,87.7060317993164,89.0663833618164,26.786285400390625,60.03148651123047
2012-07-19,58.08537292480469,153.3800048828125,87.7857437133789,88.83824920654297,26.963111877441406,60.83047866821289
2012-07-20,58.19466781616211,153.6699981689453,88.061279296875,89.92375946044922,26.478471755981445,60.03148651123047
2012-07-23,58.222023010253906,153.02999877929688,87.98876190185547,90.42840576171875,25.91523551940918,59.346588134765625
2012-07-24,58.29039764404297,153.52000427246094,88.03946685791016,91.14054870605469,25.672927856445312,58.76709747314453
2012-07-25,58.33136749267578,155.6699981689453,87.9452896118164,91.37566375732422,25.849750518798828,58.512454986572266
2012-07-26,58.29039764404297,156.77000427246094,87.82201385498047,90.5390625,26.51121711730957,59.26758575439453
2012-07-27,58.07170104980469,157.5399932861328,87.56830596923828,88.83126831054688,27.172693252563477,60.62853240966797
2012-07-30,58.181026458740234,157.42999267578125,87.81473541259766,89.49506378173828,27.087554931640625,60.59343719482422
2012-07-31,58.242530822753906,156.49000549316406,88.03946685791016,89.67481994628906,26.969663619995117,60.66364288330078
2012-08-01,58.17195510864258,155.13999938964844,88.0757827758789,89.22654724121094,26.982763290405273,60.3475341796875
2012-08-02,58.281551361083984,154.1300048828125,88.061279296875,89.73230743408203,26.609451293945312,60.07539749145508
2012-08-03,58.06923294067383,155.5500030517578,87.90177154541016,88.28423309326172,27.428112030029297,61.330963134765625
2012-08-06,58.1240234375,156.3000030517578,87.9597396850586,88.3188705444336,27.624584197998047,61.82267379760742
2012-08-07,57.9733772277832,156.27999877929688,87.77127838134766,87.18260192871094,27.834165573120117,62.44609069824219
2012-08-08,57.95969772338867,156.47999572753906,87.51029968261719,86.7183609008789,27.834165573120117,62.50753402709961
2012-08-09,57.925445556640625,156.99000549316406,87.3435287475586,86.65607452392578,27.880016326904297,62.744606018066406
2012-08-10,57.99393844604492,157.17999267578125,87.4015121459961,87.09253692626953,27.958593368530273,62.929019927978516
2012-08-13,58.00077438354492,155.99000549316406,87.2855453491211,86.94701385498047,27.814525604248047,63.01679229736328
2012-08-14,57.85692596435547,155.1300048828125,86.90132141113281,85.76918029785156,27.84070587158203,62.82362365722656
2012-08-15,57.651493072509766,155.6300048828125,86.25611114501953,84.56360626220703,27.801416397094727,63.00802230834961
2012-08-16,57.589847564697266,156.55999755859375,86.04582977294922,83.84303283691406,28.12887954711914,63.947513580322266
2012-08-17,57.685752868652344,156.72000122070312,86.161865234375,84.25181579589844,28.09612464904785,64.3514175415039
2012-08-20,57.6583366394043,157.25999450683594,86.11837768554688,84.42501068115234,28.10267448425293,64.46556091308594
2012-08-21,57.761085510253906,158.8300018310547,86.17633819580078,84.79911804199219,28.200918197631836,64.15824127197266
2012-08-22,57.99393844604492,160.5399932861328,86.87958526611328,86.1987075805664,28.174726486206055,64.22846984863281
2012-08-23,58.021297454833984,161.88999938964844,87.2855453491211,86.55908203125,27.97824478149414,63.66654968261719
2012-08-24,58.021297454833984,161.97000122070312,87.27105712890625,86.47590637207031,27.92584228515625,63.92118453979492
2012-08-27,58.1103515625,161.36000061035156,87.55374908447266,86.98170471191406,27.9193058013916,64.00897979736328
2012-08-28,58.130889892578125,161.63999938964844,87.77851104736328,87.18952178955078,27.866910934448242,63.99140167236328
2012-08-29,58.082942962646484,160.58999633789062,87.48129272460938,86.80847930908203,27.79486083984375,64.1055679321289
2012-08-30,58.130889892578125,160.52000427246094,87.41604614257812,87.25882720947266,27.38881492614746,63.29777145385742
2012-08-31,58.336307525634766,164.22000122070312,87.82201385498047,88.49207305908203,27.68353271484375,63.77191925048828
2012-09-04,58.29789352416992,164.47999572753906,87.7060317993164,88.40324401855469,27.552553176879883,63.8070182800293
2012-09-05,58.29789352416992,164.30999755859375,87.85103607177734,87.98664093017578,27.473955154418945,63.73678970336914
2012-09-06,58.160648345947266,164.88999938964844,87.37252807617188,86.52156066894531,28.1812686920166,65.23824310302734
2012-09-07,58.160648345947266,168.44000244140625,87.65528869628906,86.11885833740234,28.58077049255371,65.22069549560547
2012-09-10,58.17435073852539,167.2899932861328,87.88002014160156,86.32717895507812,28.33843994140625,64.42166137695312
2012-09-11,58.09889602661133,167.89999389648438,87.79300689697266,85.78561401367188,28.64626121520996,64.54458618164062
2012-09-12,58.01646423339844,167.9199981689453,87.36528778076172,84.71630096435547,28.783798217773438,64.8079833984375
2012-09-13,58.133216857910156,171.30999755859375,88.0975112915039,84.38301086425781,29.31429100036621,65.73872375488281
2012-09-14,57.84492874145508,171.8000030517578,88.3947525024414,82.14034271240234,29.628644943237305,66.37970733642578
2012-09-17,57.92728805541992,170.39999389648438,88.31498718261719,83.12627410888672,29.42561912536621,66.30067443847656
2012-09-18,57.99592208862305,171.72000122070312,88.19898223876953,83.5428695678711,29.33394432067871,66.30067443847656
2012-09-19,58.071407318115234,171.74000549316406,88.30773162841797,84.09140014648438,29.445261001586914,66.23918151855469
2012-09-20,58.08518600463867,171.47000122070312,88.01056671142578,84.29969024658203,29.163650512695312,66.01971435546875
2012-09-21,58.14690017700195,171.9600067138672,88.08299255371094,84.39692687988281,29.26189422607422,66.12505340576172
2012-09-24,58.20867156982422,171.0500030517578,88.0250473022461,85.0565414428711,29.17453384399414,65.51042938232422
2012-09-25,58.32538986206055,170.77000427246094,88.14098358154297,85.89665985107422,28.91446876525879,64.44801330566406
2012-09-26,58.42145538330078,169.80999755859375,88.3440170288086,86.82015228271484,28.687742233276367,63.912391662597656
2012-09-27,58.387107849121094,172.33999633789062,88.3294906616211,86.20220184326172,29.081178665161133,64.91336059570312
2012-09-28,58.4420280456543,171.88999938964844,88.27151489257812,86.25076293945312,28.647722244262695,64.44801330566406
2012-10-01,58.48601150512695,172.2899932861328,88.44546508789062,86.57083129882812,28.881122589111328,64.21973419189453
2012-10-02,58.48601150512695,172.10000610351562,88.80795288085938,86.45257568359375,28.95447540283203,64.39530944824219
2012-10-03,58.465431213378906,172.41000366210938,88.90218353271484,86.48041534423828,28.834449768066406,64.61483001708984
2012-10-04,58.369117736816406,173.61000061035156,89.03269958496094,85.4018783569336,29.18787384033203,64.76412200927734
2012-10-05,58.30721664428711,172.6199951171875,88.85144805908203,84.29559326171875,29.167865753173828,64.33384704589844
2012-10-08,58.38285446166992,172.0500030517578,89.06168365478516,85.00533294677734,28.947799682617188,63.64020538330078
2012-10-09,58.279727935791016,170.99000549316406,88.83699798583984,84.85223388671875,28.581043243408203,62.8323974609375
2012-10-10,58.369117736816406,170.83999633789062,88.74271392822266,85.45059967041016,28.501012802124023,62.50753402709961
2012-10-11,58.41727066040039,171.32000732421875,88.66297912597656,86.04203033447266,28.721073150634766,62.34950637817383
2012-10-12,58.458560943603516,170.05999755859375,88.59049224853516,86.25772857666016,28.641054153442383,62.428524017333984
2012-10-15,58.43790054321289,168.35000610351562,88.58324432373047,86.0628890991211,28.947799682617188,62.80607604980469
2012-10-16,58.32100296020508,169.4199981689453,88.20623779296875,84.87308502197266,29.354583740234375,63.8597297668457
2012-10-17,58.176551818847656,169.5399932861328,87.9452896118164,84.08687591552734,29.581323623657227,63.403141021728516
2012-10-18,58.14903259277344,168.7899932861328,87.93803405761719,83.57196807861328,29.514625549316406,62.472415924072266
2012-10-19,58.23847198486328,166.97000122070312,88.23523712158203,84.7060775756836,29.067838668823242,61.06755065917969
2012-10-22,58.15596389770508,167.5800018310547,88.09027099609375,84.16336059570312,29.301225662231445,61.55046844482422
2012-10-23,58.28662872314453,165.42999267578125,88.27871704101562,85.36710357666016,28.734416961669922,60.944618225097656
2012-10-24,58.259098052978516,164.86000061035156,88.14098358154297,84.52518463134766,28.734416961669922,60.59343719482422
2012-10-25,58.16282653808594,166.02000427246094,87.88002014160156,84.09382629394531,28.947799682617188,60.4968376159668
2012-10-26,58.28662872314453,165.92999267578125,88.31498718261719,85.33232879638672,28.854454040527344,60.62853240966797
2012-10-31,58.38285446166992,166.8300018310547,88.82247924804688,85.83329772949219,28.8677921295166,60.259761810302734
2012-11-01,58.29346466064453,166.07000732421875,88.72212219238281,85.13055419921875,29.18787384033203,61.40998077392578
2012-11-02,58.314125061035156,162.60000610351562,88.67129516601562,85.06796264648438,28.92113494873047,60.54071807861328
2012-11-05,58.403507232666016,163.22999572753906,88.78759002685547,85.54801940917969,28.941146850585938,60.97975540161133
2012-11-06,58.21784210205078,166.3000030517578,88.5550537109375,84.74092102050781,29.167865753173828,61.3660888671875
2012-11-07,58.35540771484375,166.49000549316406,89.06370544433594,86.27863311767578,28.727750778198242,59.75051498413086
2012-11-08,58.44479751586914,167.99000549316406,89.54335021972656,87.55889129638672,28.42767333984375,58.90757369995117
2012-11-09,58.389801025390625,167.82000732421875,89.21632385253906,87.65630340576172,28.45433807373047,59.19734191894531
2012-11-12,58.47916793823242,167.4499969482422,89.45616149902344,87.80241394042969,28.474342346191406,59.00416564941406
2012-11-13,58.472286224365234,167.10000610351562,89.35442352294922,88.09459686279297,28.254301071166992,58.64418029785156
2012-11-14,58.458560943603516,167.13999938964844,89.26720428466797,88.17813110351562,27.974197387695312,58.02077102661133
2012-11-15,58.45170974731445,166.08999633789062,89.20182037353516,88.00414276123047,28.027559280395508,57.69588088989258
2012-11-16,58.4241828918457,165.8800048828125,89.25997924804688,87.92766571044922,28.05423355102539,57.93296432495117
2012-11-19,58.4241828918457,167.8699951171875,89.09278869628906,87.43363952636719,28.581043243408203,59.4958610534668
2012-11-20,58.334712982177734,167.38999938964844,88.83847045898438,86.55694580078125,28.607715606689453,59.20610427856445
2012-11-21,58.2728271484375,167.55999755859375,88.62767791748047,86.50824737548828,28.627723693847656,59.4958610534668
2012-11-23,58.28662872314453,169.61000061035156,88.56228637695312,86.42475128173828,29.241207122802734,60.426578521728516
2012-11-26,58.2728271484375,169.42999267578125,88.80939483642578,86.83525085449219,29.141191482543945,60.83047866821289
2012-11-27,58.389801025390625,168.7100067138672,88.80939483642578,87.17619323730469,28.95447540283203,60.60218811035156
2012-11-28,58.4241828918457,166.5500030517578,89.02012634277344,87.0509033203125,29.167865753173828,61.03244400024414
2012-11-29,58.458560943603516,167.17999267578125,89.18000793457031,87.0648193359375,29.374589920043945,61.322174072265625
2012-11-30,58.41727066040039,166.0500030517578,89.318115234375,86.82830047607422,29.38791847229004,61.21682357788086
2012-12-03,58.46346664428711,166.1300048828125,89.58431243896484,86.90846252441406,29.4212646484375,61.06755065917969
2012-12-04,58.51171875,164.4199981689453,89.61357879638672,87.41041564941406,29.487945556640625,61.01487731933594
2012-12-05,58.55303192138672,164.1199951171875,89.7740707397461,87.3686294555664,29.674667358398438,60.39147186279297
2012-12-06,58.55303192138672,164.5,89.95645141601562,87.55682373046875,29.708005905151367,60.79536056518555
2012-12-07,58.44276809692383,165.16000366210938,89.8470230102539,86.74810791015625,29.774700164794922,60.51437759399414
2012-12-10,58.477264404296875,165.8000030517578,89.95645141601562,87.13154602050781,29.788021087646484,60.75147247314453
2012-12-11,58.42900085449219,165.64999389648438,89.69381713867188,86.46926879882812,29.948074340820312,61.6295051574707
2012-12-12,58.33943176269531,165.77000427246094,89.41656494140625,85.46529388427734,30.134777069091797,61.3660888671875
2012-12-13,58.22224426269531,164.3699951171875,89.16851806640625,85.5280990600586,29.98140525817871,60.918304443359375
2012-12-14,58.25669860839844,164.1300048828125,89.26335906982422,86.16944885253906,30.134777069091797,60.39147186279297
2012-12-17,58.153350830078125,164.44000244140625,88.92777252197266,84.87969970703125,30.288158416748047,61.17292785644531
2012-12-18,58.02241134643555,162.0800018310547,88.67241668701172,84.01522064208984,30.508228302001953,62.20021438598633
2012-12-19,58.14646530151367,161.69000244140625,88.74537658691406,84.29407501220703,30.5882511138916,61.99827575683594
2012-12-20,58.16025161743164,159.72999572753906,88.78916931152344,84.30804443359375,30.761011123657227,62.02759552001953
2012-12-21,58.242942810058594,160.3300018310547,89.0372085571289,85.22833251953125,30.524810791015625,61.50337219238281
2012-12-24,57.850154876708984,160.6199951171875,88.93502044677734,85.07491302490234,30.430322647094727,61.2723503112793
2012-12-26,57.89839553833008,160.77999877929688,89.05107116699219,85.38097381591797,30.47083282470703,60.925838470458984
2012-12-27,57.94662094116211,161.16000366210938,89.15321350097656,85.66742706298828,30.585554122924805,60.83698272705078
2012-12-28,57.96036911010742,160.5399932861328,89.12401580810547,86.15648651123047,30.356090545654297,60.179473876953125
2012-12-31,57.90529251098633,162.02000427246094,88.58413696289062,84.66828155517578,30.875741958618164,61.405635833740234
2013-01-02,57.815696716308594,163.1699981689453,88.53300476074219,83.53636169433594,31.37515640258789,63.298187255859375
2013-01-03,57.64341354370117,161.1999969482422,87.92741394042969,82.40450286865234,31.078210830688477,62.925018310546875
2013-01-04,57.732994079589844,160.44000244140625,87.89095306396484,82.72589111328125,31.260419845581055,62.6495475769043
2013-01-07,57.6916389465332,159.42999267578125,88.19013977050781,82.7608642578125,31.05797004699707,62.55182647705078
2013-01-08,57.746822357177734,160.55999755859375,88.31410217285156,83.30586242675781,30.84874153137207,62.39186477661133
2013-01-09,57.72611618041992,160.49000549316406,88.47464752197266,83.22897338867188,31.02420997619629,62.60511016845703
2013-01-10,57.72611618041992,161.97999572753906,88.39439392089844,82.99840545654297,31.435894012451172,62.88946533203125
2013-01-11,57.76741027832031,161.05999755859375,88.47464752197266,83.73896789550781,31.422409057617188,63.1204833984375
2013-01-14,57.76741027832031,161.5399932861328,88.50385284423828,83.5084228515625,31.4628963470459,62.75617218017578
2013-01-15,57.84326171875,162.55999755859375,88.56221008300781,83.89266967773438,31.36166000366211,62.4451904296875
2013-01-16,57.836387634277344,162.64999389648438,88.54035949707031,84.0674057006836,31.199687957763672,62.75617218017578
2013-01-17,57.739952087402344,163.35000610351562,88.38713836669922,83.22897338867188,31.469650268554688,63.09384536743164
2013-01-18,57.8294563293457,163.08999633789062,88.53300476074219,83.87179565429688,31.483135223388672,62.88056564331055
2013-01-22,57.77436065673828,163.6699981689453,88.51844024658203,84.03244018554688,31.516881942749023,63.02273178100586
2013-01-23,57.86393356323242,163.2100067138672,88.53300476074219,83.90670013427734,31.40215301513672,63.7069206237793
2013-01-24,57.78125,161.4199981689453,88.48193359375,83.6132583618164,31.516881942749023,62.71177291870117
2013-01-25,57.595157623291016,160.64999389648438,88.10986328125,82.46739959716797,31.73285675048828,62.86280059814453
2013-01-28,57.5262336730957,160.2899932861328,87.99309539794922,82.16691589355469,31.543882369995117,63.076053619384766
2013-01-29,57.464263916015625,160.99000549316406,87.83257293701172,81.7127914428711,31.76659393310547,62.853904724121094
2013-01-30,57.40220642089844,162.19000244140625,87.8617935180664,81.57306671142578,31.73958969116211,62.75617218017578
2013-01-31,57.50560760498047,161.1999969482422,88.12443542480469,81.97130584716797,31.624862670898438,62.76508331298828
2013-02-01,57.344017028808594,161.4499969482422,87.69395446777344,80.90691375732422,31.901559829711914,63.46699142456055
2013-02-04,57.54426574707031,162.0,88.26310729980469,81.94331359863281,31.388647079467773,62.498512268066406
2013-02-05,57.447608947753906,161.9600067138672,88.00768280029297,81.21501159667969,31.49663734436035,63.33372116088867
2013-02-06,57.585697174072266,162.38999938964844,88.10986328125,81.8802719116211,31.537128448486328,63.315956115722656
2013-02-07,57.59259033203125,161.83999633789062,88.02957153320312,81.6982650756836,31.246929168701172,63.33372116088867
2013-02-08,57.57878494262695,161.57000732421875,88.00041198730469,82.01331329345703,31.435894012451172,63.96454620361328
2013-02-11,57.5097541809082,159.6999969482422,87.93467712402344,81.9503173828125,31.415647506713867,64.02677154541016
2013-02-12,57.52351760864258,159.88999938964844,87.92741394042969,81.74727630615234,31.516881942749023,63.786888122558594
2013-02-13,57.447608947753906,159.0500030517578,87.67933654785156,81.08198547363281,31.624862670898438,63.76909637451172
2013-02-14,57.53044509887695,158.35000610351562,87.83257293701172,81.81727600097656,31.49663734436035,63.902339935302734
2013-02-15,57.48210144042969,155.75999450683594,87.591796875,81.57913970947266,31.408903121948242,63.84906768798828
2013-02-19,57.461402893066406,155.3300018310547,87.54804992675781,81.17302703857422,31.719350814819336,64.22223663330078
2013-02-20,57.50284194946289,151.44000244140625,87.56989288330078,81.41809844970703,31.388647079467773,63.235992431640625
2013-02-21,57.55809020996094,152.6199951171875,87.67933654785156,81.89430236816406,30.983722686767578,62.569580078125
2013-02-22,57.585697174072266,152.97000122070312,87.86907196044922,81.9503173828125,31.3211669921875,63.298187255859375
2013-02-25,57.772132873535156,154.33999633789062,88.30683898925781,83.56087493896484,30.673288345336914,62.365230560302734
2013-02-26,57.79974365234375,156.22000122070312,88.09524536132812,83.07767486572266,30.85550308227539,62.702884674072266
2013-02-27,57.78592300415039,154.57000732421875,88.09524536132812,82.8326416015625,31.226680755615234,63.24489212036133
2013-02-28,57.81356430053711,153.0,88.29227447509766,82.9866943359375,31.186180114746094,63.09384536743164
2013-03-01,57.84538650512695,152.44000244140625,88.66436004638672,83.43858337402344,31.179445266723633,63.20045852661133
2013-03-04,57.83153533935547,152.3000030517578,88.38713836669922,82.9964828491211,31.226680755615234,63.3248291015625
2013-03-05,57.796932220458984,152.3800048828125,88.36520385742188,82.75791931152344,31.503387451171875,64.26666259765625
2013-03-06,57.70011520385742,153.22999572753906,88.16822052001953,82.00700378417969,31.57761001586914,64.2489013671875
2013-03-07,57.61708068847656,152.69000244140625,87.83985900878906,81.37547302246094,31.678857803344727,64.52436065673828
2013-03-08,57.45799255371094,152.7100067138672,87.55530548095703,80.52632141113281,31.759838104248047,64.60431671142578
2013-03-11,57.430294036865234,152.99000549316406,87.51154327392578,80.60348510742188,31.807083129882812,64.79088592529297
2013-03-12,57.5410270690918,154.19000244140625,87.67206573486328,81.18598175048828,31.63836097717285,64.49765014648438
2013-03-13,57.471797943115234,153.66000366210938,87.69395446777344,81.10173797607422,31.52361488342285,64.50657653808594
2013-03-14,57.492584228515625,153.67999267578125,87.84718322753906,80.85615539550781,31.759838104248047,64.97745513916016
2013-03-15,57.561744689941406,154.0,87.96391296386719,81.23503875732422,31.73285675048828,64.74647521972656
2013-03-18,57.67241668701172,155.3800048828125,88.15364837646484,81.85264587402344,31.368410110473633,64.6487045288086
2013-03-19,57.70698928833008,156.0800018310547,88.24117279052734,82.40699768066406,31.24018669128418,64.44438934326172
2013-03-20,57.65168762207031,155.3699951171875,87.99309539794922,81.48775482177734,31.449392318725586,64.88862609863281
2013-03-21,57.66555404663086,156.25,88.03689575195312,82.273681640625,31.152448654174805,64.07119750976562
2013-03-22,57.72085952758789,155.5500030517578,88.19013977050781,82.33687591552734,31.38056755065918,64.3821792602539
2013-03-25,57.71392059326172,155.24000549316406,88.19739532470703,82.25965118408203,31.08272361755371,64.2489013671875
2013-03-26,57.73466110229492,154.72000122070312,88.24845123291016,82.35790252685547,31.333175659179688,64.6576156616211
2013-03-27,57.852325439453125,155.36000061035156,88.51844024658203,83.05968475341797,31.258726119995117,64.56877136230469
2013-03-28,57.85922622680664,154.4499969482422,88.48193359375,82.63859558105469,31.38056755065918,64.77312469482422
2013-04-01,57.911983489990234,154.6699981689453,88.51847839355469,83.26100158691406,31.04888153076172,64.08895111083984
2013-04-02,57.91890335083008,152.42999267578125,88.47464752197266,82.9234390258789,31.258726119995117,64.17779541015625
2013-04-03,57.95362854003906,150.72999572753906,88.70096588134766,83.66893005371094,31.02857208251953,63.68914031982422
2013-04-04,58.1202392578125,150.2899932861328,89.11714935302734,84.66757202148438,31.184261322021484,63.61804962158203
2013-04-05,58.27992630004883,152.80999755859375,89.48951721191406,86.37653350830078,31.069196701049805,63.04051208496094
2013-04-08,58.252166748046875,152.16000366210938,89.0952377319336,85.71544647216797,31.150409698486328,63.253761291503906
2013-04-09,58.18970489501953,153.33999633789062,89.01492309570312,85.50445556640625,31.319639205932617,63.73356246948242
2013-04-10,58.078590393066406,150.75,88.51847839355469,84.32996368408203,31.739309310913086,64.95085906982422
2013-04-11,58.106380462646484,151.0500030517578,88.76669311523438,84.49173736572266,31.908527374267578,64.68427276611328
2013-04-12,58.2452278137207,143.9499969482422,89.13175964355469,85.75062561035156,31.752849578857422,64.2933120727539
2013-04-15,58.30770492553711,131.30999755859375,89.11714935302734,86.4960708618164,31.008264541625977,63.058284759521484
2013-04-16,58.29381561279297,132.8000030517578,88.96381378173828,85.78577423095703,31.543010711669922,63.98235321044922
2013-04-17,58.321598052978516,132.8699951171875,88.94921875,86.3554458618164,30.90673065185547,62.55182647705078
2013-04-18,58.35636520385742,134.3000030517578,88.32864379882812,86.56636810302734,30.87965965270996,61.63664245605469
2013-04-19,58.30770492553711,135.47000122070312,88.67180633544922,86.38359832763672,31.184261322021484,61.55665969848633
2013-04-22,58.38412094116211,137.89999389648438,88.9054183959961,86.44686889648438,31.27225685119629,62.08091354370117
2013-04-23,58.37024688720703,136.8800048828125,88.94921875,86.14450073242188,31.597158432006836,62.94277572631836
2013-04-24,58.35636520385742,138.3699951171875,89.0806655883789,86.3624267578125,31.854385375976562,63.26266098022461
2013-04-25,58.321598052978516,141.6300048828125,89.14635467529297,85.9897232055664,32.03714370727539,63.49363327026367
2013-04-26,58.397979736328125,140.91000366210938,89.47489929199219,86.77739715576172,31.99652099609375,63.4847526550293
2013-04-29,58.44654083251953,142.3000030517578,89.23394775390625,86.4609375,32.389129638671875,64.39106750488281
2013-04-30,58.44654083251953,142.77000427246094,89.18284606933594,86.5101547241211,32.558353424072266,65.11964416503906
2013-05-01,58.545345306396484,141.11000061035156,89.16160583496094,87.39884948730469,32.274051666259766,64.5332260131836
2013-05-02,58.559242248535156,141.9199981689453,89.06649780273438,87.28607177734375,32.429744720458984,65.48393249511719
2013-05-03,58.281028747558594,142.08999633789062,88.45894622802734,85.22817993164062,32.76817321777344,66.18588256835938
2013-05-06,58.2740478515625,142.14999389648438,88.32719421386719,85.01676177978516,32.788475036621094,66.55018615722656
2013-05-07,58.218448638916016,140.3800048828125,88.31987762451172,84.68549346923828,32.86296463012695,66.47019958496094
2013-05-08,58.2740478515625,142.4600067138672,88.1295394897461,84.81942749023438,33.16754150390625,66.97662353515625
2013-05-09,58.1835823059082,140.80999755859375,88.09292602539062,84.6009521484375,32.88325500488281,66.72787475585938
2013-05-10,58.037574768066406,139.60000610351562,87.8441162109375,83.69175720214844,32.89678192138672,67.02996063232422
2013-05-13,57.97496795654297,138.42999267578125,87.58058166503906,83.0504379272461,32.83587646484375,66.8877944946289
2013-05-14,57.863624572753906,137.80999755859375,87.20726013183594,82.14832305908203,32.91032028198242,67.18098449707031
2013-05-15,57.93315887451172,134.6300048828125,87.23656463623047,82.69803619384766,32.96449279785156,67.31429290771484
2013-05-16,58.01667404174805,134.08999633789062,87.48538208007812,83.55786895751953,32.76140594482422,67.66970825195312
2013-05-17,57.891448974609375,131.07000732421875,87.0462417602539,82.50068664550781,33.00508499145508,68.42496490478516
2013-05-20,57.877540588378906,135.1199951171875,87.02427673339844,82.40203857421875,33.15401077270508,68.4693374633789
2013-05-21,57.93315887451172,132.8800048828125,87.20726013183594,83.0504379272461,33.19462585449219,68.36275482177734
2013-05-22,57.73845291137695,131.94000244140625,86.42406463623047,81.81705474853516,32.89002227783203,67.5452880859375
2013-05-23,57.73143768310547,134.61000061035156,86.44605255126953,82.20466613769531,32.47035217285156,67.509765625
2013-05-24,57.73845291137695,133.75999450683594,86.51920318603516,82.31745147705078,32.233436584472656,67.3764877319336
2013-05-28,57.418426513671875,133.49000549316406,85.73597717285156,80.23131561279297,32.328208923339844,67.88296508789062
2013-05-29,57.467159271240234,134.8300018310547,85.67743682861328,81.13345336914062,32.03714370727539,67.80298614501953
2013-05-30,57.418426513671875,136.6999969482422,85.36267852783203,80.93614959716797,32.13866424560547,68.45158386230469
2013-05-31,57.3210334777832,133.9199981689453,85.44320678710938,80.66121673583984,31.482093811035156,67.88296508789062
2013-06-03,57.26875305175781,136.50999450683594,85.36470031738281,81.08865356445312,31.698701858520508,68.22058868408203
2013-06-04,57.247840881347656,135.22999572753906,85.20325469970703,80.33979797363281,31.678390502929688,67.74079132080078
2013-06-05,57.226924896240234,135.52000427246094,85.30598449707031,81.448974609375,31.062423706054688,67.06548309326172
2013-06-06,57.30361557006836,136.52999877929688,85.2105941772461,81.39947509765625,31.258726119995117,67.23430633544922
2013-06-07,57.15719223022461,133.27999877929688,84.71161651611328,79.94417572021484,31.529462814331055,67.9007339477539
2013-06-10,57.010860443115234,133.94000244140625,84.12455749511719,79.56272888183594,31.495624542236328,67.99846649169922
2013-06-11,57.038719177246094,133.25,84.08050537109375,80.50931549072266,31.035343170166016,67.23430633544922
2013-06-12,56.92721176147461,134.25,83.43473052978516,79.35782623291016,30.967662811279297,66.6834487915039
2013-06-13,57.17814636230469,133.74000549316406,84.07315826416016,80.60116577148438,31.441476821899414,67.43871307373047
2013-06-14,57.24091720581055,134.42999267578125,83.9997787475586,80.41044616699219,31.062423706054688,66.98554992675781
2013-06-17,57.19907760620117,133.77000427246094,83.72822570800781,79.98655700683594,31.488859176635742,67.69637298583984
2013-06-18,57.1502685546875,132.1300048828125,83.9557876586914,80.02893829345703,31.644548416137695,68.2561264038086
2013-06-19,56.81565475463867,130.58999633789062,82.84037017822266,79.202392578125,31.035343170166016,67.5897216796875
2013-06-20,56.29988479614258,123.5999984741211,82.00382232666016,77.90250396728516,29.88463592529297,66.07035827636719
2013-06-21,56.069828033447266,125.05000305175781,81.04254913330078,76.58131408691406,30.026790618896484,65.69715118408203
2013-06-24,55.79801559448242,123.93000030517578,80.73432922363281,76.89927673339844,29.460620880126953,64.75535583496094
2013-06-25,55.93040084838867,123.47000122070312,80.873779296875,76.2140121459961,29.8586483001709,65.27069854736328
2013-06-26,56.125614166259766,118.27999877929688,81.24065399169922,76.70857238769531,30.030216217041016,65.63500213623047
2013-06-27,56.348663330078125,115.94000244140625,81.91576385498047,77.49269104003906,30.400785446166992,65.99927520751953
2013-06-28,56.376529693603516,119.11000061035156,82.19463348388672,78.02256774902344,30.345876693725586,65.73272705078125
2013-07-01,56.47222137451172,121.12999725341797,82.31144714355469,78.17976379394531,30.668424606323242,66.23916625976562
2013-07-02,56.48622131347656,120.05000305175781,82.57594299316406,78.13021087646484,30.435094833374023,66.2569580078125
2013-07-03,56.444297790527344,120.73999786376953,82.42164611816406,77.89655303955078,30.380203247070312,66.6834487915039
2013-07-05,55.815673828125,118.08999633789062,81.29742431640625,75.24124145507812,30.476272583007812,67.26985168457031
2013-07-08,56.067115783691406,119.51000213623047,81.81180572509766,75.97054290771484,30.579208374023438,67.06548309326172
2013-07-09,56.13001251220703,120.62000274658203,81.77503204345703,76.04844665527344,30.791954040527344,67.4564437866211
2013-07-10,55.99030303955078,120.94999694824219,81.49585723876953,75.45364379882812,30.839988708496094,67.7674331665039
2013-07-11,56.367469787597656,124.23999786376953,82.0616455078125,76.33872985839844,31.73896598815918,68.93138885498047
2013-07-12,56.290611267089844,124.12999725341797,82.09099578857422,76.2750015258789,31.539947509765625,69.03802490234375
2013-07-15,56.444297790527344,124.18000030517578,82.48779296875,76.67863464355469,31.766433715820312,69.30455780029297
2013-07-16,56.52812576293945,124.88999938964844,82.81847381591797,76.94062805175781,31.745824813842773,69.31346893310547
2013-07-17,56.65386199951172,123.31999969482422,83.04625701904297,77.08221435546875,31.86249542236328,69.4289779663086
2013-07-18,56.56304931640625,124.01000213623047,82.74498748779297,76.11921691894531,31.99287223815918,69.26905822753906
2013-07-19,56.70973205566406,125.11000061035156,83.34014892578125,77.32298278808594,31.972301483154297,68.12287902832031
2013-07-22,56.74462127685547,128.83999633789062,83.31076049804688,77.43629455566406,32.17816925048828,68.33606719970703
2013-07-23,56.730709075927734,129.7100067138672,83.11974334716797,77.11055755615234,32.30855178833008,68.0428695678711
2013-07-24,56.54905700683594,127.4800033569336,82.44369506835938,76.1333999633789,32.17131805419922,68.53157043457031
2013-07-25,56.52812576293945,128.6699981689453,82.48779296875,76.1050796508789,32.260520935058594,68.9669418334961
2013-07-26,56.570011138916016,128.77999877929688,82.50984954833984,76.57239532470703,32.095821380615234,68.94023895263672
2013-07-29,56.56304931640625,128.47000122070312,82.4510498046875,76.0130386352539,31.800722122192383,68.82476806640625
2013-07-30,56.52812576293945,128.1199951171875,82.41434478759766,75.98469543457031,31.73896598815918,69.41118621826172
2013-07-31,56.59100341796875,127.95999908447266,82.9360122680664,76.26083374023438,31.77328109741211,69.31346893310547
2013-08-01,56.315216064453125,126.61000061035156,82.35520935058594,74.79147338867188,32.185035705566406,70.13089752197266
2013-08-02,56.49720001220703,126.36000061035156,82.77425384521484,75.61489868164062,32.34288024902344,70.50406646728516
2013-08-05,56.51820373535156,125.69999694824219,82.78165435791016,75.03278350830078,32.23994445800781,70.70841979980469
2013-08-06,56.48319625854492,123.97000122070312,82.98017120361328,75.25286865234375,32.13699722290039,70.23751831054688
2013-08-07,56.56718063354492,124.1500015258789,83.17867279052734,75.81365203857422,31.937986373901367,70.04204559326172
2013-08-08,56.59516525268555,126.86000061035156,83.26688385009766,76.01947784423828,32.30169677734375,70.37079620361328
2013-08-09,56.665157318115234,126.86000061035156,83.34774780273438,76.14012908935547,32.356590270996094,70.10425567626953
2013-08-12,56.5601921081543,129.1300048828125,83.1271743774414,75.62195587158203,32.33600616455078,70.58403015136719
2013-08-13,56.36418533325195,127.73999786376953,82.39928436279297,74.52876281738281,32.569332122802734,71.11717987060547
2013-08-14,56.3361930847168,129.0,82.22283935546875,74.64237213134766,32.576194763183594,70.94834899902344
2013-08-15,56.133243560791016,131.69000244140625,81.63465881347656,73.63433837890625,32.32915496826172,69.7132797241211
2013-08-16,55.98625564575195,132.5800018310547,81.25231170654297,73.37877655029297,32.349727630615234,69.76660919189453
2013-08-19,55.825279235839844,132.00999450683594,80.76702880859375,72.73988342285156,32.04092025756836,69.55337524414062
2013-08-20,55.98625564575195,132.4499969482422,81.26699829101562,73.30073547363281,31.986024856567383,69.74883270263672
2013-08-21,55.76925277709961,132.07000732421875,80.69351196289062,72.49858856201172,31.560562133789062,69.60668182373047
2013-08-22,55.825279235839844,132.80999755859375,80.73027801513672,73.23685455322266,31.88994026184082,70.03316497802734
2013-08-23,55.98625564575195,134.89999389648438,81.29638671875,74.03186798095703,32.143856048583984,70.47740936279297
2013-08-26,56.08427047729492,135.4499969482422,81.58318328857422,74.40100860595703,31.937986373901367,70.32635498046875
2013-08-27,56.22422409057617,136.75,82.08314514160156,75.33802795410156,31.375259399414062,68.81588745117188
2013-08-28,56.12623977661133,136.7100067138672,81.78166961669922,74.72753143310547,31.34095573425293,69.02913665771484
2013-08-29,56.18223190307617,135.8699951171875,81.67138671875,75.32388305664062,31.361541748046875,69.45561981201172
2013-08-30,56.105220794677734,134.6199951171875,81.42142486572266,75.2386245727539,31.141925811767578,69.01136016845703
2013-09-03,55.979671478271484,136.4199981689453,80.99675750732422,74.17744445800781,31.63604164123535,69.2601547241211
2013-09-04,55.90956115722656,134.66000366210938,80.58467102050781,74.01371765136719,31.90367317199707,69.86434936523438
2013-09-05,55.523780822753906,132.1999969482422,80.00328063964844,72.98169708251953,31.986024856567383,70.05093383789062
2013-09-06,55.73416519165039,134.14999389648438,80.33448791503906,73.34469604492188,32.15758514404297,70.193115234375
2013-09-09,55.87448501586914,133.91000366210938,80.48162841796875,73.38028717041016,32.720314025878906,71.14380645751953
2013-09-10,55.75520706176758,131.74000549316406,80.34916687011719,72.86786651611328,33.02226257324219,71.61475372314453
2013-09-11,55.90956115722656,131.6999969482422,80.8054428100586,73.51554870605469,33.145782470703125,71.40147399902344
2013-09-12,55.89549255371094,127.66999816894531,80.84223175048828,73.4159164428711,32.933048248291016,71.30374145507812
2013-09-13,55.9867057800293,127.81999969482422,80.83486938476562,73.70057678222656,33.084014892578125,71.33929443359375
2013-09-16,56.05685043334961,126.44999694824219,81.05563354492188,73.2094955444336,33.33107376098633,71.04607391357422
2013-09-17,56.10594177246094,126.5,81.3720703125,73.814453125,33.39967727661133,71.56141662597656
2013-09-18,56.554840087890625,132.00999450683594,82.45394897460938,74.72547149658203,34.381038665771484,72.45883178710938
2013-09-19,56.491729736328125,131.75,82.18900299072266,74.2842025756836,34.085941314697266,72.64539337158203
2013-09-20,56.484676361083984,127.95999908447266,82.41715240478516,74.67568969726562,33.790863037109375,72.28112030029297
2013-09-23,56.526790618896484,127.55000305175781,82.70413970947266,75.2236557006836,33.805328369140625,72.33441925048828
2013-09-24,56.646053314208984,127.66000366210938,82.7188720703125,76.03507232666016,33.72260665893555,72.24559020996094
2013-09-25,56.7652587890625,128.7899932861328,82.79243469238281,76.19164276123047,33.72260665893555,72.20114135742188
2013-09-26,56.68111038208008,127.79000091552734,82.6747055053711,75.65787506103516,33.8604736328125,72.44107055664062
2013-09-27,56.69512939453125,128.97000122070312,82.69677734375,75.84291076660156,33.715721130371094,72.08563995361328
2013-09-30,56.73017501831055,128.17999267578125,82.85133361816406,75.72905731201172,33.50200653076172,71.70355987548828
2013-10-01,56.661293029785156,124.58999633789062,82.7459945678711,75.4992446899414,33.715721130371094,72.46773529052734
2013-10-02,56.72457504272461,127.05999755859375,82.87857055664062,75.61341857910156,33.69503402709961,72.49433135986328
2013-10-03,56.75270080566406,127.18000030517578,82.9374771118164,75.49209594726562,33.54338073730469,71.73023223876953
2013-10-04,56.68940353393555,126.52999877929688,82.76075744628906,75.43501281738281,33.65367126464844,72.21890258789062
2013-10-07,56.731590270996094,127.63999938964844,82.84908294677734,75.74186706542969,33.37793731689453,71.61475372314453
2013-10-08,56.71053695678711,127.4000015258789,82.62825775146484,75.76334381103516,33.11599349975586,70.26419830322266
2013-10-09,56.67536163330078,126.11000061035156,82.63560485839844,75.15670776367188,33.25386047363281,70.3530044555664
2013-10-10,56.68940353393555,124.2699966430664,82.56938171386719,75.27810668945312,33.88115692138672,71.73023223876953
2013-10-11,56.71053695678711,122.5999984741211,82.55463409423828,75.256591796875,34.06727981567383,72.33441925048828
2013-10-14,56.5980224609375,122.83000183105469,82.19387817382812,74.65007019042969,34.149993896484375,72.74314880371094
2013-10-15,56.583988189697266,123.7300033569336,82.35585021972656,74.6000747680664,33.950096130371094,72.23674011230469
2013-10-16,56.82294845581055,123.54000091552734,82.5251693725586,75.53495025634766,34.2396125793457,72.97416687011719
2013-10-17,57.0197868347168,127.41999816894531,82.84908294677734,76.22000885009766,34.62565612792969,72.90309143066406
2013-10-18,57.08305740356445,126.8499984741211,82.96690368652344,76.38407897949219,34.83244705200195,74.20030212402344
2013-10-21,57.01278305053711,126.9800033569336,82.90067291259766,76.14153289794922,34.84624099731445,74.52019500732422
2013-10-22,57.195533752441406,129.33999633789062,83.32034301757812,76.99073791503906,35.15644454956055,74.38690185546875
2013-10-23,57.2236442565918,128.69000244140625,83.28353118896484,77.29039001464844,34.75661087036133,73.853759765625
2013-10-24,57.2236442565918,129.89999389648438,83.31293487548828,76.99073791503906,34.88758850097656,74.1558837890625
2013-10-25,57.28691101074219,130.4600067138672,83.49701690673828,77.27610778808594,34.860023498535156,74.38690185546875
2013-10-28,57.2376823425293,130.55999755859375,83.46017456054688,77.01211547851562,34.853126525878906,74.46687316894531
2013-10-29,57.27985763549805,129.77000427246094,83.40864562988281,77.11198425292969,34.942745208740234,74.8400650024414
2013-10-30,57.21660232543945,129.60000610351562,83.29822540283203,76.64812469482422,34.825557708740234,74.50240325927734
2013-10-31,57.21660232543945,127.73999786376953,83.13626861572266,76.81230926513672,34.61875534057617,74.32472229003906
2013-11-01,57.062294006347656,126.94999694824219,82.57466125488281,75.98081970214844,34.48088455200195,74.3691177368164
2013-11-04,57.0975341796875,126.80999755859375,82.61888122558594,76.05240631103516,34.63254165649414,74.6268081665039
2013-11-05,56.928489685058594,126.55999755859375,82.29458618164062,75.14369201660156,34.30855178833008,74.68013763427734
2013-11-06,57.0270881652832,127.19999694824219,82.7662124633789,75.17947387695312,34.570499420166016,75.22212219238281
2013-11-07,57.139835357666016,126.16000366210938,82.87684631347656,75.81626892089844,34.039703369140625,74.19144439697266
2013-11-08,56.7664794921875,124.27999877929688,82.1693115234375,73.99172973632812,34.184452056884766,75.04443359375
2013-11-11,56.71715545654297,123.87000274658203,82.0145492553711,73.71263885498047,34.149993896484375,75.0355224609375
2013-11-12,56.68894577026367,122.44999694824219,82.0587387084961,74.05614471435547,34.039703369140625,75.36428833007812
2013-11-13,56.843929290771484,122.8499984741211,82.19874572753906,74.32799530029297,34.15689468383789,76.19058227539062
2013-11-14,57.00598907470703,124.2699966430664,82.64837646484375,74.78591918945312,34.38438415527344,75.89738464355469
2013-11-15,57.0270881652832,124.31999969482422,82.68519592285156,74.93616485595703,34.70147705078125,76.19058227539062
2013-11-18,57.132808685302734,122.9000015258789,82.90628051757812,75.38700103759766,34.763511657714844,75.51533508300781
2013-11-19,57.020023345947266,122.94999694824219,82.5820083618164,74.81456756591797,34.64632797241211,75.15992736816406
2013-11-20,56.865108489990234,120.12000274658203,82.07347869873047,73.54096221923828,34.42573165893555,74.98222351074219
2013-11-21,56.865108489990234,119.94000244140625,82.2135238647461,73.66258239746094,34.5636100769043,75.81739807128906
2013-11-22,56.99186706542969,119.91999816894531,82.44200134277344,74.34942626953125,34.667015075683594,75.7374496459961
2013-11-25,57.03411102294922,120.45999908447266,82.49356842041016,74.5641098022461,34.48777770996094,75.57750701904297
2013-11-26,57.04115676879883,119.81999969482422,82.48619842529297,74.84314727783203,34.4739990234375,75.95957946777344
2013-11-27,57.020023345947266,119.45999908447266,82.3240966796875,74.71440887451172,34.611854553222656,76.61714172363281
2013-11-29,57.04823684692383,120.69999694824219,82.25774383544922,74.7358627319336,34.735939025878906,76.9725112915039
2013-12-02,56.83290100097656,117.58000183105469,81.8963623046875,74.15452575683594,34.26029968261719,76.62599182128906
2013-12-03,56.8894157409668,117.95999908447266,81.94056701660156,74.4272689819336,34.17757034301758,76.75038146972656
2013-12-04,56.80467224121094,119.95999908447266,81.48322296142578,73.716796875,34.0190315246582,76.99026489257812
2013-12-05,56.70586395263672,118.30000305175781,81.38737487792969,73.5086898803711,33.83980178833008,76.91920471191406
2013-12-06,56.79058837890625,118.55000305175781,81.37995147705078,73.8603515625,34.280975341796875,77.45230865478516
2013-12-09,56.84703063964844,119.72000122070312,81.4463882446289,74.03255462646484,34.301666259765625,77.6300277709961
2013-12-10,56.967037200927734,121.81999969482422,81.66026306152344,74.56364440917969,34.26029968261719,77.54113006591797
2013-12-11,56.86818313598633,120.86000061035156,81.52751159667969,73.98949432373047,33.83980178833008,76.78591918945312
2013-12-12,56.7199592590332,118.29000091552734,81.29887390136719,73.70964813232422,33.619205474853516,76.40386199951172
2013-12-13,56.783485412597656,119.37999725341797,81.53488159179688,74.06845092773438,33.605411529541016,76.32389068603516
2013-12-16,56.80467224121094,119.69000244140625,81.59391784667969,73.79576873779297,33.8466911315918,77.0880126953125
2013-12-17,56.910545349121094,118.6500015258789,81.83733367919922,74.1258773803711,33.7019157409668,77.24796295166016
2013-12-18,56.8894157409668,117.61000061035156,81.47582244873047,73.75267028808594,34.184452056884766,77.82547760009766
2013-12-19,56.783485412597656,114.81999969482422,81.17345428466797,73.68093872070312,34.10862731933594,77.84323120117188
2013-12-20,56.8894157409668,115.94000244140625,81.4463882446289,74.8148422241211,34.245513916015625,78.7091293334961
2013-12-23,56.81877899169922,115.56999969482422,81.30624389648438,74.3913803100586,34.579002380371094,79.67018127441406
2013-12-24,56.6990966796875,116.0999984741211,81.0333251953125,73.79576873779297,34.641536712646484,79.8498306274414
2013-12-26,56.614158630371094,116.73999786376953,80.99642944335938,73.51130676269531,34.787437438964844,80.101318359375
2013-12-27,56.614158630371094,117.12000274658203,80.95218658447266,73.30253601074219,34.9263801574707,79.93965911865234
2013-12-30,56.70620346069336,115.38999938964844,81.18081665039062,73.80648803710938,35.107032775878906,79.85880279541016
2013-12-31,56.68495559692383,116.12000274658203,81.06283569335938,73.33850860595703,35.24599075317383,80.4246597290039
2014-01-02,56.73448944091797,118.0,81.32839965820312,73.56170654296875,34.53730010986328,79.59832763671875
2014-01-03,56.741600036621094,119.29000091552734,81.29150390625,73.56170654296875,34.53730010986328,79.32886505126953
2014-01-06,56.791168212890625,119.5,81.56438446044922,73.871337890625,34.460899353027344,79.1043472290039
2014-01-07,56.86198425292969,118.81999969482422,81.5791244506836,74.05854797363281,34.62068176269531,79.90371704101562
2014-01-08,56.6778678894043,118.12000274658203,81.52751159667969,73.85693359375,34.5859489440918,80.00251007080078
2014-01-09,56.784095764160156,118.45999908447266,81.83733367919922,74.28893280029297,34.530364990234375,79.6252670288086
2014-01-10,57.06026840209961,120.26000213623047,82.27249145507812,75.17452239990234,34.884708404541016,79.76900482177734
2014-01-13,57.13813781738281,121.0199966430664,82.30937957763672,75.54893493652344,34.5859489440918,78.8797836303711
2014-01-14,57.05315017700195,119.88999938964844,82.02908325195312,75.20331573486328,34.85690689086914,80.35282135009766
2014-01-15,57.017757415771484,119.66000366210938,81.955322265625,75.12409973144531,34.9263801574707,81.29592895507812
2014-01-16,57.145267486572266,119.79000091552734,82.021728515625,75.62811279296875,34.91250228881836,81.31391143798828
2014-01-17,57.20895767211914,120.93000030517578,82.17660522460938,75.94487762451172,34.815216064453125,80.82886505126953
2014-01-21,57.20895767211914,119.69999694824219,82.021728515625,76.00251007080078,34.94028854370117,81.17018127441406
2014-01-22,57.109806060791016,119.19000244140625,81.88157653808594,75.8153076171875,34.98196792602539,81.29592895507812
2014-01-23,57.265647888183594,121.79000091552734,82.23561096191406,76.88812255859375,34.634586334228516,80.92767333984375
2014-01-24,57.41432189941406,122.29000091552734,82.4716796875,77.3849105834961,33.73832321166992,79.22110748291016
2014-01-27,57.3081169128418,120.95999908447266,82.18396759033203,76.84491729736328,33.536842346191406,78.33187866210938
2014-01-28,57.35764694213867,120.94999694824219,82.34626770019531,77.0321044921875,33.81474304199219,78.07139587402344
2014-01-29,57.485111236572266,122.47000122070312,82.65606689453125,77.66571044921875,33.46734619140625,77.34385681152344
2014-01-30,57.485111236572266,119.7699966430664,82.60442352294922,77.44253540039062,33.62021255493164,78.52049255371094
2014-01-31,57.563018798828125,120.08999633789062,82.76667785644531,77.96089935302734,33.203346252441406,78.53846740722656
2014-02-03,57.74827575683594,121.31999969482422,83.2535400390625,78.91080474853516,32.59889221191406,76.83190155029297
2014-02-04,57.655982971191406,120.98999786376953,82.89205932617188,78.07353210449219,32.93239212036133,77.18217468261719
2014-02-05,57.53537368774414,121.29000091552734,82.5306625366211,77.3516845703125,32.95322799682617,77.20012664794922
2014-02-06,57.51401901245117,121.23999786376953,82.54541778564453,77.01964569091797,33.529884338378906,78.17019653320312
2014-02-07,57.585018157958984,122.16999816894531,82.78144073486328,77.08458709716797,33.91897201538086,79.24803924560547
2014-02-10,57.62051773071289,122.91999816894531,82.85519409179688,77.30113220214844,33.745269775390625,79.54444122314453
2014-02-11,57.4998779296875,124.36000061035156,82.58966827392578,76.8536148071289,34.32887649536133,80.34384155273438
2014-02-12,57.40047073364258,124.43000030517578,82.38311004638672,76.45660400390625,34.356685638427734,80.61331176757812
2014-02-13,57.542449951171875,125.48999786376953,82.66344451904297,76.88970184326172,34.44699478149414,81.35880279541016
2014-02-14,57.52114486694336,127.1500015258789,82.4937515258789,76.93302154541016,34.6068000793457,81.57435607910156
2014-02-18,57.5992317199707,127.4000015258789,82.64865112304688,77.10630798339844,34.82912063598633,81.88873291015625
2014-02-19,57.549564361572266,126.2699966430664,82.48638916015625,76.7814712524414,34.55816650390625,81.43962860107422
2014-02-20,57.542449951171875,127.5999984741211,82.23561096191406,76.59379577636719,34.70405960083008,81.81687927246094
2014-02-21,57.585018157958984,127.58000183105469,82.38311004638672,76.99797821044922,34.780494689941406,81.60131072998047
2014-02-24,57.570831298828125,128.99000549316406,82.38311004638672,76.8030776977539,35.044490814208984,82.04142761230469
2014-02-25,57.684326171875,129.2100067138672,82.70030212402344,77.48884582519531,34.91250228881836,81.83484649658203
2014-02-26,57.80497360229492,128.11000061035156,82.89205932617188,77.90031433105469,34.801326751708984,82.04142761230469
2014-02-27,57.87598419189453,128.1999969482422,83.01007080078125,78.32618713378906,35.009761810302734,82.6521987915039
2014-02-28,57.83338928222656,127.62000274658203,83.12813568115234,78.36946105957031,35.0722770690918,82.35580444335938
2014-03-03,57.955692291259766,130.2899932861328,83.51165008544922,78.89263153076172,34.38447189331055,81.74503326416016
2014-03-04,57.756595611572266,128.67999267578125,82.97321319580078,77.7059555053711,34.99588394165039,83.0923080444336
2014-03-05,57.83479690551758,128.88999938964844,83.09126281738281,77.8723373413086,34.961124420166016,83.26298522949219
2014-03-06,57.69258499145508,130.1699981689453,82.88470458984375,77.1053237915039,35.3502082824707,83.2091064453125
2014-03-07,57.521888732910156,129.08999633789062,82.70771026611328,76.62055969238281,35.11397171020508,82.96659851074219
2014-03-10,57.557430267333984,129.1300048828125,82.74457550048828,76.72908020019531,34.91250228881836,82.7599868774414
2014-03-11,57.55034255981445,129.86000061035156,82.72245025634766,76.93171691894531,34.64847183227539,82.46359252929688
2014-03-12,57.6712760925293,131.75999450683594,82.89942169189453,77.4671630859375,34.57206344604492,82.73302459716797
2014-03-13,57.84189987182617,132.2100067138672,83.2387924194336,78.50909423828125,34.009300231933594,81.41270446777344
2014-03-14,57.80634307861328,133.10000610351562,83.22396850585938,78.52359008789062,33.98149490356445,80.9995346069336
2014-03-17,57.72813034057617,131.63999938964844,83.0322036743164,77.93746948242188,34.32193374633789,81.92467498779297
2014-03-18,57.79218673706055,130.6199951171875,83.19449615478516,78.21968841552734,34.55816650390625,83.13724517822266
2014-03-19,57.521888732910156,128.08999633789062,82.4273681640625,77.61186981201172,34.120452880859375,82.72405242919922
2014-03-20,57.472137451171875,127.86000061035156,82.16922760009766,77.47438049316406,34.04401779174805,83.18212890625
2014-03-21,57.635650634765625,128.47000122070312,82.4790267944336,78.31375885009766,34.01622009277344,82.71507263183594
2014-03-24,57.64279556274414,126.18000030517578,82.58230590820312,78.87089538574219,34.1135139465332,82.27495574951172
2014-03-25,57.62860107421875,126.41000366210938,82.56015014648438,78.57420349121094,34.48051071166992,82.72405242919922
2014-03-26,57.78499984741211,125.41000366210938,82.84779357910156,79.18924713134766,34.50852966308594,81.5204849243164
2014-03-27,57.84189987182617,124.58999633789062,82.87728881835938,79.58720397949219,34.74665451049805,81.05342102050781
2014-03-28,57.7352409362793,124.55999755859375,82.67083740234375,79.13860321044922,34.984798431396484,81.3498306274414
2014-03-31,57.7352409362793,123.61000061035156,82.685546875,78.9432601928711,35.2369384765625,82.21208190917969
2014-04-01,57.67110061645508,123.38999938964844,82.39788818359375,78.2685775756836,35.46807098388672,83.30790710449219
2014-04-02,57.557064056396484,124.31999969482422,82.21349334716797,77.81885528564453,35.566123962402344,83.34380340576172
2014-04-03,57.60693359375,123.91999816894531,82.30937957763672,78.1597671508789,35.426029205322266,82.66117095947266
2014-04-04,57.77802276611328,125.56999969482422,82.685546875,78.68212890625,35.32099151611328,80.78392791748047
2014-04-07,57.88491439819336,124.91000366210938,82.81095886230469,79.15365600585938,35.20891571044922,80.0384292602539
2014-04-08,57.9277458190918,126.08999633789062,82.85519409179688,79.34224700927734,35.34199905395508,80.7480239868164
2014-04-09,57.91344451904297,126.31999969482422,82.9142074584961,78.95053100585938,35.73421859741211,82.05040740966797
2014-04-10,58.091644287109375,127.01000213623047,83.20186614990234,79.6832275390625,35.124874114990234,79.88574981689453
2014-04-11,58.127296447753906,126.93000030517578,83.41576385498047,80.3288803100586,34.9918098449707,78.83486938476562
2014-04-14,58.12013626098633,127.8499984741211,83.2535400390625,80.11849975585938,35.13187789916992,79.56243133544922
2014-04-15,58.14866638183594,125.48999786376953,83.46006774902344,80.61903381347656,34.956787109375,79.98455047607422
2014-04-16,58.11304473876953,125.54000091552734,83.51165008544922,80.72061157226562,35.35599899291992,80.80191802978516
2014-04-17,57.963348388671875,124.75,83.40840148925781,79.83556365966797,35.5170783996582,80.71212005615234
2014-04-21,57.97758102416992,124.23999786376953,83.40840148925781,79.77030181884766,35.53110122680664,81.05342102050781
2014-04-22,57.97758102416992,123.77999877929688,83.40840148925781,80.0386962890625,35.62214279174805,81.57435607910156
2014-04-23,58.07023239135742,123.76000213623047,83.6665267944336,80.49571228027344,35.5170783996582,80.83783721923828
2014-04-24,58.084503173828125,124.55999755859375,83.71818542480469,80.64808654785156,35.5170783996582,81.43962860107422
2014-04-25,58.10586929321289,125.43000030517578,83.75507354736328,80.76411437988281,35.31397247314453,80.13724517822266
2014-04-28,58.041778564453125,124.87999725341797,83.50426483154297,80.3724365234375,35.426029205322266,80.59534454345703
2014-04-29,58.07023239135742,124.86000061035156,83.45269012451172,80.26356506347656,35.65017318725586,81.20610809326172
2014-04-30,58.19854736328125,124.22000122070312,83.7771987915039,80.59730529785156,35.75522994995117,81.49353790283203
2014-05-01,58.340003967285156,123.80000305175781,84.0788345336914,81.4619140625,35.83226776123047,81.46656799316406
2014-05-02,58.40428924560547,125.05999755859375,84.30062103271484,81.96369934082031,35.83927536010742,81.32286834716797
2014-05-05,58.340003967285156,126.22000122070312,84.1231689453125,81.46922302246094,35.76923751831055,81.60131072998047
2014-05-06,58.39714813232422,125.9800033569336,84.0936050415039,81.7964096069336,35.76223373413086,80.63125610351562
2014-05-07,58.42571258544922,124.16999816894531,84.1453628540039,81.50553131103516,35.83927536010742,80.37081909179688
2014-05-08,58.45432662963867,124.16999816894531,84.26366424560547,81.15653228759766,35.84629440307617,80.40669250488281
2014-05-09,58.38286209106445,124.0999984741211,84.21192169189453,80.89472198486328,35.797245025634766,80.59534454345703
2014-05-12,58.32571029663086,124.94000244140625,83.98275756835938,80.56751251220703,36.084415435791016,81.942626953125
2014-05-13,58.43288040161133,124.5999984741211,84.19712829589844,81.26558685302734,36.12644577026367,81.92467498779297
2014-05-14,58.58287811279297,125.80999755859375,84.67767333984375,82.1454849243164,36.14045715332031,81.3677978515625
2014-05-15,58.69003677368164,124.7699966430664,85.06946563720703,82.79996490478516,35.96535110473633,80.80191802978516
2014-05-16,58.69003677368164,124.5,84.98078155517578,82.56731414794922,36.10543441772461,81.32286834716797
2014-05-19,58.6685905456543,124.58000183105469,84.72938537597656,81.95642852783203,36.06340026855469,82.08637237548828
2014-05-20,58.6971549987793,124.69000244140625,84.89205932617188,82.13822937011719,35.80426025390625,81.5833740234375
2014-05-21,58.64713668823242,124.38999938964844,84.84032440185547,81.63648986816406,36.05640411376953,82.23006439208984
2014-05-22,58.6114387512207,124.66999816894531,84.973388671875,81.52008056640625,36.20348358154297,82.46359252929688
2014-05-23,58.6685905456543,124.51000213623047,85.1729965209961,81.95642852783203,36.29453659057617,83.22706604003906
2014-05-27,58.72572326660156,121.8499984741211,85.2247314453125,82.4364013671875,36.420597076416016,84.1521987915039
2014-05-28,58.91864013671875,121.19999694824219,85.69044494628906,83.4544906616211,36.3155517578125,83.90069580078125
2014-05-29,58.86861038208008,120.94000244140625,85.65348815917969,83.01087188720703,36.50465774536133,84.4216537475586
2014-05-30,58.81147003173828,120.43000030517578,85.45388793945312,82.97454833984375,36.44161605834961,84.29592895507812
2014-06-02,58.66755676269531,119.69999694824219,85.10816192626953,82.35769653320312,36.56068801879883,84.11626434326172
2014-06-03,58.52440643310547,120.01000213623047,84.6100082397461,81.34429931640625,36.532676696777344,84.04442596435547
2014-06-04,58.53157424926758,119.76000213623047,84.386962890625,81.32241821289062,36.51165771484375,84.28691864013672
2014-06-05,58.59595489501953,120.66000366210938,84.60256958007812,81.35890197753906,36.72176742553711,85.0503921508789
2014-06-06,58.58881378173828,120.61000061035156,84.60256958007812,81.35890197753906,36.938907623291016,85.49949645996094
2014-06-09,58.5387077331543,120.6500015258789,84.59516143798828,81.24223327636719,36.98793029785156,85.76895904541016
2014-06-10,58.424163818359375,121.38999938964844,84.4538803100586,80.94328308105469,36.966915130615234,85.93062591552734
2014-06-11,58.44565200805664,121.41000366210938,84.53565979003906,81.08912658691406,36.81983947753906,85.8408432006836
2014-06-12,58.59595489501953,122.63999938964844,84.78845977783203,81.81086730957031,36.80582809448242,85.10430908203125
2014-06-13,58.581695556640625,122.95999908447266,84.64717102050781,81.76716613769531,36.84784698486328,85.6432113647461
2014-06-16,58.56734085083008,122.41999816894531,84.72901153564453,81.97134399414062,36.826847076416016,85.75994873046875
2014-06-17,58.43128967285156,122.27999877929688,84.6100082397461,81.32241821289062,36.74279022216797,86.08333587646484
2014-06-18,58.581695556640625,122.66999816894531,85.02640533447266,81.949462890625,37.099998474121094,86.48751068115234
2014-06-19,58.53157424926758,126.94000244140625,84.90742492675781,80.8995361328125,37.21205139160156,86.26297760009766
2014-06-20,58.56734085083008,126.5,85.21971130371094,81.51197052001953,37.15602493286133,86.11027526855469
2014-06-23,58.54584884643555,126.8499984741211,85.14537811279297,81.25676727294922,37.08598327636719,86.33483123779297
2014-06-24,58.65324401855469,126.9800033569336,85.53199005126953,82.0806884765625,36.8734130859375,85.81388092041016
2014-06-25,58.73196792602539,126.98999786376953,85.56912231445312,82.2921371459961,36.908843994140625,86.32584381103516
2014-06-26,58.81072235107422,126.7300033569336,85.73271179199219,82.6858139038086,36.95136642456055,86.18212890625
2014-06-27,58.81072235107422,126.66000366210938,85.76246643066406,82.56188201904297,37.00804138183594,86.66715240478516
2014-06-30,58.860843658447266,128.0399932861328,85.7699203491211,82.76599884033203,37.05055236816406,86.9366226196289
2014-07-01,58.74751663208008,127.69999694824219,85.42984771728516,82.07305145263672,37.37649154663086,87.88871765136719
2014-07-02,58.58966064453125,127.69999694824219,85.02716827392578,81.1959457397461,37.433170318603516,87.8348159790039
2014-07-03,58.5179443359375,127.16000366210938,85.09425354003906,80.90351867675781,37.58905792236328,88.23898315429688
2014-07-07,58.58966064453125,127.0199966430664,85.25833892822266,81.49562072753906,37.34814453125,88.05937194824219
2014-07-08,58.69727325439453,127.06999969482422,85.53423309326172,82.40930938720703,37.0434684753418,87.01741790771484
2014-07-09,58.75467300415039,127.83999633789062,85.74300384521484,82.47510528564453,37.14976119995117,87.39471435546875
2014-07-10,58.769073486328125,128.5399932861328,85.84748840332031,82.49698638916016,36.79547882080078,87.08032989501953
2014-07-11,58.8550910949707,128.77999877929688,85.97425842285156,83.02332305908203,36.80257034301758,87.36775207519531
2014-07-14,58.769073486328125,125.72000122070312,85.802734375,82.66510009765625,37.07890319824219,88.0413818359375
2014-07-15,58.725990295410156,124.52999877929688,85.61626434326172,82.49698638916016,36.95136642456055,87.78092956542969
2014-07-16,58.74751663208008,124.97000122070312,85.5938949584961,82.93563079833984,37.21352767944336,88.43659973144531
2014-07-17,58.905338287353516,127.08999633789062,86.13080596923828,83.98084259033203,36.717529296875,87.2958984375
2014-07-18,58.905338287353516,126.12999725341797,85.96674346923828,83.71044921875,37.07890319824219,88.47252655029297
2014-07-21,58.905338287353516,126.33999633789062,86.12335968017578,84.1270523071289,36.993873596191406,88.42762756347656
2014-07-22,58.9842414855957,125.73999786376953,86.04877471923828,84.30250549316406,37.20643615722656,89.20905303955078
2014-07-23,58.955543518066406,125.62000274658203,86.04132080078125,84.19284057617188,37.27730178833008,89.2629623413086
2014-07-24,58.84074783325195,124.3499984741211,85.88471221923828,83.56422424316406,37.333980560302734,89.34378814697266
2014-07-25,58.94835662841797,125.79000091552734,86.25758361816406,84.55101013183594,37.19935989379883,89.04737854003906
2014-07-28,58.93402099609375,125.58000183105469,86.16065216064453,84.43406677246094,37.29147720336914,89.16413116455078
2014-07-29,58.9842414855957,125.19999694824219,86.28741455078125,84.74107360839844,37.121402740478516,88.82283020019531
2014-07-30,58.76184844970703,124.83000183105469,85.72069549560547,83.56422424316406,37.14976119995117,89.20008850097656
2014-07-31,58.69727325439453,123.38999938964844,85.69084167480469,83.31568908691406,36.50497055053711,87.38571166992188
2014-08-01,58.89287185668945,124.37999725341797,86.0169677734375,83.96058654785156,36.34199523925781,87.00846862792969
2014-08-04,58.971927642822266,123.98999786376953,85.88980865478516,83.74079895019531,36.547489166259766,87.61024475097656
2014-08-05,58.89287185668945,123.87000274658203,85.98704528808594,84.01194763183594,36.086917877197266,86.96353149414062
2014-08-06,58.95754623413086,125.66999816894531,85.99455261230469,84.06321716308594,36.01607131958008,86.81985473632812
2014-08-07,59.086952209472656,126.18000030517578,86.36854553222656,84.84745788574219,35.7538948059082,86.49649810791016
2014-08-08,59.043785095214844,126.19000244140625,86.29373931884766,84.66423797607422,35.98063659667969,87.07131958007812
2014-08-11,59.072532653808594,125.95999908447266,86.30123138427734,84.65689849853516,36.143611907958984,87.6551513671875
2014-08-12,59.022247314453125,125.98999786376953,86.03943634033203,84.10723114013672,36.115257263183594,87.45757293701172
2014-08-13,59.13008499145508,126.19999694824219,86.28628540039062,84.65689849853516,36.320735931396484,88.40966033935547
2014-08-14,59.1876220703125,126.30999755859375,86.37606048583984,85.33848571777344,36.47661590576172,88.53541564941406
2014-08-15,59.295440673828125,125.4800033569336,86.58547973632812,86.26924896240234,36.483726501464844,88.63421630859375
2014-08-18,59.17318344116211,124.95999908447266,86.2488784790039,85.4117660522461,36.7246208190918,89.5414047241211
2014-08-19,59.1660041809082,124.68000030517578,86.0918197631836,85.14793395996094,36.816741943359375,90.22400665283203
2014-08-20,59.079742431640625,124.22000122070312,85.83747863769531,85.00871276855469,36.731712341308594,90.24197387695312
2014-08-21,59.14443588256836,122.87999725341797,86.00202178955078,85.48507690429688,36.82381820678711,90.6731185913086
2014-08-22,59.14443588256836,123.19000244140625,85.96463012695312,85.9614486694336,36.660850524902344,90.72705078125
2014-08-25,59.1660041809082,122.73999786376953,86.06937408447266,86.2839126586914,36.91591262817383,90.73600006103516
2014-08-26,59.19475555419922,123.3499984741211,86.00202178955078,86.00542449951172,36.958457946777344,90.92462921142578
2014-08-27,59.28828430175781,123.31999969482422,86.15910339355469,86.73828887939453,37.05764389038086,90.75395202636719
2014-08-28,59.36735153198242,124.0,86.29373931884766,87.19273376464844,36.852149963378906,90.56534576416016
2014-08-29,59.36735153198242,123.86000061035156,86.2114486694336,87.2513656616211,36.8734130859375,91.10425567626953
2014-09-02,59.16486358642578,121.6500015258789,85.74988555908203,85.74616241455078,36.91591262817383,91.31085205078125
2014-09-03,59.26569366455078,122.1500015258789,85.90725708007812,86.22372436523438,37.26313018798828,90.7180404663086
2014-09-04,59.16486358642578,121.4800033569336,85.58505249023438,85.17327117919922,37.0363883972168,90.60127258300781
2014-09-05,59.14323043823242,122.05999755859375,85.49512481689453,85.01164245605469,37.11432647705078,91.11324310302734
2014-09-08,59.10002517700195,120.7300033569336,85.28536224365234,85.04843139648438,36.717529296875,91.34677124023438
2014-09-09,58.999168395996094,120.87000274658203,85.03805541992188,84.98225402832031,36.575828552246094,90.62821960449219
2014-09-10,58.89104080200195,120.26000213623047,84.71588897705078,84.44603729248047,36.69627380371094,91.38270568847656
2014-09-11,58.84788131713867,119.47000122070312,84.75332641601562,84.16690826416016,36.483726501464844,91.52638244628906
2014-09-12,58.75422668457031,118.37999725341797,84.4161605834961,83.28543090820312,36.34907913208008,91.11324310302734
2014-09-15,58.78299331665039,118.63999938964844,84.5135498046875,83.41029357910156,36.271141052246094,90.32281494140625
2014-09-16,58.761417388916016,118.83000183105469,84.49108123779297,83.0723876953125,36.45537185668945,90.96056365966797
2014-09-17,58.689369201660156,117.54000091552734,83.92159271240234,82.85936737060547,36.207374572753906,91.0772933959961
2014-09-18,58.69657897949219,117.77999877929688,83.70431518554688,83.12378692626953,36.45537185668945,91.70604705810547
2014-09-19,58.81903076171875,117.08999633789062,83.95159149169922,84.18159484863281,36.214454650878906,91.31085205078125
2014-09-22,58.89104080200195,116.8499984741211,83.89164733886719,84.28443145751953,36.001888275146484,90.49348449707031
2014-09-23,58.91986846923828,117.5999984741211,84.2063217163086,84.8060302734375,35.73971939086914,90.21503448486328
2014-09-24,58.883914947509766,117.05000305175781,84.13136291503906,84.33584594726562,35.94487762451172,90.87969970703125
2014-09-25,59.0279655456543,117.38999938964844,84.43861389160156,85.33489227294922,35.353633880615234,88.8408203125
2014-09-26,58.97031784057617,117.05999755859375,84.00402069091797,85.20999145507812,35.524600982666016,89.89167022705078
2014-09-29,59.0423698425293,117.02999877929688,84.0639877319336,85.89312744140625,35.16842269897461,89.8018569946289
2014-09-30,59.0279655456543,116.20999908447266,83.97406005859375,85.40827941894531,35.0758171081543,89.89167022705078
2014-10-01,59.281349182128906,116.7699966430664,84.5735092163086,87.06449127197266,34.6341552734375,88.40966033935547
2014-10-02,59.2380256652832,116.73999786376953,84.36371612548828,86.3060073852539,34.39909362792969,88.44561004638672
2014-10-03,59.20196533203125,114.61000061035156,84.22882080078125,86.67418670654297,34.43470764160156,89.23600006103516
2014-10-06,59.339111328125,116.02999877929688,84.30376434326172,86.7257308959961,34.712520599365234,89.11024475097656
2014-10-07,59.49069595336914,116.36000061035156,84.6559066772461,87.89659881591797,34.21387481689453,87.60127258300781
2014-10-08,59.64957809448242,117.47000122070312,85.12049865722656,87.91868591308594,34.755271911621094,89.25395965576172
2014-10-09,59.55564498901367,117.63999938964844,85.03060150146484,87.53579711914062,33.87907791137695,87.7000732421875
2014-10-10,59.60620880126953,117.58999633789062,85.26285552978516,88.40475463867188,33.351951599121094,85.06836700439453
2014-10-13,59.77947998046875,118.5199966430664,85.66000366210938,88.94229125976562,33.38756561279297,84.01747131347656
2014-10-14,59.85887145996094,118.58999633789062,85.45769500732422,89.5240707397461,33.43742752075195,84.31387329101562
2014-10-15,59.996002197265625,118.98999786376953,85.55509948730469,90.23101043701172,33.209468841552734,83.9994888305664
2014-10-16,59.89494323730469,119.22000122070312,85.4501953125,89.65656280517578,33.002899169921875,83.63121032714844
2014-10-17,59.85161590576172,118.98999786376953,85.42021179199219,89.15584564208984,33.458797454833984,84.55641174316406
2014-10-20,59.90219497680664,119.80000305175781,85.4501953125,89.47986602783203,33.644004821777344,85.14922332763672
2014-10-21,59.8155517578125,120.0199966430664,85.27783966064453,88.76557159423828,34.01443099975586,87.01741790771484
2014-10-22,59.80112075805664,119.33999633789062,85.24036407470703,88.861328125,33.73660659790039,86.36177062988281
2014-10-23,59.62068557739258,118.5199966430664,84.93317413330078,88.07337188720703,34.00017547607422,87.73601531982422
2014-10-24,59.67116928100586,118.3499984741211,84.88819885253906,88.1617431640625,34.22812271118164,88.41864776611328
2014-10-27,59.64957809448242,118.05999755859375,84.84331512451172,88.32376098632812,34.04292678833008,88.40966033935547
2014-10-28,59.61346435546875,118.0999984741211,84.8057861328125,87.77143096923828,34.54869079589844,89.86475372314453
2014-10-29,59.51237869262695,116.41000366210938,84.69342041015625,87.9702377319336,34.34923553466797,89.62224578857422
2014-10-30,59.55564498901367,115.19000244140625,84.66345977783203,88.04391479492188,34.57719039916992,89.99049377441406
2014-10-31,59.45461654663086,112.66000366210938,84.73085021972656,87.81560516357422,35.14704513549805,91.60722351074219
2014-11-03,59.4278450012207,112.1500015258789,84.73085021972656,87.81559753417969,34.812252044677734,91.97550201416016
2014-11-04,59.413360595703125,112.22000122070312,84.70085906982422,88.08875274658203,34.6341552734375,92.03836822509766
2014-11-05,59.485721588134766,109.79000091552734,84.7833251953125,87.9632568359375,34.662654876708984,92.23600769042969
2014-11-06,59.34824752807617,109.87999725341797,84.64095306396484,87.39484405517578,34.3919792175293,92.31681823730469
2014-11-07,59.55083084106445,112.97000122070312,85.13546752929688,88.39877319335938,34.47032165527344,92.3078384399414
2014-11-10,59.4278450012207,110.45999908447266,84.83572387695312,87.5867691040039,34.60567855834961,92.6222152709961
2014-11-11,59.4567985534668,112.04000091552734,84.8207778930664,87.64581298828125,34.76950454711914,92.72997283935547
2014-11-12,59.449527740478516,111.5,84.70085906982422,87.5719985961914,34.570045471191406,92.98146057128906
2014-11-13,59.492950439453125,111.66999816894531,84.60346221923828,87.77873992919922,34.6341552734375,93.2868881225586
2014-11-14,59.507408142089844,114.47000122070312,84.8207778930664,88.20682525634766,34.76239013671875,93.94256591796875
2014-11-17,59.507408142089844,114.05000305175781,84.52857208251953,87.98538208007812,34.570045471191406,93.61023712158203
2014-11-18,59.59423828125,115.05000305175781,84.60346221923828,88.22899627685547,34.883480072021484,94.14013671875
2014-11-19,59.44228744506836,113.68000030517578,84.24380493164062,87.66795349121094,34.840755462646484,93.46652221679688
2014-11-20,59.51464080810547,114.86000061035156,84.46113586425781,88.12562561035156,34.719635009765625,94.08627319335938
2014-11-21,59.64486312866211,115.38999938964844,84.71588897705078,88.65709686279297,35.154170989990234,94.31082916259766
2014-11-24,59.65212631225586,115.11000061035156,84.7833251953125,88.73095703125,35.20404052734375,95.02937316894531
2014-11-25,59.7606086730957,115.37999725341797,84.85822296142578,89.46917724609375,35.23965072631836,95.09226989746094
2014-11-26,59.84739685058594,115.16000366210938,84.90324401855469,89.71278381347656,35.41061782836914,95.91858673095703
2014-11-28,59.948707580566406,112.11000061035156,84.86573791503906,90.42145538330078,35.033077239990234,96.17906951904297
2014-12-01,59.85883331298828,116.58000183105469,84.66334533691406,89.89390563964844,34.86211013793945,95.0024185180664
2014-12-02,59.728309631347656,115.13999938964844,84.18350219726562,89.02085876464844,34.93336486816406,95.3257827758789
2014-12-03,59.71385192871094,116.33000183105469,84.28844451904297,89.36860656738281,34.93336486816406,95.8198013305664
2014-12-04,59.815345764160156,115.87999725341797,84.45339965820312,90.11587524414062,34.82650375366211,95.87367248535156
2014-12-05,59.6413459777832,114.43000030517578,83.96610260009766,89.59056854248047,34.85498809814453,95.90960693359375
2014-12-08,59.76457595825195,115.77999877929688,84.03353881835938,90.68556213378906,34.477447509765625,94.63417053222656
2014-12-09,59.786338806152344,118.19000244140625,84.39340209960938,91.15167236328125,34.30649185180664,95.17308044433594
2014-12-10,59.945770263671875,117.95999908447266,84.5658187866211,91.81755065917969,33.79359436035156,93.61921691894531
2014-12-11,59.88780975341797,117.69000244140625,84.45339965820312,92.19483947753906,33.71523666381836,94.0772705078125
2014-12-12,60.09077072143555,117.41000366210938,84.55085754394531,93.44529724121094,33.14535903930664,92.65815734863281
2014-12-15,59.98202896118164,114.38999938964844,84.22097778320312,93.25292205810547,32.589744567871094,92.03836822509766
2014-12-16,60.11975860595703,114.94999694824219,84.74577331542969,94.40708923339844,32.753578186035156,90.7809066772461
2014-12-17,59.974788665771484,114.2699966430664,84.34843444824219,93.55625915527344,33.252220153808594,92.65815734863281
2014-12-18,59.880558013916016,115.1500015258789,83.816162109375,91.89151000976562,33.83634567260742,94.26590728759766
2014-12-19,60.01104736328125,114.7699966430664,84.2284927368164,93.12713623046875,33.88621139526367,94.41860961914062
2014-12-22,59.98202896118164,112.55000305175781,84.3109359741211,93.25292205810547,34.05781936645508,95.42459869384766
2014-12-23,59.72061538696289,112.73999786376953,83.70372009277344,91.40324401855469,33.99318313598633,95.65811920166016
2014-12-24,59.742454528808594,112.7699966430664,83.61373138427734,91.90077209472656,34.079368591308594,95.65811920166016
2014-12-26,59.79343032836914,114.83000183105469,83.64371490478516,92.2418441772461,34.23734664916992,96.00841522216797
2014-12-29,59.8953971862793,113.66999816894531,83.77119445800781,92.93133544921875,34.04345703125,95.48745727539062
2014-12-30,59.93905258178711,115.19999694824219,83.74868774414062,93.18343353271484,33.79932403564453,94.88566589355469
2014-12-31,59.98278045654297,113.58000183105469,83.9736099243164,93.36141204833984,33.648529052734375,93.8437728881836
2015-01-02,60.186676025390625,114.08000183105469,84.51335144042969,94.39934539794922,33.5192756652832,93.62818908691406
2015-01-05,60.36145782470703,115.80000305175781,84.58084106445312,95.8823013305664,32.7796630859375,92.02041625976562
2015-01-06,60.53620910644531,117.12000274658203,84.58833312988281,97.60978698730469,32.48526382446289,90.83480072021484
2015-01-07,60.57261657714844,116.43000030517578,84.65577697753906,97.41702270507812,32.84429168701172,91.64317321777344
2015-01-08,60.477928161621094,115.94000244140625,84.52085876464844,96.12690734863281,33.303863525390625,93.70904541015625
2015-01-09,60.57992935180664,117.26000213623047,84.77578735351562,97.1798095703125,33.117149353027344,93.46652221679688
2015-01-12,60.660011291503906,118.55999755859375,84.75328063964844,97.73580932617188,32.98073196411133,92.28091430664062
2015-01-13,60.718238830566406,118.16000366210938,84.61832427978516,97.73580932617188,33.160255432128906,92.26294708251953
2015-01-14,60.85662078857422,117.97000122070312,85.1206283569336,98.47726440429688,33.0309944152832,91.70604705810547
2015-01-15,61.126060485839844,120.94000244140625,85.79537963867188,100.02689361572266,33.239234924316406,90.30487060546875
2015-01-16,60.944007873535156,122.5199966430664,85.31550598144531,98.7516098022461,33.605438232421875,91.1940689086914
2015-01-20,60.878475189208984,124.19999694824219,85.51797485351562,100.06391906738281,33.6413459777832,91.876708984375
2015-01-21,60.76192855834961,124.2300033569336,85.16563415527344,98.90731048583984,33.97165298461914,92.04735565185547
2015-01-22,60.77650833129883,125.2300033569336,85.18807983398438,98.55140686035156,34.215789794921875,93.78985595703125
2015-01-23,60.9731330871582,124.2300033569336,85.70536041259766,99.92304992675781,34.01475143432617,94.05036163330078
2015-01-26,60.90030288696289,122.98999786376953,85.56292724609375,99.61913299560547,34.34504318237305,93.77191925048828
2015-01-27,60.93672180175781,124.4000015258789,85.8328628540039,99.77481079101562,34.33068084716797,91.059326171875
2015-01-28,61.155235290527344,123.41999816894531,86.16268920898438,101.40587615966797,33.85676193237305,90.9335708618164
2015-01-29,61.089664459228516,120.76000213623047,86.06523895263672,100.73863220214844,34.187076568603516,91.82280731201172
2015-01-30,61.424652099609375,123.44999694824219,86.6874771118164,102.52550506591797,33.6413459777832,90.54735565185547
2015-02-02,61.351646423339844,122.41999816894531,86.62755584716797,102.13838958740234,34.09373092651367,91.3377914428711
2015-02-03,61.16195297241211,121.05000305175781,86.23019409179688,99.97652435302734,34.62510299682617,92.469482421875
2015-02-04,61.183837890625,121.58000183105469,86.41011047363281,100.14736938476562,34.34504318237305,92.61321258544922
2015-02-05,61.052494049072266,121.79000091552734,86.03526306152344,99.04788970947266,34.768714904785156,93.55635833740234
2015-02-06,60.658447265625,118.63999938964844,85.36051940917969,97.29452514648438,34.30913543701172,93.17909240722656
2015-02-09,60.636573791503906,119.16999816894531,85.2105712890625,97.13854217529297,34.215789794921875,92.96353912353516
2015-02-10,60.52706527709961,118.47000122070312,84.92572021484375,96.3658218383789,34.43122100830078,94.36473846435547
2015-02-11,60.52706527709961,117.06999969482422,84.76830291748047,96.54414367675781,34.23734664916992,94.75992584228516
2015-02-12,60.55628967285156,117.33999633789062,84.6333236694336,96.22466278076172,34.804603576660156,96.25988006591797
2015-02-13,60.41770553588867,117.9800033569336,84.46089172363281,95.23662567138672,35.048744201660156,97.04136657714844
2015-02-17,60.176902770996094,116.01000213623047,84.03353881835938,93.80268859863281,35.142093658447266,97.08627319335938
2015-02-18,60.34469985961914,116.33999633789062,84.38594055175781,94.35991668701172,35.28570556640625,97.26590728759766
2015-02-19,60.29364013671875,115.94000244140625,84.31844329833984,93.73583984375,35.256988525390625,97.65213775634766
2015-02-20,60.308223724365234,115.27999877929688,84.32598114013672,94.01074981689453,35.57293701171875,98.27188110351562
2015-02-23,60.43224334716797,115.43000030517578,84.48336791992188,95.08798217773438,35.39342498779297,98.27188110351562
2015-02-24,60.68034744262695,115.26000213623047,84.99317932128906,96.33612060546875,35.65193176269531,98.5143814086914
2015-02-25,60.738739013671875,115.69999694824219,85.1356201171875,96.75215911865234,35.67346954345703,98.01139831542969
2015-02-26,60.57093048095703,116.06999969482422,85.07562255859375,95.42974853515625,35.594482421875,98.61317443847656
2015-02-27,60.621944427490234,116.16000366210938,85.5704345703125,96.23209381103516,35.60883712768555,98.09223175048828
2015-03-02,60.42605972290039,115.68000030517578,84.87324523925781,94.43962097167969,35.63037109375,99.01737213134766
2015-03-03,60.35293960571289,115.47000122070312,84.99317932128906,94.09720611572266,35.41496658325195,98.25392150878906
2015-03-04,60.35293960571289,115.11000061035156,85.07562255859375,94.12702178955078,35.26416778564453,97.92156982421875
2015-03-05,60.38949966430664,115.0,84.92572021484375,94.0079116821289,35.27853012084961,97.88565063476562
2015-03-06,60.03852844238281,111.86000061035156,83.94356536865234,91.93106842041016,34.804603576660156,96.7808609008789
2015-03-09,60.11164093017578,111.97000122070312,83.816162109375,92.77965545654297,34.818965911865234,97.18506622314453
2015-03-10,60.34560775756836,111.41999816894531,83.91361236572266,94.00043487548828,34.072181701660156,95.26292419433594
2015-03-11,60.41144943237305,110.75,84.05607604980469,94.68524169921875,34.17271423339844,94.7419662475586
2015-03-12,60.455299377441406,110.72000122070312,83.86863708496094,94.61825561523438,34.55329132080078,95.30783081054688
2015-03-13,60.396820068359375,110.87999725341797,83.59876251220703,94.32796478271484,34.31632995605469,94.82278442382812
2015-03-16,60.513771057128906,110.80999755859375,83.71867370605469,95.23612213134766,34.704078674316406,95.96349334716797
2015-03-17,60.564979553222656,110.20999908447266,83.80116271972656,96.02518463134766,34.68254089355469,96.06231689453125
2015-03-18,60.93783950805664,112.37000274658203,85.08311462402344,97.878662109375,35.41496658325195,97.22098541259766
2015-03-19,60.75504684448242,112.29000091552734,85.03067779541016,97.37991333007812,34.96976089477539,97.14015197753906
2015-03-20,60.915855407714844,113.56999969482422,85.28556823730469,97.89359283447266,35.67346954345703,97.697021484375
2015-03-23,60.94513702392578,114.29000091552734,85.24807739257812,97.77447509765625,35.82426834106445,97.72398376464844
2015-03-24,61.0474853515625,114.56999969482422,85.66043090820312,98.71980285644531,35.795536041259766,97.45454406738281
2015-03-25,60.95240020751953,114.7300033569336,85.63790130615234,97.8861083984375,35.54484176635742,94.77787780761719
2015-03-26,60.75504684448242,115.4800033569336,85.18061065673828,96.36014556884766,35.263885498046875,94.84077453613281
2015-03-27,60.81352996826172,115.05999755859375,85.21808624267578,97.55858612060547,35.321502685546875,95.07427978515625
2015-03-30,60.886627197265625,113.75,84.96319580078125,97.07470703125,35.46558380126953,96.15213775634766
2015-03-31,60.95240020751953,113.66000366210938,85.15808868408203,97.28314971923828,35.10539245605469,95.67607879638672
2015-04-01,61.19498062133789,115.5999984741211,85.81785583496094,98.56095886230469,35.371944427490234,94.91261291503906
2015-04-02,61.114376068115234,115.27999877929688,85.50296020507812,97.51666259765625,35.67450714111328,94.90367889404297
2015-04-06,61.165679931640625,116.69000244140625,85.84034729003906,96.97212982177734,36.063541412353516,95.7928695678711
2015-04-07,61.20235061645508,116.11000061035156,86.02776336669922,97.7851791381836,36.02031326293945,95.6850814819336
2015-04-08,61.15831756591797,115.47000122070312,85.81785583496094,97.81501770019531,36.301265716552734,96.0263671875
2015-04-09,61.02641296386719,114.66999816894531,85.5104751586914,96.54693603515625,36.445343017578125,96.42158508300781
2015-04-10,60.997154235839844,115.97000122070312,85.42800903320312,96.68865966796875,36.51018142700195,96.84375
2015-04-13,61.011844635009766,115.13999938964844,85.45049285888672,96.82291412353516,36.301265716552734,96.43952178955078
2015-04-14,61.12173080444336,114.44000244140625,85.67539978027344,97.50924682617188,36.58222198486328,96.08924102783203
2015-04-15,61.1802978515625,115.43000030517578,85.93778228759766,97.4271240234375,36.77672576904297,96.96051025390625
2015-04-16,61.165679931640625,115.02999877929688,86.03526306152344,96.94230651855469,36.935218811035156,96.76290893554688
2015-04-17,61.26829147338867,115.5999984741211,86.58253479003906,98.05374145507812,36.438148498535156,95.28087615966797
2015-04-20,61.20235061645508,114.72000122070312,86.3501205444336,97.18843841552734,36.438148498535156,96.83476257324219
2015-04-21,61.1290168762207,115.37999725341797,86.04275512695312,96.74830627441406,36.74070739746094,96.91561889648438
2015-04-22,60.90184783935547,113.83000183105469,85.64539337158203,95.27137756347656,36.855979919433594,97.84971618652344
2015-04-23,61.019100189208984,114.66000366210938,85.86283874511719,95.681640625,37.064910888671875,98.08328247070312
2015-04-24,61.114376068115234,113.05000305175781,86.23019409179688,96.27837371826172,37.2377815246582,98.64012908935547
2015-04-27,61.070396423339844,115.33000183105469,86.24514770507812,96.27837371826172,37.381874084472656,98.86468505859375
2015-04-28,60.87990188598633,116.33000183105469,85.75037384033203,94.95059204101562,37.439510345458984,98.97245788574219
2015-04-29,60.689361572265625,115.51000213623047,85.59296417236328,93.78694915771484,37.15135955810547,98.5143814086914
2015-04-30,60.75531768798828,113.47000122070312,85.73540496826172,93.9510498046875,36.76953125,96.90662384033203
2015-05-01,60.571067810058594,113.08000183105469,85.38302612304688,92.68634796142578,37.028873443603516,98.14612579345703
2015-05-04,60.482933044433594,114.0999984741211,85.05313110351562,91.81178283691406,37.100914001464844,98.21800231933594
2015-05-05,60.38750076293945,114.41999816894531,85.01566314697266,91.68472290039062,36.60383224487305,96.68207550048828
2015-05-06,60.2186279296875,114.36000061035156,84.33345031738281,90.11505126953125,36.54620361328125,96.13416290283203
2015-05-07,60.343441009521484,113.41999816894531,84.55085754394531,91.32598114013672,36.43094253540039,96.82577514648438
2015-05-08,60.50494384765625,113.97000122070312,84.90325164794922,91.57259368896484,37.122535705566406,98.19102478027344
2015-05-11,60.18923568725586,113.52999877929688,84.13102722167969,89.34517669677734,36.84877395629883,97.80479431152344
2015-05-12,60.11582565307617,114.5,84.21349334716797,89.5768051147461,36.805545806884766,97.2928466796875
2015-05-13,60.08641815185547,116.55000305175781,84.08604431152344,88.85926818847656,37.000064849853516,97.7598648071289
2015-05-14,60.20393371582031,117.18000030517578,84.24346923828125,89.09848022460938,37.43230056762695,99.31379699707031
2015-05-15,60.44620895385742,117.52999877929688,84.82825469970703,90.88487243652344,37.533145904541016,99.03532409667969
2015-05-18,60.22597122192383,117.5199966430664,84.37841796875,89.36009216308594,37.34585952758789,99.54733276367188
2015-05-19,60.093807220458984,115.88999938964844,83.9736099243164,88.56776428222656,37.259403228759766,99.42157745361328
2015-05-20,60.093807220458984,116.08000183105469,84.1985092163086,88.71730041503906,37.28822326660156,99.3946304321289
2015-05-21,60.28468704223633,115.69000244140625,84.52085876464844,89.95807647705078,37.410701751708984,99.73594665527344
2015-05-22,60.247955322265625,115.5999984741211,84.66334533691406,89.99542236328125,37.2449951171875,99.7718505859375
2015-05-26,60.394840240478516,113.91000366210938,84.73078155517578,91.53520965576172,36.654258728027344,98.38866424560547
2015-05-27,60.42417526245117,113.88999938964844,84.65577697753906,91.74449920654297,36.913604736328125,100.06824493408203
2015-05-28,60.43153381347656,114.0199966430664,84.60333251953125,91.52030944824219,36.77672576904297,100.0143814086914
2015-05-29,60.45352554321289,114.0999984741211,84.87324523925781,91.72207641601562,36.38771438598633,99.32274627685547
2015-06-01,60.251953125,114.0,84.34843444824219,90.73632049560547,36.30845642089844,99.61918640136719
2015-06-02,60.08277893066406,114.45999908447266,84.00360870361328,89.47036743164062,36.45256042480469,99.38563537597656
2015-06-03,59.81791687011719,113.63999938964844,83.48633575439453,88.0321273803711,36.57502365112305,99.75389862060547
2015-06-04,59.96505355834961,112.83999633789062,83.71867370605469,89.17823028564453,36.16438674926758,98.81977081298828
2015-06-05,59.729652404785156,112.23999786376953,83.48633575439453,88.09201049804688,35.847415924072266,98.7838363647461
2015-06-08,59.803199768066406,112.56999969482422,83.59876251220703,87.9946517944336,35.76095962524414,97.5443115234375
2015-06-09,59.62665557861328,112.81999969482422,83.41133880615234,87.29801940917969,35.59525680541992,97.37368774414062
2015-06-10,59.501548767089844,113.77999877929688,83.11146545410156,86.53397369384766,36.25083923339844,98.84671020507812
2015-06-11,59.78110122680664,113.26000213623047,83.52378845214844,88.35420227050781,36.27244567871094,98.86468505859375
2015-06-12,59.736961364746094,113.2300033569336,83.56876373291016,88.35420227050781,36.04192352294922,98.15510559082031
2015-06-15,59.744354248046875,113.7300033569336,83.83861541748047,88.49653625488281,35.782569885253906,97.6162109375
2015-06-16,59.898868560791016,113.31999969482422,84.33345031738281,89.19322204589844,35.775367736816406,98.22696685791016
2015-06-17,59.92089080810547,113.8499984741211,84.43089294433594,88.5040512084961,35.796966552734375,98.3707046508789
2015-06-18,59.876773834228516,115.31999969482422,84.2284927368164,88.06956481933594,36.10676574707031,99.197021484375
2015-06-19,60.04600143432617,115.12000274658203,84.42338562011719,89.20067596435547,35.94104766845703,98.47846984863281
2015-06-22,59.759090423583984,113.63999938964844,84.04854583740234,87.38041687011719,36.57502365112305,99.1341323852539
2015-06-23,59.619319915771484,112.88999938964844,83.86116027832031,86.85607147216797,36.74070739746094,99.18802642822266
2015-06-24,59.729652404785156,112.58999633789062,84.01106262207031,87.60514068603516,36.438148498535156,98.64012908935547
2015-06-25,59.64875030517578,112.44000244140625,83.9211196899414,87.29801940917969,36.409339904785156,98.39762878417969
2015-06-26,59.538387298583984,112.55999755859375,83.5462417602539,86.31671905517578,36.34157180786133,97.44554138183594
2015-06-29,59.840023040771484,113.06999969482422,84.16100311279297,88.60144805908203,35.32905578613281,95.22697448730469
2015-06-30,59.78110122680664,112.37000274658203,84.00360870361328,87.9871826171875,35.365478515625,95.4156265258789
2015-07-01,59.63591384887695,111.9800033569336,83.6961898803711,86.79951477050781,35.54029846191406,95.92757415771484
2015-07-02,59.783382415771484,111.76000213623047,84.06356811523438,87.08478546142578,35.58399963378906,96.00841522216797
2015-07-06,59.98977279663086,112.05999755859375,84.39340209960938,88.6988525390625,34.8992805480957,95.61321258544922
2015-07-07,60.04872131347656,110.76000213623047,84.67081451416016,89.5322036743164,34.79729461669922,95.63118743896484
2015-07-08,60.21828842163086,111.08999633789062,84.77578735351562,90.305419921875,33.886756896972656,94.01444244384766
2015-07-09,60.019287109375,111.36000061035156,84.2284927368164,88.52616882324219,34.418514251708984,93.8078384399414
2015-07-10,59.739139556884766,111.48999786376953,83.8311538696289,87.12232208251953,35.3873291015625,95.20004272460938
2015-07-13,59.599056243896484,110.98999786376953,83.53876495361328,86.85206604003906,35.55487060546875,96.6012191772461
2015-07-14,59.709659576416016,110.73999786376953,83.67373657226562,87.13732147216797,35.766117095947266,97.06827545166016
2015-07-15,59.87920379638672,110.16000366210938,83.90608978271484,88.06071472167969,35.547576904296875,97.09522247314453
2015-07-16,59.87920379638672,109.76000213623047,84.01106262207031,88.6688461303711,35.875396728515625,98.20899963378906
2015-07-17,59.88655090332031,108.6500015258789,83.9810791015625,89.12680053710938,35.78068923950195,99.56527709960938
2015-07-20,59.80549240112305,105.69999694824219,83.75619506835938,88.75144958496094,35.77341079711914,100.00537872314453
2015-07-21,59.91604995727539,105.37000274658203,83.95111083984375,89.23189544677734,35.722408294677734,99.52935028076172
2015-07-22,59.93818283081055,104.80000305175781,83.98860931396484,89.7874526977539,35.416473388671875,98.12818908691406
2015-07-23,60.07822799682617,104.33000183105469,84.13102722167969,90.90601348876953,35.28534698486328,97.95751190185547
2015-07-24,60.11507797241211,105.3499984741211,84.04105377197266,91.13124084472656,34.83372116088867,97.28388214111328
2015-07-27,60.23298645019531,104.86000061035156,84.21349334716797,91.61923217773438,34.5423583984375,96.29582977294922
2015-07-28,60.12983703613281,105.0199966430664,84.01106262207031,90.9510498046875,34.97212219238281,97.26590728759766
2015-07-29,60.07822799682617,105.16999816894531,84.00360870361328,90.61322784423828,35.081382751464844,97.77787017822266
2015-07-30,60.100341796875,104.2699966430664,84.12352752685547,91.3114242553711,35.06682586669922,98.01139831542969
2015-07-31,60.30674743652344,104.93000030517578,84.45339965820312,91.98706817626953,35.26350402832031,97.58026885986328
2015-08-03,60.44635009765625,104.0999984741211,84.37841796875,92.95536041259766,35.103248596191406,96.99642944335938
2015-08-04,60.23954391479492,104.30999755859375,83.90608978271484,92.21809387207031,35.12509536743164,96.3946304321289
2015-08-05,60.143524169921875,103.93000030517578,83.64371490478516,91.52587890625,35.24892807006836,97.3377456665039
2015-08-06,60.18041229248047,104.38999938964844,83.7936782836914,92.33845520019531,35.08867645263672,96.32279205322266
2015-08-07,60.305973052978516,104.6500015258789,84.02609252929688,93.54975891113281,35.03768539428711,96.40361022949219
2015-08-10,60.18041229248047,105.72000122070312,83.90608978271484,92.39106750488281,35.52573776245117,97.87669372558594
2015-08-11,60.4094123840332,106.26000213623047,84.25098419189453,93.85819244384766,34.921138763427734,96.27787017822266
2015-08-12,60.387271881103516,107.75,84.05607604980469,93.34660339355469,34.695335388183594,96.74494934082031
2015-08-13,60.26166915893555,106.86000061035156,83.8311538696289,93.04566192626953,34.61519241333008,96.5024185180664
2015-08-14,60.23954391479492,106.8499984741211,83.74116516113281,93.26385498046875,34.651615142822266,97.0144271850586
2015-08-17,60.35032272338867,107.12999725341797,83.73370361328125,93.68516540527344,34.54963302612305,97.64314270019531
2015-08-18,60.23954391479492,107.11000061035156,83.53125762939453,92.94784545898438,34.331111907958984,97.0323486328125
2015-08-19,60.45369338989258,108.55000305175781,83.816162109375,93.86573028564453,33.98145294189453,96.23297119140625
2015-08-20,60.505428314208984,110.44000244140625,84.04854583740234,94.81373596191406,33.20204162597656,93.75392150878906
2015-08-21,60.60144805908203,111.12999725341797,84.07855987548828,95.099609375,32.3788948059082,90.23300170898438
2015-08-24,60.58670425415039,110.52999877929688,83.78619384765625,95.06949615478516,31.15511703491211,86.94561767578125
2015-08-25,60.387271881103516,109.16000366210938,83.583740234375,93.542236328125,31.402801513671875,86.01150512695312
2015-08-26,60.12872314453125,107.66999816894531,83.08145141601562,91.73651885986328,32.20408630371094,90.30487060546875
2015-08-27,60.2099609375,107.7300033569336,83.48633575439453,91.7892074584961,32.83781814575195,92.47850036621094
2015-08-28,60.23954391479492,108.69999694824219,83.7261962890625,92.06002807617188,32.73582458496094,92.67611694335938
2015-08-31,60.15828323364258,108.81999969482422,83.65126037597656,91.35281372070312,32.5318717956543,91.9216079711914
2015-09-01,60.30485916137695,109.19999694824219,83.49933624267578,92.01107025146484,31.453777313232422,88.99348449707031
2015-09-02,60.26042175292969,108.62000274658203,83.2362289428711,91.21934509277344,31.912696838378906,91.0772933959961
2015-09-03,60.30485916137695,107.83999633789062,83.24378204345703,91.66419982910156,31.978267669677734,91.16715240478516
2015-09-04,60.45286178588867,107.48999786376953,83.37908935546875,92.50115966796875,31.257104873657227,89.84675598144531
2015-09-08,60.30485916137695,107.5199966430664,83.00318145751953,91.13641357421875,32.14579772949219,92.35275268554688
2015-09-09,60.29000473022461,106.12999725341797,83.19117736816406,91.57371520996094,31.949119567871094,91.2389907836914
2015-09-10,60.1641960144043,106.37999725341797,83.21367645263672,90.95550537109375,32.1749382019043,92.13717651367188
2015-09-11,60.29000473022461,106.16000366210938,83.44676208496094,91.52849578857422,32.18221664428711,92.5862808227539
2015-09-14,60.30485916137695,106.22000122070312,83.28887939453125,91.67178344726562,31.98554039001465,92.31681823730469
2015-09-15,60.053131103515625,105.9000015258789,82.7250747680664,89.91494750976562,32.2477912902832,93.49345397949219
2015-09-16,60.01613235473633,107.30999755859375,82.70248413085938,89.57564544677734,32.779537200927734,94.00543212890625
2015-09-17,60.35666275024414,108.41000366210938,83.3490219116211,90.6689682006836,32.83052062988281,93.49345397949219
2015-09-18,60.52687454223633,109.20999908447266,83.6121597290039,92.06389617919922,32.10209655761719,92.3258056640625
2015-09-21,60.30485916137695,108.52999877929688,83.08588409423828,90.5633773803711,32.10209655761719,93.0892562866211
2015-09-22,60.41587829589844,107.79000091552734,83.28887939453125,91.82260131835938,31.337228775024414,91.63416290283203
2015-09-23,60.41587829589844,108.22000122070312,83.22872161865234,91.81501007080078,31.15511703491211,91.76569366455078
2015-09-24,60.43803405761719,110.48999786376953,83.2362289428711,92.44086456298828,31.0167293548584,91.6750259399414
2015-09-25,60.3270378112793,109.80999755859375,82.792724609375,91.64160919189453,31.234968185424805,91.45731353759766
2015-09-28,60.48245620727539,108.41999816894531,82.81526947021484,93.20996856689453,30.575855255126953,89.29878234863281
2015-09-29,60.52687454223633,107.9800033569336,83.04830169677734,93.4738540649414,30.612468719482422,88.83625030517578
2015-09-30,60.64532470703125,106.86000061035156,83.21367645263672,93.14961242675781,31.2203311920166,90.69551086425781
2015-10-01,60.67795181274414,106.7300033569336,83.51604461669922,93.54706573486328,31.337495803833008,90.74085998535156
2015-10-02,60.90787124633789,108.98999786376953,83.9974594116211,94.1137466430664,31.87212371826172,92.11941528320312
2015-10-05,60.670536041259766,108.7699966430664,83.74173736572266,92.83678436279297,32.5385627746582,93.95146179199219
2015-10-06,60.75210952758789,109.86000061035156,83.98242950439453,93.23731231689453,32.55320739746094,94.16913604736328
2015-10-07,60.75210952758789,109.69999694824219,83.96736145019531,92.927490234375,33.058528900146484,94.67703247070312
2015-10-08,60.65571594238281,109.13999938964844,83.93727111816406,92.14923095703125,33.351478576660156,95.13958740234375
2015-10-09,60.64828109741211,110.87000274658203,83.70409393310547,92.39100646972656,33.417396545410156,95.638427734375
2015-10-12,60.75210952758789,111.30999755859375,83.85453796386719,93.09373474121094,33.307533264160156,95.72001647949219
2015-10-13,60.78923034667969,111.86000061035156,83.8094482421875,93.25238800048828,32.86079788208008,95.27561950683594
2015-10-14,61.01172637939453,113.80999755859375,84.09527587890625,94.06842803955078,32.97796630859375,95.21212005615234
2015-10-15,60.893035888671875,113.29000091552734,83.93727111816406,93.60749053955078,33.593162536621094,96.3367691040039
2015-10-16,60.870784759521484,112.48999786376953,83.71166229248047,93.63775634765625,33.60048294067383,96.59976959228516
2015-10-19,60.870784759521484,112.0199966430664,83.5687255859375,93.380859375,33.402748107910156,96.9172134399414
2015-10-20,60.77437210083008,112.7300033569336,83.47096252441406,92.80658721923828,33.35880661010742,96.57255554199219
2015-10-21,60.88563537597656,111.7300033569336,83.52361297607422,93.72831726074219,33.20500564575195,95.65654754638672
2015-10-22,60.98945236206055,111.69000244140625,83.8094482421875,93.8871078491211,33.65174102783203,97.8423080444336
2015-10-23,60.83372497558594,111.5,83.6890869140625,93.08617401123047,33.959327697753906,100.49967193603516
2015-10-26,60.90049743652344,111.43000030517578,83.66651916503906,93.70570373535156,33.7469596862793,100.04619598388672
2015-10-27,60.915313720703125,111.68000030517578,83.85453796386719,93.93994140625,33.475982666015625,99.4203872680664
2015-10-28,60.744712829589844,110.77999877929688,83.43334197998047,93.56217193603516,33.6370964050293,101.16175842285156
2015-10-29,60.52967071533203,109.72000122070312,83.20764923095703,92.07371520996094,33.329498291015625,100.69013214111328
2015-10-30,60.66312026977539,109.30000305175781,83.46340942382812,92.76880645751953,33.307533264160156,100.18223571777344
2015-11-02,60.5434684753418,108.58999633789062,83.42581176757812,92.34253692626953,33.6077995300293,101.14360809326172
2015-11-03,60.43941116333008,106.9800033569336,83.28290557861328,91.5853042602539,33.724971771240234,101.80569458007812
2015-11-04,60.47657012939453,105.97000122070312,83.17005157470703,91.69129943847656,33.52723693847656,101.9961166381836
2015-11-05,60.365081787109375,105.63999938964844,82.90679931640625,91.44896697998047,33.45400619506836,101.68778228759766
2015-11-06,60.12726974487305,104.0999984741211,82.56077575683594,90.1087417602539,33.234291076660156,102.286376953125
2015-11-09,60.075225830078125,104.4000015258789,82.53067779541016,89.60135650634766,32.85346984863281,101.31592559814453
2015-11-10,60.1421012878418,104.18000030517578,82.50064849853516,89.86640930175781,32.83882522583008,100.57223510742188
2015-11-11,60.14958190917969,103.83000183105469,82.49308776855469,89.6771240234375,32.92670822143555,100.51782989501953
2015-11-12,60.1569709777832,103.8499984741211,82.49308776855469,90.1087417602539,32.5312385559082,99.51112365722656
2015-11-13,60.26847839355469,103.55999755859375,82.6058578491211,90.62364196777344,32.26026916503906,97.5611343383789
2015-11-16,60.26847839355469,103.70999908447266,82.56077575683594,90.54032135009766,32.685035705566406,98.86717987060547
2015-11-17,60.335350036621094,102.33999633789062,82.7112045288086,90.6917953491211,32.72896957397461,98.9306411743164
2015-11-18,60.30561828613281,102.43000030517578,82.83158111572266,90.88108825683594,33.007266998291016,100.50874328613281
2015-11-19,60.38738250732422,103.55999755859375,83.12491607666016,91.48683166503906,33.21232604980469,100.91687774658203
2015-11-20,60.3725471496582,103.08999633789062,83.19263458251953,91.20668029785156,33.19768524169922,101.68778228759766
2015-11-23,60.39482879638672,102.26000213623047,83.2904281616211,91.48683166503906,32.97065353393555,101.15266418457031
2015-11-24,60.417083740234375,102.94000244140625,83.38066864013672,91.47928619384766,33.021915435791016,101.27964782714844
2015-11-25,60.42454147338867,102.45999908447266,83.33555603027344,91.69129943847656,33.036563873291016,101.05290985107422
2015-11-27,60.45426559448242,101.25,83.38066864013672,91.60043334960938,32.91938781738281,101.22523498535156
2015-11-30,60.42454147338867,101.91999816894531,83.34307098388672,91.9638900756836,32.86811828613281,101.37036895751953
2015-12-01,60.6532096862793,102.27999877929688,83.65150451660156,93.2060775756836,33.19768524169922,102.27729797363281
2015-12-02,60.57868957519531,100.69000244140625,83.3656234741211,93.23644256591797,32.85346984863281,101.7331314086914
2015-12-03,60.10953903198242,101.76000213623047,82.84662628173828,90.70198059082031,32.663063049316406,100.31828308105469
2015-12-04,60.347808837890625,104.0199966430664,83.05726623535156,91.49873352050781,32.90473937988281,102.50405883789062
2015-12-07,60.45210647583008,102.66999816894531,83.02713775634766,92.38652038574219,32.57517623901367,101.84197235107422
2015-12-08,60.46697235107422,102.83999633789062,83.04969787597656,92.43209838867188,32.09914779663086,101.66967010498047
2015-12-09,60.444637298583984,102.63999938964844,82.8917236328125,92.33346557617188,31.981962203979492,100.14595794677734
2015-12-10,60.43720626831055,102.55000305175781,82.7112045288086,92.45487213134766,31.93070411682129,100.38175964355469
2015-12-11,60.60103988647461,103.11000061035156,82.98204040527344,93.91178131103516,31.300880432128906,98.28670501708984
2015-12-14,60.31802749633789,101.79000091552734,82.38777160644531,92.69767761230469,31.418062210083008,98.78551483154297
2015-12-15,60.251041412353516,101.5199966430664,82.3426513671875,92.15133666992188,31.652416229248047,99.25718688964844
2015-12-16,60.18396759033203,102.75,82.10194396972656,91.95404815673828,32.230979919433594,100.58129119873047
2015-12-17,60.31062698364258,100.5,82.38777160644531,92.99361419677734,31.828176498413086,99.04854583740234
2015-12-18,60.444637298583984,102.04000091552734,82.61345672607422,93.50963592529297,31.56453514099121,97.08953857421875
2015-12-21,60.37761688232422,103.1500015258789,82.4629898071289,93.48684692382812,31.708452224731445,98.04181671142578
2015-12-22,60.29567337036133,102.61000061035156,82.35018920898438,92.81147766113281,31.959423065185547,98.685791015625
2015-12-23,60.30317687988281,102.30999755859375,82.42540740966797,92.1133804321289,32.49083709716797,99.55331420898438
2015-12-24,60.34796142578125,103.05000305175781,82.56828308105469,92.6410903930664,32.4465446472168,99.50779724121094
2015-12-28,60.34796142578125,102.2699966430664,82.59088134765625,92.91482543945312,32.32846450805664,99.4896011352539
2015-12-29,60.16127014160156,102.19999694824219,82.27494812011719,91.37120819091797,32.63846206665039,100.72762298583984
2015-12-30,60.19858932495117,101.41999816894531,82.36521911621094,91.27996826171875,32.35797882080078,99.95386505126953
2015-12-31,60.31812286376953,101.45999908447266,82.50064849853516,91.69059753417969,32.04059982299805,98.57927703857422
2016-01-04,60.2881965637207,102.88999938964844,82.82410430908203,92.35215759277344,31.494421005249023,97.0499038696289
2016-01-05,60.36296844482422,103.18000030517578,82.77143859863281,91.9795150756836,31.42059898376465,96.58566284179688
2016-01-06,60.631797790527344,104.66999816894531,83.0346450805664,93.21900939941406,30.88179588317871,95.27477264404297
2016-01-07,60.639278411865234,106.1500015258789,82.96696472167969,93.38631439208984,30.217498779296875,92.20696258544922
2016-01-08,60.71393585205078,105.68000030517578,83.0346450805664,93.80453491210938,29.85584831237793,91.41499328613281
2016-01-11,60.459999084472656,104.73999786376953,82.59839630126953,92.77796173095703,29.91489028930664,91.8610610961914
2016-01-12,60.616851806640625,104.20999908447266,82.82410430908203,94.11630249023438,30.04037094116211,92.9079360961914
2016-01-13,60.766258239746094,104.72000122070312,82.99705505371094,95.04402160644531,29.5679874420166,90.30440521240234
2016-01-14,60.69157791137695,103.0199966430664,82.92184448242188,94.15431213378906,29.944421768188477,92.04312896728516
2016-01-15,60.796104431152344,104.08000183105469,82.92184448242188,95.6219253540039,28.852039337158203,89.30303955078125
2016-01-19,60.72144317626953,103.9800033569336,82.839111328125,95.32537078857422,29.110366821289062,89.06635284423828
2016-01-20,60.78865051269531,105.37000274658203,82.88422393798828,96.32909393310547,28.475608825683594,88.59297180175781
2016-01-21,60.75129699707031,105.48999786376953,82.58336639404297,95.6751480102539,28.69704818725586,88.820556640625
2016-01-22,60.728904724121094,105.0,82.70369720458984,95.3101577758789,29.5532169342041,91.30575561523438
2016-01-25,60.728904724121094,106.08000183105469,82.86167907714844,95.82720184326172,29.08822250366211,89.95848083496094
2016-01-26,60.81852722167969,107.29000091552734,83.07225799560547,95.87284851074219,29.61227798461914,90.88701629638672
2016-01-27,60.81852722167969,107.69000244140625,83.28290557861328,95.85006713867188,29.4425106048584,88.70220184326172
2016-01-28,60.86333084106445,106.54000091552734,83.45589447021484,95.98692321777344,29.60489845275879,89.68536376953125
2016-01-29,61.04257583618164,106.94999694824219,83.79440307617188,96.80057525634766,30.247028350830078,92.78959655761719
2016-02-01,60.91836929321289,108.05000305175781,83.64395904541016,96.50421142578125,30.17322540283203,93.01715850830078
2016-02-02,61.127906799316406,108.08999633789062,83.89965057373047,98.2945785522461,29.4425106048584,91.1328125
2016-02-03,61.17281723022461,109.25,84.00501251220703,97.47940063476562,29.7598934173584,90.92342376708984
2016-02-04,61.21772003173828,110.56999969482422,84.02002716064453,97.95174407958984,29.88536262512207,91.14192199707031
2016-02-05,61.157867431640625,112.31999969482422,83.78687286376953,98.06603240966797,29.464656829833984,87.72816467285156
2016-02-08,61.419769287109375,113.83000183105469,83.8470458984375,100.17637634277344,28.925838470458984,86.1441879272461
2016-02-09,61.412269592285156,113.58000183105469,83.65899658203125,100.2829818725586,28.59370231628418,85.74366760253906
2016-02-10,61.53956985473633,114.45999908447266,83.96736145019531,101.16666412353516,28.578948974609375,86.1351089477539
2016-02-11,61.576988220214844,119.05999755859375,84.26075744628906,101.87535095214844,28.18036651611328,85.83468627929688
2016-02-12,61.374916076660156,118.36000061035156,83.94481658935547,100.18396759033203,28.637996673583984,87.0909423828125
2016-02-16,61.285118103027344,114.7699966430664,83.59880065917969,99.1249771118164,29.235843658447266,88.90251159667969
2016-02-17,61.2701530456543,115.4800033569336,83.45589447021484,98.51551055908203,29.789413452148438,91.08726501464844
2016-02-18,61.47966766357422,118.29000091552734,83.6890869140625,99.72682189941406,29.656558990478516,90.51376342773438
2016-02-19,61.3973388671875,117.58000183105469,83.75676727294922,99.81061553955078,29.575359344482422,90.87789154052734
2016-02-22,61.412269592285156,115.48999786376953,83.95985412597656,99.75736236572266,29.95180320739746,92.12504577636719
2016-02-23,61.449745178222656,117.22000122070312,84.21560668945312,100.16108703613281,29.457275390625,90.55928802490234
2016-02-24,61.494667053222656,117.61000061035156,84.40364074707031,99.96302032470703,29.383466720581055,91.43318939208984
2016-02-25,61.58448791503906,117.91999816894531,84.7496566772461,100.32108306884766,29.68608856201172,92.50736999511719
2016-02-26,61.52461242675781,117.11000061035156,84.5315170288086,99.3535385131836,29.582748413085938,92.41634368896484
2016-02-29,61.56204605102539,118.63999938964844,84.81736755371094,99.78779602050781,29.50893783569336,91.88837432861328
2016-03-01,61.355777740478516,117.7699966430664,84.58418273925781,98.03067016601562,30.298702239990234,94.6739501953125
2016-03-02,61.3182487487793,118.68000030517578,84.76468658447266,98.43518829345703,30.571800231933594,94.91976165771484
2016-03-03,61.34830093383789,120.7300033569336,84.93768310546875,98.7939682006836,30.88179588317871,94.95613098144531
2016-03-04,61.3182487487793,120.54000091552734,84.67445373535156,98.16047668457031,31.213932037353516,95.24746704101562
2016-03-07,61.303306579589844,121.13999938964844,84.33594512939453,98.12992095947266,31.213932037353516,94.72857666015625
2016-03-08,61.50577163696289,120.58000183105469,84.65941619873047,99.21380615234375,30.815366744995117,93.78182983398438
2016-03-09,61.40076446533203,119.58000183105469,84.60677337646484,98.61077880859375,30.999895095825195,94.66485595703125
2016-03-10,61.37077713012695,121.5,84.31338500976562,98.20624542236328,30.955596923828125,94.45549011230469
2016-03-11,61.28826904296875,119.41000366210938,84.28331756591797,97.21392822265625,31.737985610961914,96.10317993164062
2016-03-14,61.423274993896484,117.87000274658203,84.18551635742188,97.51927947998047,31.63465118408203,96.13957214355469
2016-03-15,61.363277435302734,117.95999908447266,84.02002716064453,97.61087036132812,31.277645111083984,96.3489761352539
2016-03-16,61.60322570800781,120.58999633789062,84.91515350341797,97.90090942382812,31.685022354125977,97.42314910888672
2016-03-17,61.73830032348633,120.12999725341797,85.10317993164062,98.30546569824219,32.02570343017578,97.96025085449219
2016-03-18,61.79077911376953,119.80000305175781,85.38906860351562,98.51155090332031,32.010894775390625,98.2879409790039
2016-03-21,61.67826843261719,118.95999908447266,85.41159057617188,97.75588989257812,32.02570343017578,98.55937957763672
2016-03-22,61.66331481933594,119.30999755859375,85.1934585571289,97.73295593261719,31.966455459594727,98.6781234741211
2016-03-23,61.79827117919922,116.61000061035156,85.28372955322266,98.83972930908203,31.581315994262695,97.91056823730469
2016-03-24,61.72322463989258,116.33000183105469,85.08818817138672,98.87793731689453,31.418378829956055,98.04764556884766
2016-03-28,61.753292083740234,116.5999984741211,85.1934585571289,99.00774383544922,31.59613609313965,97.8192138671875
2016-03-29,62.00827407836914,118.76000213623047,86.08853912353516,100.04578399658203,31.93684196472168,99.48223876953125
2016-03-30,61.985740661621094,117.0999984741211,86.14122009277344,98.99243927001953,32.21827697753906,100.15843963623047
2016-03-31,62.10574722290039,117.63999938964844,86.23149871826172,99.69464874267578,31.959054946899414,100.0853271484375
2016-04-01,62.175655364990234,116.93000030517578,86.2991714477539,99.95475006103516,31.707223892211914,100.84379577636719
2016-04-04,62.175655364990234,116.1500015258789,86.40452575683594,100.01591491699219,31.57391929626465,100.31375122070312
2016-04-05,62.28841781616211,117.66000366210938,86.49475860595703,101.1097183227539,30.95917320251465,99.27208709716797
2016-04-06,62.258304595947266,116.94000244140625,86.26911163330078,100.37539672851562,31.40357208251953,100.35948944091797
2016-04-07,62.46118927001953,118.61000061035156,86.56996154785156,101.61454010009766,30.966590881347656,98.91573333740234
2016-04-08,62.40861892700195,118.43000030517578,86.39693450927734,100.97203063964844,31.53687858581543,98.94309997558594
2016-04-11,62.4011344909668,120.02999877929688,86.17882537841797,100.84199523925781,31.633161544799805,98.74210357666016
2016-04-12,62.30342102050781,120.05000305175781,85.81781768798828,100.14594268798828,32.151611328125,99.198974609375
2016-04-13,62.34099578857422,118.7699966430664,85.89303588867188,100.4978256225586,32.662662506103516,100.75238800048828
2016-04-14,62.28841781616211,117.11000061035156,85.68989562988281,100.01591491699219,32.67007064819336,100.6061782836914
2016-04-15,62.43120574951172,117.91999816894531,85.99830627441406,100.87258911132812,32.566375732421875,100.1036376953125
2016-04-18,62.40861892700195,117.73999786376953,85.98326110839844,100.43659973144531,32.80338668823242,100.6153335571289
2016-04-19,62.44621276855469,119.58000183105469,86.13372802734375,100.12301635742188,33.381103515625,99.99393463134766
2016-04-20,62.273353576660156,118.97000122070312,85.77262878417969,99.0215835571289,33.36629104614258,100.24067687988281
2016-04-21,62.198177337646484,119.41999816894531,85.66737365722656,98.4326400756836,33.12187194824219,100.16758728027344
2016-04-22,62.175655364990234,117.88999938964844,85.61470031738281,98.18022155761719,33.09964370727539,98.66899108886719
2016-04-25,62.100502014160156,118.2300033569336,85.51691436767578,97.77482604980469,32.92930603027344,98.47711181640625
2016-04-26,62.01029968261719,118.69999694824219,85.47930908203125,97.33119201660156,33.06261444091797,98.30349731445312
2016-04-27,62.198177337646484,119.04000091552734,85.99830627441406,98.30259704589844,33.136695861816406,97.59075164794922
2016-04-28,62.31095504760742,121.29000091552734,86.44959259033203,98.70797729492188,32.73674774169922,96.28406524658203
2016-04-29,62.35604476928711,123.6500015258789,86.41200256347656,98.96041107177734,32.6330451965332,95.40682983398438
2016-05-02,62.24609375,123.23999786376953,86.12618255615234,97.9640121459961,32.84041976928711,95.96421813964844
2016-05-03,62.41926193237305,122.95999908447266,86.1637954711914,99.19796752929688,32.21827697753906,95.09616088867188
2016-05-04,62.44185256958008,122.20999908447266,86.26155090332031,99.74215698242188,31.840551376342773,94.6758041381836
2016-05-05,62.55482864379883,122.06999969482422,86.53987121582031,100.40890502929688,31.80351448059082,94.68496704101562
2016-05-06,62.52469253540039,123.18000030517578,86.23898315429688,99.97975158691406,31.877578735351562,95.28804779052734
2016-05-09,62.56986999511719,120.6500015258789,86.2916488647461,100.2939453125,31.72205352783203,95.37940979003906
2016-05-10,62.56986999511719,120.9800033569336,86.55492401123047,100.30162048339844,32.24789810180664,96.63129425048828
2016-05-11,62.584938049316406,122.12000274658203,86.53987121582031,100.86881256103516,32.02570343017578,96.00992584228516
2016-05-12,62.5925178527832,121.16000366210938,86.47972106933594,100.40890502929688,31.988677978515625,95.5164794921875
2016-05-13,62.66028594970703,121.70999908447266,86.69031524658203,101.38227844238281,31.566509246826172,95.28804779052734
2016-05-16,62.52469253540039,121.80000305175781,86.5925521850586,100.5085678100586,31.973867416381836,96.52164459228516
2016-05-17,62.479530334472656,122.22000122070312,86.6527328491211,100.67716217041016,31.781295776367188,95.52561950683594
2016-05-18,62.18585205078125,120.0999984741211,85.9005126953125,99.24393463134766,31.72205352783203,96.06472778320312
2016-05-19,62.25361251831055,119.87000274658203,85.86293029785156,99.67313385009766,31.499853134155273,95.54390716552734
2016-05-20,62.25361251831055,119.70999908447266,85.81781768798828,99.7497787475586,31.75166130065918,96.75920867919922
2016-05-23,62.2686882019043,119.37000274658203,85.86293029785156,99.97205352783203,31.662799835205078,96.74093627929688
2016-05-24,62.23854446411133,117.30000305175781,85.7801742553711,99.52754211425781,32.092376708984375,98.79692077636719
2016-05-25,62.21596145629883,116.9800033569336,85.84786987304688,99.1520004272461,32.38863754272461,99.48223876953125
2016-05-26,62.32138442993164,116.58000183105469,86.09610748291016,99.66548919677734,32.49972152709961,99.75638580322266
2016-05-27,62.298805236816406,115.62000274658203,85.98326110839844,99.51991271972656,32.455291748046875,100.34120178222656
2016-05-31,62.35152816772461,116.05999755859375,85.85537719726562,99.75749969482422,32.37382507324219,100.50565338134766
2016-06-01,62.37337875366211,115.94000244140625,85.7244644165039,100.16220092773438,32.35158920288086,100.45085906982422
2016-06-02,62.49411392211914,115.66999816894531,86.01789855957031,100.8841323852539,32.38121032714844,100.45085906982422
2016-06-03,62.88649368286133,118.87999725341797,86.57476043701172,102.32024383544922,32.67007064819336,100.1036376953125
2016-06-06,62.788429260253906,118.91999816894531,86.67252349853516,101.5599365234375,32.90708541870117,100.478271484375
2016-06-07,62.795982360839844,118.81999969482422,86.9057846069336,101.80573272705078,33.18112564086914,100.67929077148438
2016-06-08,62.87139129638672,120.58000183105469,87.10894012451172,102.35098266601562,33.32184982299805,101.0082778930664
2016-06-09,62.931758880615234,121.25,87.13905334472656,103.011474609375,32.87005615234375,100.92601013183594
2016-06-10,62.992164611816406,121.73999786376953,87.13905334472656,103.5106430053711,32.0182991027832,99.71070098876953
2016-06-13,63.00723648071289,122.63999938964844,87.02619934082031,103.97147369384766,31.55168342590332,98.80604553222656
2016-06-14,62.99971008300781,122.7699966430664,86.8079833984375,103.89466094970703,31.169204711914062,98.90657806396484
2016-06-15,63.1430549621582,123.68000030517578,87.21430206298828,104.29401397705078,31.394195556640625,98.73297119140625
2016-06-16,63.21097946166992,122.37999725341797,87.04122924804688,104.8009033203125,31.394195556640625,98.91573333740234
2016-06-17,63.12041473388672,123.94999694824219,86.82306671142578,104.14807891845703,31.649188995361328,98.01111602783203
2016-06-20,62.97705841064453,123.20999908447266,86.57476043701172,103.03451538085938,32.35417175292969,98.73297119140625
2016-06-21,62.89405822753906,120.83999633789062,86.31139373779297,102.55833435058594,32.63166427612305,99.23717498779297
2016-06-22,62.91667175292969,120.9000015258789,86.54460906982422,102.72730255126953,32.62416458129883,98.79712677001953
2016-06-23,62.80351257324219,120.11000061035156,86.57476043701172,101.55226135253906,33.47914505004883,100.32811737060547
2016-06-24,63.15814208984375,126.0,87.11648559570312,104.2786636352539,30.91421127319336,95.97358703613281
2016-06-27,63.47509002685547,126.68000030517578,87.37228393554688,106.88215637207031,30.321731567382812,93.4525375366211
2016-06-28,63.550540924072266,125.31999969482422,87.67326354980469,107.1048812866211,31.116714477539062,95.36853790283203
2016-06-29,63.527870178222656,125.83999633789062,87.62059783935547,106.28311157226562,31.731687545776367,96.95449829101562
2016-06-30,63.610904693603516,126.47000122070312,87.7861099243164,106.67476654052734,32.13667678833008,98.17374420166016
2016-07-01,63.78785705566406,128.41000366210938,88.46780395507812,108.15596008300781,32.23417663574219,98.2379379272461
2016-07-05,64.00707244873047,129.47000122070312,88.61140441894531,109.51011657714844,31.61168670654297,97.44036865234375
2016-07-06,64.1204605102539,130.22999572753906,88.8230209350586,109.68704223632812,31.559192657470703,97.97206115722656
2016-07-07,64.01466369628906,129.74000549316406,88.64163208007812,109.67938232421875,31.454195022583008,98.28375244140625
2016-07-08,64.18097686767578,130.52000427246094,88.83811950683594,110.48726654052734,31.96417999267578,100.0622329711914
2016-07-11,63.99198913574219,129.2899932861328,88.40735626220703,109.51777648925781,32.39168167114258,100.67645263671875
2016-07-12,63.73489761352539,127.1500015258789,88.11260223388672,107.7173843383789,32.83415603637695,101.67571258544922
2016-07-13,63.848304748535156,128.32000732421875,88.30155181884766,108.98690032958984,32.789161682128906,101.60235595703125
2016-07-14,63.750030517578125,127.33000183105469,88.07482147216797,107.40189361572266,33.10415267944336,102.33575439453125
2016-07-15,63.54590606689453,126.83999633789062,87.97660827636719,106.47860717773438,32.93915939331055,102.16156005859375
2016-07-18,63.568599700927734,127.04000091552734,87.91612243652344,106.37865447998047,33.074161529541016,102.87663269042969
2016-07-19,63.666847229003906,127.20999908447266,87.92363739013672,106.97871398925781,32.766658782958984,102.72077178955078
2016-07-20,63.59882354736328,125.38999938964844,87.76496124267578,106.3939437866211,33.02916717529297,104.11421966552734
2016-07-21,63.67442321777344,127.30000305175781,87.80274963378906,106.60944366455078,32.954166412353516,103.50000762939453
2016-07-22,63.68198013305664,126.3499984741211,87.72720336914062,106.79410552978516,32.98415756225586,104.08672332763672
2016-07-25,63.64415740966797,125.47000122070312,87.5382308959961,106.71714782714844,32.924163818359375,104.0592269897461
2016-07-26,63.63662338256836,126.0,87.68941497802734,106.88639068603516,33.05165481567383,104.53594207763672
2016-07-27,63.82561111450195,128.02999877929688,88.02950286865234,108.21749877929688,33.20166778564453,105.33346557617188
2016-07-28,63.78785705566406,127.66000366210938,88.15043640136719,108.01741790771484,33.16415023803711,105.59017944335938
2016-07-29,63.99198913574219,128.97999572753906,88.34687042236328,108.91767120361328,33.501644134521484,105.60850524902344
2016-08-01,63.791202545166016,129.22000122070312,87.8241195678711,107.73675537109375,33.32915115356445,106.0760498046875
2016-08-02,63.7305908203125,130.27000427246094,87.39164733886719,106.62678527832031,33.14165496826172,105.08599090576172
2016-08-03,63.7305908203125,129.64999389648438,87.64203643798828,106.68839263916016,33.08915328979492,105.48936462402344
2016-08-04,63.844234466552734,129.8699951171875,88.00621795654297,107.49011993408203,33.26914978027344,106.09440612792969
2016-08-05,63.632118225097656,127.55000305175781,87.79379272460938,106.37242889404297,33.404136657714844,107.34115600585938
2016-08-08,63.63969039916992,127.44000244140625,87.85448455810547,106.5728759765625,33.57663345336914,107.35950469970703
2016-08-09,63.821529388427734,127.95999908447266,88.06689453125,107.62113952636719,33.86164474487305,107.5428466796875
2016-08-10,63.90478515625,128.55999755859375,88.0896987915039,108.03740692138672,33.92912292480469,107.24947357177734
2016-08-11,63.738197326660156,127.66999816894531,87.85448455810547,107.07389831542969,34.22162628173828,107.65283966064453
2016-08-12,63.88211441040039,127.4000015258789,88.08209991455078,107.97565460205078,34.11663055419922,107.5703353881836
2016-08-15,63.77604675292969,127.83999633789062,87.85448455810547,106.95821380615234,34.31911849975586,108.1845703125
2016-08-16,63.745750427246094,128.47000122070312,87.73307037353516,106.67302703857422,34.21412658691406,107.62533569335938
2016-08-17,63.844234466552734,128.5,87.99862670898438,107.31282043457031,34.21412658691406,107.48783874511719
2016-08-18,63.91243362426758,129.11000061035156,88.15036010742188,107.48238372802734,34.37162399291992,107.66202545166016
2016-08-19,63.78361511230469,127.97000122070312,88.00621795654297,106.91971588134766,34.15412902832031,107.9003677368164
2016-08-22,63.87456130981445,127.77999877929688,88.18834686279297,107.82156372070312,34.08663558959961,107.8545150756836
2016-08-23,63.90478515625,127.76000213623047,88.30972290039062,107.93721008300781,34.184139251708984,108.35874938964844
2016-08-24,63.89728927612305,126.33999633789062,88.17313385009766,107.68284606933594,34.08663558959961,107.76285552978516
2016-08-25,63.82904052734375,126.2300033569336,88.12763214111328,107.27426147460938,34.011627197265625,107.98287963867188
2016-08-26,63.6700325012207,126.05000305175781,87.7861557006836,106.6498794555664,33.7866325378418,108.08370208740234
2016-08-29,63.88970184326172,126.30000305175781,88.10486602783203,108.0759506225586,33.9366340637207,108.3770751953125
2016-08-30,63.83665466308594,125.02999877929688,88.02896881103516,107.65963745117188,33.87663650512695,108.17538452148438
2016-08-31,63.791202545166016,124.77999877929688,88.04419708251953,107.8138427734375,33.73413848876953,108.07455444335938
2016-09-01,63.879241943359375,125.29000091552734,88.1187973022461,107.93275451660156,33.98163604736328,108.47792053222656
2016-09-02,63.78815841674805,126.56999969482422,88.01982116699219,107.05239868164062,34.36412048339844,108.93631744384766
2016-09-06,63.97793197631836,128.7100067138672,88.43862915039062,107.83233642578125,34.71660614013672,109.40381622314453
2016-09-07,63.985496520996094,128.27000427246094,88.55284881591797,107.75515747070312,34.77660369873047,109.6604995727539
2016-09-08,63.742679595947266,127.58999633789062,88.2406234741211,106.40371704101562,34.66410827636719,108.73460388183594
2016-09-09,63.461830139160156,126.75,87.63143157958984,104.65084075927734,33.87663650512695,106.1768798828125
2016-09-12,63.48453140258789,126.58999633789062,87.66190338134766,104.70488739013672,34.16913604736328,107.86372375488281
2016-09-13,63.302406311035156,125.75,87.27352905273438,103.5157470703125,33.373451232910156,107.10281372070312
2016-09-14,63.385868072509766,126.18000030517578,87.41059112548828,103.67011260986328,33.38853454589844,107.64366912841797
2016-09-15,63.43901443481445,125.37000274658203,87.38778686523438,103.22222137451172,33.71283721923828,109.4221420288086
2016-09-16,63.492164611816406,125.05999755859375,87.5324935913086,104.0562515258789,33.31311798095703,109.01878356933594
2016-09-19,63.44657897949219,125.31999969482422,87.42584228515625,103.71647644042969,33.53182601928711,108.89959716796875
2016-09-20,63.461830139160156,125.44000244140625,87.41059112548828,104.07936096191406,33.70528793334961,108.87477111816406
2016-09-21,63.64398193359375,127.2699966430664,87.82181549072266,104.92110443115234,34.338829040527344,110.10735321044922
2016-09-22,63.77297592163086,127.56999969482422,88.25584411621094,105.75509643554688,34.6706657409668,110.86167907714844
2016-09-23,63.7578125,127.6500015258789,88.49949645996094,105.65473937988281,34.308658599853516,109.86824035644531
2016-09-26,63.864044189453125,127.55000305175781,88.53759765625,106.32656860351562,33.96926498413086,109.16914367675781
2016-09-27,63.939937591552734,126.62000274658203,88.61371612548828,107.10649108886719,34.195526123046875,110.41095733642578
2016-09-28,63.939937591552734,126.22000122070312,88.72037506103516,106.87482452392578,34.48966979980469,110.76049041748047
2016-09-29,63.94757843017578,126.06999969482422,88.70513916015625,107.14509582519531,34.05976104736328,110.10735321044922
2016-09-30,63.864044189453125,125.63999938964844,88.70513916015625,106.18755340576172,34.263404846191406,110.72367858886719
2016-10-03,63.796382904052734,125.31999969482422,88.62137603759766,105.83709716796875,34.27095031738281,110.4017333984375
2016-10-04,63.58345413208008,120.97000122070312,88.18731689453125,104.5993423461914,34.135196685791016,110.17179107666016
2016-10-05,63.476951599121094,120.77999877929688,88.04264068603516,104.11196899414062,34.38406753540039,110.74209594726562
2016-10-06,63.45417404174805,119.66000366210938,88.08833312988281,103.53174591064453,34.240779876708984,110.90766906738281
2016-10-07,63.50739288330078,119.73999786376953,88.06549835205078,103.60138702392578,34.0446891784668,110.54893493652344
2016-10-10,63.438968658447266,120.16000366210938,87.94366455078125,102.99021911621094,34.195526123046875,111.2572021484375
2016-10-11,63.340126037597656,119.55000305175781,87.8750991821289,102.75812530517578,33.66758728027344,109.78543853759766
2016-10-12,63.37811279296875,119.73999786376953,87.84467315673828,102.85873413085938,33.64495849609375,109.8222427368164
2016-10-13,63.45417404174805,120.02999877929688,87.98173522949219,103.24552917480469,33.46396255493164,109.11394500732422
2016-10-14,63.32489013671875,119.36000061035156,87.89798736572266,101.79890441894531,33.53182601928711,109.51868438720703
2016-10-17,63.46177673339844,119.68000030517578,88.29393005371094,102.44866943359375,33.471492767333984,109.2335205078125
2016-10-18,63.54541015625,120.41999816894531,88.34721374511719,102.78137969970703,33.87875747680664,109.9234390258789
2016-10-19,63.59108352661133,121.11000061035156,88.46904754638672,102.86646270751953,33.99943161010742,110.03382110595703
2016-10-20,63.55304718017578,120.73999786376953,88.33200073242188,102.97473907470703,34.00696563720703,109.7578353881836
2016-10-21,63.60625457763672,120.83000183105469,88.43097686767578,103.12947082519531,33.9390983581543,110.31895446777344
2016-10-24,63.51502227783203,120.55999755859375,88.29393005371094,102.68077087402344,33.96171951293945,111.58836364746094
2016-10-25,63.51502227783203,121.47000122070312,88.43097686767578,102.9515609741211,33.9390983581543,111.1744384765625
2016-10-26,63.40094757080078,120.79000091552734,88.339599609375,102.25531005859375,33.72792053222656,110.61331176757812
2016-10-27,63.226036071777344,121.01000213623047,87.9588851928711,101.14132690429688,33.697750091552734,110.06139373779297
2016-10-28,63.19563674926758,121.58000183105469,88.05789947509766,100.91696166992188,33.63740921020508,110.1165771484375
2016-10-31,63.2640380859375,121.94000244140625,88.22537231445312,101.53585052490234,33.68266296386719,110.12578582763672
2016-11-01,63.24347686767578,122.7300033569336,88.23301696777344,101.54361724853516,33.546913146972656,109.2335205078125
2016-11-02,63.30440902709961,123.63999938964844,88.27111053466797,101.98539733886719,33.28293991088867,108.38728332519531
2016-11-03,63.266357421875,124.30000305175781,88.01982116699219,101.20257568359375,33.23015213012695,107.55937957763672
2016-11-04,63.380638122558594,124.38999938964844,88.24824523925781,102.10942077636719,32.928470611572266,107.25581359863281
2016-11-07,63.29682540893555,122.1500015258789,88.2025375366211,101.24132537841797,33.539363861083984,109.72103118896484
2016-11-08,63.1825065612793,121.63999938964844,88.05024719238281,100.83052062988281,33.63740921020508,110.26375579833984
2016-11-09,62.557716369628906,121.55999755859375,87.39537811279297,96.55207061767578,33.44886016845703,110.10735321044922
2016-11-10,62.291015625,119.75,87.24308776855469,95.1259536743164,33.207523345947266,108.5896224975586
2016-11-11,62.17670440673828,117.0999984741211,86.99943542480469,94.59115600585938,32.905845642089844,109.25192260742188
2016-11-14,61.94046401977539,116.11000061035156,86.32929992675781,94.02529907226562,32.672035217285156,107.73416137695312
2016-11-15,62.02429962158203,117.12000274658203,86.38264465332031,94.49034881591797,32.94355392456055,109.17835235595703
2016-11-16,62.15385818481445,116.7699966430664,86.56536865234375,95.34294128417969,32.634334564208984,110.12578582763672
2016-11-17,61.90241241455078,116.16999816894531,86.4206771850586,93.94004821777344,32.792701721191406,110.99964904785156
2016-11-18,61.75004959106445,115.1500015258789,86.291259765625,93.66875457763672,32.52119827270508,110.74209594726562
2016-11-21,61.74241256713867,115.58000183105469,86.4968032836914,93.90129852294922,32.830421447753906,111.82754516601562
2016-11-22,61.79571533203125,115.54000091552734,86.57299041748047,93.87027740478516,32.9661865234375,111.97471618652344
2016-11-23,61.635704040527344,113.25,86.28359985351562,93.50601196289062,32.830421447753906,111.57917022705078
2016-11-25,61.6585693359375,112.61000061035156,86.13890838623047,93.64551544189453,32.94355392456055,111.8735122680664
2016-11-28,61.8033561706543,113.80000305175781,86.26838684082031,94.33535766601562,32.822872161865234,111.79994201660156
2016-11-29,61.84907531738281,113.2699966430664,86.35211181640625,94.7306137084961,32.97372055053711,111.93791198730469
2016-11-30,61.635704040527344,111.75,86.39784240722656,93.19596099853516,32.9661865234375,110.7052993774414
2016-12-01,61.40668869018555,111.54000091552734,86.14906311035156,92.21197509765625,32.84550094604492,108.01930236816406
2016-12-02,61.62810516357422,112.13999938964844,86.19481658935547,92.8876953125,32.936012268066406,108.42404174804688
2016-12-05,61.70445251464844,111.54000091552734,86.31693267822266,92.78668212890625,33.18489074707031,109.63827514648438
2016-12-06,61.6967887878418,111.43000030517578,86.48483276367188,92.71675109863281,33.3809928894043,109.98780059814453
2016-12-07,61.84189224243164,111.83000183105469,86.56111907958984,93.50895690917969,33.863685607910156,111.92870330810547
2016-12-08,61.71969985961914,111.56999969482422,86.47721862792969,92.4061050415039,33.89383316040039,112.56340789794922
2016-12-09,61.53644561767578,110.4000015258789,86.08036804199219,91.25667572021484,33.97681427001953,113.16133117675781
2016-12-12,61.4677848815918,110.81999969482422,86.06510162353516,91.42749786376953,33.81088638305664,112.60941314697266
2016-12-13,61.53644561767578,110.44999694824219,86.03457641601562,91.75372314453125,34.1578254699707,113.89722442626953
2016-12-14,61.22346496582031,108.83000183105469,85.35539245605469,90.72853088378906,33.584617614746094,113.5584487915039
2016-12-15,61.131839752197266,107.33999633789062,84.82122802734375,91.18673706054688,33.539363861083984,114.05691528320312
2016-12-16,61.185264587402344,108.05000305175781,84.77542114257812,90.97704315185547,33.486568450927734,113.25383758544922
2016-12-19,61.3455924987793,108.58999633789062,85.12646484375,91.95564270019531,33.43379211425781,113.91845703125
2016-12-20,61.35321044921875,107.79000091552734,85.21044921875,91.49742889404297,33.536476135253906,114.30614471435547
2016-12-21,61.444847106933594,107.8499984741211,85.42410278320312,91.9012680053711,33.498435974121094,113.9738540649414
2016-12-22,61.40273666381836,107.58999633789062,85.691162109375,91.73697662353516,33.3691291809082,113.53997039794922
2016-12-23,61.433372497558594,107.93000030517578,85.79035949707031,91.92387390136719,33.44517135620117,113.69691467285156
2016-12-27,61.387428283691406,108.55999755859375,85.75222778320312,91.62796020507812,33.46040725708008,114.26922607421875
2016-12-28,61.540557861328125,108.86000061035156,85.97354125976562,92.29762268066406,33.3995475769043,113.12460327148438
2016-12-29,61.70891189575195,110.29000091552734,86.08036804199219,92.62467193603516,33.58970642089844,113.189208984375
2016-12-30,61.839054107666016,109.61000061035156,86.36273193359375,92.76484680175781,33.60492706298828,112.15531158447266
2017-01-03,61.846710205078125,110.47000122070312,86.44670104980469,93.1619873046875,33.848323822021484,113.04150390625
2017-01-04,61.892608642578125,110.86000061035156,86.637451171875,93.5201644897461,34.236244201660156,113.72459411621094
2017-01-05,62.206459045410156,112.58000183105469,86.93506622314453,94.98410034179688,34.55571746826172,113.80767059326172
2017-01-06,61.961509704589844,111.75,86.57637786865234,94.11199951171875,34.42640686035156,114.85076141357422
2017-01-09,62.11461639404297,112.66999816894531,86.7137451171875,94.86727905273438,34.38838195800781,115.0538330078125
2017-01-10,62.09931182861328,113.1500015258789,86.78244018554688,94.80500030517578,34.40359878540039,115.04460144042969
2017-01-11,62.129947662353516,113.5,87.05718994140625,95.1242904663086,34.685028076171875,115.74618530273438
2017-01-12,62.145233154296875,113.91000366210938,87.13347625732422,94.91399383544922,34.700252532958984,115.39537811279297
2017-01-13,62.04571533203125,114.20999908447266,86.98086547851562,94.46234893798828,34.81433868408203,115.84770202636719
2017-01-17,62.23707580566406,115.8499984741211,87.25557708740234,95.45130920410156,34.753475189208984,115.20154571533203
2017-01-18,61.91558074951172,114.87000274658203,86.82826232910156,94.228759765625,34.593746185302734,115.64459991455078
2017-01-19,61.80845260620117,114.7699966430664,86.75955963134766,93.58248901367188,34.517696380615234,115.31230163574219
2017-01-20,61.85433578491211,115.05000305175781,86.77483367919922,93.39555358886719,34.685028076171875,115.93077850341797
2017-01-23,62.022743225097656,115.79000091552734,87.1258773803711,94.33000946044922,34.783912658691406,115.98617553710938
2017-01-24,61.930931091308594,115.2699966430664,86.98086547851562,93.68367767333984,34.966461181640625,117.22311401367188
2017-01-25,61.7471809387207,114.31999969482422,86.6984634399414,92.50788116455078,35.29353332519531,118.47852325439453
2017-01-26,61.770164489746094,113.26000213623047,86.82826232910156,92.81934356689453,35.179439544677734,118.18309020996094
2017-01-27,61.839054107666016,113.48999786376953,86.9732437133789,93.1541976928711,35.11859130859375,118.51545715332031
2017-01-30,61.82373809814453,113.97000122070312,86.95036315917969,92.8738784790039,34.89801025390625,117.5554428100586
2017-01-31,61.95383071899414,115.55000305175781,87.13347625732422,93.5201644897461,34.996891021728516,116.9923324584961
2017-02-01,61.84493637084961,115.19999694824219,86.95036315917969,92.94188690185547,35.080562591552734,117.83233642578125
2017-02-02,61.88331985473633,115.83999633789062,86.95796203613281,92.90287017822266,35.12620544433594,117.88774871826172
2017-02-03,61.89863967895508,116.12999725341797,86.86640930175781,92.86388397216797,35.301143646240234,118.82929992675781
2017-02-06,62.09038543701172,117.69999694824219,87.08007049560547,93.42569732666016,35.080562591552734,118.99546813964844
2017-02-07,62.19010543823242,117.45999908447266,87.04190826416016,94.11248779296875,35.004493713378906,119.42005920410156
2017-02-08,62.35887145996094,118.19000244140625,87.24794006347656,95.39222717285156,35.12620544433594,119.6231460571289
2017-02-09,62.19010543823242,117.29000091552734,87.08007049560547,94.29197692871094,35.24029541015625,120.20468139648438
2017-02-10,62.17477035522461,117.5999984741211,87.14874267578125,94.23735809326172,35.392398834228516,120.4908447265625
2017-02-13,62.1057243347168,116.80000305175781,87.01139068603516,93.9407730102539,35.55975341796875,121.15548706054688
2017-02-14,61.97536087036133,116.93000030517578,86.8053207397461,93.26185607910156,35.521724700927734,121.58934020996094
2017-02-15,61.87561798095703,117.44999694824219,86.91981506347656,92.83270263671875,35.70427703857422,122.12468719482422
2017-02-16,61.99066162109375,118.08000183105469,86.91981506347656,93.33987426757812,35.74231719970703,122.2908706665039
2017-02-17,62.13640594482422,117.68000030517578,87.11824035644531,93.89395141601562,35.651031494140625,122.65087890625
2017-02-21,62.12871551513672,117.75,87.110595703125,93.7300796508789,35.818382263183594,123.38013458251953
2017-02-22,62.16709899902344,117.91000366210938,87.27086639404297,93.88617706298828,35.825992584228516,123.53704071044922
2017-02-23,62.28211212158203,118.94000244140625,87.47689819335938,94.16712188720703,35.87923049926758,123.25086975097656
2017-02-24,62.512245178222656,119.69999694824219,87.72874450683594,95.21282958984375,35.56736373901367,123.5001449584961
2017-02-27,62.38185119628906,119.12000274658203,87.49217224121094,94.65088653564453,35.54454803466797,123.52777862548828
2017-02-28,62.335838317871094,119.2300033569336,87.49217224121094,95.0020751953125,35.43805694580078,122.7708969116211
2017-03-01,62.0806999206543,119.05999755859375,86.96562194824219,93.41021728515625,35.825992584228516,124.4970474243164
2017-03-02,61.965415954589844,117.58000183105469,86.69088745117188,93.07401275634766,35.529335021972656,123.57395935058594
2017-03-03,62.011531829833984,117.51000213623047,86.88927459716797,93.31639862060547,35.719486236572266,123.7862777709961
2017-03-06,61.973087310791016,116.72000122070312,86.79771423339844,92.87071228027344,35.635826110839844,123.55551147460938
2017-03-07,61.8577995300293,115.77999877929688,86.64508056640625,92.5892333984375,35.55215072631836,123.65705108642578
2017-03-08,61.71180725097656,115.05999755859375,86.27115631103516,92.08882904052734,35.36961364746094,123.80473327636719
2017-03-09,61.519676208496094,114.47000122070312,86.04222106933594,91.35388946533203,35.40763473510742,123.73084259033203
2017-03-10,61.64263916015625,114.72000122070312,86.2024917602539,91.6744384765625,35.696678161621094,124.36784362792969
2017-03-13,61.519676208496094,114.73999786376953,86.00407409667969,91.09590911865234,35.924869537353516,124.53398895263672
2017-03-14,61.511993408203125,114.12000274658203,85.9429931640625,91.53369140625,35.658653259277344,124.19239044189453
2017-03-15,61.89623260498047,116.25,86.72140502929688,92.65177917480469,36.24433898925781,124.98626708984375
2017-03-16,61.80401611328125,116.7300033569336,86.66033172607422,92.18265533447266,36.47251892089844,125.32782745361328
2017-03-17,61.927001953125,116.98999786376953,86.85111999511719,92.76119995117188,36.49534606933594,125.3463134765625
2017-03-20,62.049903869628906,117.51000213623047,86.98086547851562,93.1600112915039,36.518165588378906,125.51242065429688
2017-03-21,62.19599533081055,118.54000091552734,87.04190826416016,93.9340591430664,36.274757385253906,123.49085998535156
2017-03-22,62.2805290222168,118.83000183105469,87.18692016601562,94.30934143066406,36.36862564086914,124.42322540283203
2017-03-23,62.249732971191406,118.66999816894531,87.08773040771484,94.17643737792969,36.42203140258789,124.11857604980469
2017-03-24,62.234405517578125,118.86000061035156,87.3395004272461,94.51261901855469,36.52122497558594,124.20469665527344
2017-03-27,62.365055084228516,119.52999877929688,87.50740051269531,94.94261932373047,36.58991241455078,124.29724884033203
2017-03-28,62.249732971191406,119.04000091552734,87.21739959716797,94.30934143066406,36.704376220703125,125.15802001953125
2017-03-29,62.37273406982422,119.33000183105469,87.44636535644531,94.87229919433594,36.765411376953125,125.4542236328125
2017-03-30,62.272796630859375,118.47000122070312,87.232666015625,94.1061019897461,36.62042999267578,125.5837631225586
2017-03-31,62.31124496459961,118.72000122070312,87.49217224121094,94.37971496582031,36.49833679199219,125.53750610351562
2017-04-03,62.537681579589844,119.3499984741211,87.70230102539062,95.33169555664062,36.50597381591797,125.16728973388672
2017-04-04,62.468360900878906,119.62000274658203,87.60295104980469,94.81456756591797,36.53649139404297,125.09322357177734
2017-04-05,62.52228546142578,119.62000274658203,87.77103424072266,95.10448455810547,36.35335922241211,124.63971710205078
2017-04-06,62.54533004760742,119.18000030517578,87.72522735595703,94.96345520019531,36.360992431640625,124.69522857666016
2017-04-07,62.40673065185547,119.45999908447266,87.38134002685547,94.57953643798828,36.31520462036133,124.61190032958984
2017-04-10,62.468360900878906,119.45999908447266,87.42720794677734,95.01827239990234,36.26178741455078,124.54711151123047
2017-04-11,62.668643951416016,121.19000244140625,87.59529876708984,95.91934967041016,36.376243591308594,124.11212158203125
2017-04-12,62.81492614746094,122.0199966430664,87.92393493652344,96.44432830810547,36.42203140258789,123.47344970703125
2017-04-13,62.90733337402344,122.5999984741211,88.05384063720703,96.74211120605469,36.16259765625,123.01068115234375
2017-04-17,62.868831634521484,122.23999786376953,87.84751892089844,96.44432830810547,36.46781921386719,124.17687225341797
2017-04-18,63.092166900634766,122.81999969482422,88.03853607177734,97.705810546875,36.2083740234375,124.14916229248047
2017-04-19,62.97663879394531,121.7300033569336,87.87803649902344,97.1729965209961,36.025230407714844,124.16761779785156
2017-04-20,62.891937255859375,121.95999908447266,87.78636169433594,96.79691314697266,36.35335922241211,125.4263916015625
2017-04-21,62.90733337402344,122.30999755859375,87.66407775878906,96.79691314697266,36.36862564086914,125.3338851928711
2017-04-24,62.822628021240234,121.4800033569336,87.64115142822266,96.3189697265625,37.1317024230957,126.99993133544922
2017-04-25,62.63007736206055,120.25,87.49598693847656,95.1593246459961,37.398780822753906,127.78672790527344
2017-04-26,62.69169235229492,120.83999633789062,87.67938995361328,95.684326171875,37.27667999267578,127.490478515625
2017-04-27,62.73792266845703,120.38999938964844,87.75579071044922,95.65292358398438,37.26143264770508,128.27723693847656
2017-04-28,62.80721664428711,120.7699966430664,87.8857192993164,95.864501953125,37.26143264770508,128.4716339111328
2017-05-01,62.6899299621582,119.66999816894531,87.59002685546875,95.06758117675781,37.36063003540039,129.61932373046875
2017-05-02,62.7979850769043,119.6500015258789,87.59002685546875,95.55435943603516,37.59718704223633,129.87850952148438
2017-05-03,62.728553771972656,117.9800033569336,87.39850616455078,95.61721801757812,37.467464447021484,129.64715576171875
2017-05-04,62.65907287597656,116.79000091552734,87.06907653808594,95.14608001708984,37.62007522583008,129.83218383789062
2017-05-05,62.69763946533203,117.01000213623047,87.13800048828125,95.23247528076172,37.986351013183594,130.43385314941406
2017-05-08,62.58959197998047,116.75,86.80097198486328,94.7142333984375,37.78794479370117,130.868896484375
2017-05-09,62.558753967285156,116.05000305175781,86.72437286376953,94.70645904541016,37.80321502685547,131.14657592773438
2017-05-10,62.55101013183594,116.04000091552734,86.75501251220703,94.59647369384766,37.87952423095703,131.65567016601562
2017-05-11,62.59731674194336,116.5,87.01542663574219,94.59647369384766,37.84138107299805,131.47979736328125
2017-05-12,62.78253173828125,116.83000183105469,87.1533432006836,95.3109359741211,38.032142639160156,131.8407745361328
2017-05-15,62.76708984375,117.13999938964844,86.92355346679688,95.05182647705078,38.27632522583008,132.72935485839844
2017-05-16,62.828853607177734,117.6500015258789,86.98480224609375,95.4051742553711,38.428951263427734,133.4698486328125
2017-05-17,63.168399810791016,119.79000091552734,87.49041748046875,96.79491424560547,37.97108840942383,129.6286163330078
2017-05-18,63.114376068115234,118.80999755859375,87.62832641601562,96.90483856201172,37.848995208740234,130.25804138183594
2017-05-19,63.15299987792969,119.4000015258789,87.7815170288086,97.13253021240234,38.36790084838867,130.99844360351562
2017-05-22,63.09891891479492,119.9000015258789,87.64363098144531,96.86560821533203,38.436588287353516,132.34059143066406
2017-05-23,62.96774673461914,119.13999938964844,87.51337432861328,96.21390533447266,38.428951263427734,132.4516143798828
2017-05-24,63.09891891479492,119.61000061035156,87.56700134277344,96.75569152832031,38.51288986206055,133.09959411621094
2017-05-25,63.09891891479492,119.4800033569336,87.42916107177734,96.78711700439453,38.520503997802734,134.17327880859375
2017-05-26,63.1298828125,120.54000091552734,87.63597106933594,96.95198822021484,38.46710968017578,134.17327880859375
2017-05-30,63.222434997558594,120.13999938964844,87.82747650146484,97.43095397949219,38.40605545043945,134.50648498535156
2017-05-31,63.253299713134766,120.62000274658203,87.85045623779297,97.67430877685547,38.39841842651367,134.13623046875
2017-06-01,63.27033996582031,120.72000122070312,87.8105239868164,97.68452453613281,38.65787887573242,134.7933807373047
2017-06-02,63.47916793823242,121.61000061035156,88.16373443603516,98.84117889404297,38.986000061035156,136.0244140625
2017-06-05,63.378623962402344,121.7300033569336,87.93340301513672,98.22744750976562,38.85627746582031,136.17250061035156
2017-06-06,63.49461364746094,123.0999984741211,88.033203125,98.76248168945312,38.76469421386719,135.95040893554688
2017-06-07,63.40950012207031,122.44999694824219,87.82588958740234,98.2904052734375,38.72654724121094,136.24655151367188
2017-06-08,63.36317825317383,121.6500015258789,87.73372650146484,98.0307388305664,38.68839645385742,136.79270935058594
2017-06-09,63.308990478515625,120.54000091552734,87.65699005126953,97.88126373291016,38.54340362548828,132.9977569580078
2017-06-12,63.293514251708984,120.36000061035156,87.47273254394531,97.84976196289062,38.39841842651367,131.9888916015625
2017-06-13,63.308990478515625,120.4800033569336,87.6186294555664,97.86546325683594,38.711280822753906,133.13662719726562
2017-06-14,63.54097366333008,119.81999969482422,87.63391876220703,99.37620544433594,38.68839645385742,132.36834716796875
2017-06-15,63.47138977050781,119.31999969482422,87.2040023803711,99.21885681152344,38.283958435058594,131.7482147216797
2017-06-16,63.54097366333008,119.33999633789062,87.28079223632812,99.41555786132812,38.57392501831055,131.53538513183594
2017-06-19,63.448177337646484,118.43000030517578,87.1809310913086,99.27393341064453,38.73417663574219,133.65492248535156
2017-06-20,63.54097366333008,118.18000030517578,87.27307891845703,100.16305541992188,38.34500503540039,132.54420471191406
2017-06-21,63.571964263916016,118.5199966430664,87.41124725341797,100.36762237548828,38.361202239990234,133.44203186035156
2017-06-22,63.59514617919922,118.91999816894531,87.69537353515625,100.58788299560547,38.44606018066406,133.6455841064453
2017-06-23,63.6105842590332,119.43000030517578,87.76441955566406,100.54071044921875,38.53862380981445,134.5249481201172
2017-06-26,63.68019485473633,118.36000061035156,87.90267944335938,100.91840362548828,38.6389045715332,133.80299377441406
2017-06-27,63.46368408203125,118.80999755859375,87.48809051513672,99.8404312133789,38.592613220214844,131.55384826660156
2017-06-28,63.46368408203125,118.9000015258789,87.55720520019531,99.50999450683594,38.93204116821289,133.26739501953125
2017-06-29,63.332176208496094,118.31999969482422,87.21163940429688,98.67594909667969,38.5232048034668,130.9096221923828
2017-06-30,63.285823822021484,118.0199966430664,87.08880615234375,98.4477767944336,38.592613220214844,130.73330688476562
2017-07-03,63.29277801513672,116.08999633789062,86.92872619628906,98.13076782226562,38.631202697753906,129.67507934570312
2017-07-05,63.33159637451172,116.5199966430664,87.0595932006836,98.15446472167969,38.584903717041016,131.0117950439453
2017-07-06,63.18404006958008,116.47000122070312,86.83636474609375,97.34235382080078,38.37662887573242,129.83285522460938
2017-07-07,63.16851806640625,115.27999877929688,86.56694030761719,96.75890350341797,38.41521072387695,131.5315704345703
2017-07-10,63.19960403442383,115.47000122070312,86.52843475341797,96.90081024169922,38.54633712768555,132.48764038085938
2017-07-11,63.261722564697266,115.62000274658203,86.8055419921875,97.06636047363281,38.6851921081543,132.9981689453125
2017-07-12,63.409278869628906,116.02999877929688,87.0595932006836,97.73655700683594,39.0786018371582,134.81752014160156
2017-07-13,63.385982513427734,115.81999969482422,87.0287857055664,97.12159729003906,39.232879638671875,135.14244079589844
2017-07-14,63.409278869628906,116.7699966430664,87.02108764648438,97.23986053466797,39.54914093017578,136.2470245361328
2017-07-17,63.49469757080078,117.29000091552734,87.19812774658203,97.5079574584961,39.44114685058594,136.33050537109375
2017-07-18,63.642242431640625,118.11000061035156,87.44446563720703,98.35945129394531,39.518287658691406,136.9803009033203
2017-07-19,63.650020599365234,118.08000183105469,87.51371765136719,98.3988265991211,39.71114730834961,137.8064422607422
2017-07-20,63.68885040283203,118.23999786376953,87.29820251464844,98.6827392578125,39.83456802368164,137.9364013671875
2017-07-21,63.75872802734375,119.26000213623047,87.42908477783203,99.10059356689453,39.70342254638672,137.63937377929688
2017-07-24,63.72768020629883,119.30999755859375,87.42908477783203,98.71424865722656,39.67256164550781,138.1870574951172
2017-07-25,63.486900329589844,118.91999816894531,87.0903549194336,97.4290771484375,39.71114730834961,138.0198974609375
2017-07-26,63.642242431640625,119.87999725341797,87.3443832397461,97.5867919921875,39.91169357299805,138.2705841064453
2017-07-27,63.5645866394043,119.79000091552734,87.28279876708984,97.10580444335938,39.81141662597656,137.01747131347656
2017-07-28,63.68107604980469,120.69000244140625,87.49063110351562,97.68136596679688,39.83456802368164,136.82247924804688
2017-07-31,63.673282623291016,120.75,87.49063110351562,97.79965209960938,39.896278381347656,136.1356658935547
2017-08-01,63.93218994140625,120.6500015258789,87.56543731689453,98.48633575439453,40.135398864746094,136.8596649169922
2017-08-02,63.893245697021484,120.4000015258789,87.51919555664062,98.54161834716797,40.166263580322266,137.04530334472656
2017-08-03,64.02582550048828,120.58999633789062,87.75824737548828,99.5609359741211,40.09683609008789,136.66473388671875
2017-08-04,63.92441940307617,119.6500015258789,87.63487243652344,98.71546936035156,40.166263580322266,136.8596649169922
2017-08-07,63.94780731201172,119.51000213623047,87.73512268066406,98.82610321044922,40.2433967590332,137.6950225830078
2017-08-08,63.862030029296875,119.86000061035156,87.79682159423828,98.47051239013672,40.058265686035156,137.51864624023438
2017-08-09,63.90884017944336,121.30999755859375,87.95881652832031,99.0077896118164,39.92713165283203,137.3887481689453
2017-08-10,64.00240325927734,122.20999908447266,88.18243408203125,99.85331726074219,39.29458999633789,134.4647674560547
2017-08-11,64.05702209472656,122.79000091552734,88.12845611572266,99.90069580078125,39.2868766784668,135.52297973632812
2017-08-14,64.0102310180664,121.91999816894531,87.78141021728516,99.38710021972656,39.61085891723633,137.713623046875
2017-08-15,63.90106201171875,120.9800033569336,87.51919555664062,98.96829223632812,39.54914093017578,137.9827880859375
2017-08-16,63.99463653564453,121.87000274658203,87.67340087890625,99.33179473876953,39.81141662597656,138.45620727539062
2017-08-17,64.1115951538086,122.48999786376953,87.88936614990234,100.07452392578125,39.38715744018555,135.70864868164062
2017-08-18,64.08036804199219,122.30000305175781,87.90481567382812,100.05086517333984,39.50285339355469,135.67152404785156
2017-08-21,64.1115951538086,122.76000213623047,87.93566131591797,100.2957992553711,39.556861877441406,135.51370239257812
2017-08-22,64.03362274169922,122.20999908447266,87.82765197753906,99.90861511230469,39.765140533447266,137.50936889648438
2017-08-23,64.22077178955078,122.66999816894531,88.06673431396484,100.58812713623047,39.83456802368164,137.25885009765625
2017-08-24,64.12718200683594,122.29000091552734,87.84309387207031,100.21678161621094,39.78827667236328,137.24024963378906
2017-08-25,64.20516204833984,122.73999786376953,87.98963165283203,100.60391235351562,40.058265686035156,137.14743041992188
2017-08-28,64.23637390136719,124.69000244140625,88.05902099609375,100.54070281982422,40.03512191772461,137.50013732910156
2017-08-29,64.30657196044922,124.41999816894531,88.1978530883789,100.86473846435547,39.90398025512695,138.05711364746094
2017-08-30,64.29876708984375,124.36000061035156,88.17473602294922,100.83309936523438,39.82685089111328,139.3380584716797
2017-08-31,64.35336303710938,125.81999969482422,88.39836883544922,101.13336181640625,40.150821685791016,140.3683624267578
2017-09-01,64.24703979492188,126.05999755859375,88.19511413574219,100.35980987548828,40.26653289794922,140.2662811279297
2017-09-05,64.51276397705078,127.45999908447266,88.76702880859375,101.95126342773438,39.942562103271484,139.0781707763672
2017-09-06,64.40337371826172,126.80999755859375,88.6588363647461,101.32579040527344,40.21255111694336,139.2916717529297
2017-09-07,64.60652923583984,128.1300048828125,89.02979278564453,102.363037109375,40.50566101074219,139.9413604736328
2017-09-08,64.53626251220703,127.97000122070312,89.04520416259766,102.141357421875,40.4902458190918,138.82752990722656
2017-09-11,64.34083557128906,126.19000244140625,88.70516967773438,100.92198181152344,40.79879379272461,140.90679931640625
2017-09-12,64.24703979492188,126.55999755859375,88.558349609375,100.39144134521484,40.860504150390625,141.15736389160156
2017-09-13,64.16891479492188,125.61000061035156,88.39606475830078,99.99559020996094,40.66765594482422,140.89749145507812
2017-09-14,64.2080078125,126.16000366210938,88.53516387939453,100.40727233886719,40.775665283203125,140.51693725585938
2017-09-15,64.21578979492188,125.52999877929688,88.48881530761719,100.44689178466797,40.84507751464844,140.91610717773438
2017-09-18,64.16891479492188,124.36000061035156,88.45014953613281,99.86886596679688,40.922218322753906,141.0645751953125
2017-09-19,64.12198638916016,124.62000274658203,88.34966278076172,99.62344360351562,41.06106948852539,141.54727172851562
2017-09-20,64.06729888916016,123.62000274658203,88.10237884521484,99.6946792602539,41.005226135253906,140.84178161621094
2017-09-21,64.05168151855469,122.68000030517578,87.90144348144531,99.63926696777344,40.93539810180664,140.05279541015625
2017-09-22,64.11421203613281,123.23999786376953,88.12559509277344,99.92431640625,40.98970413208008,140.16421508789062
2017-09-25,64.2548599243164,124.52999877929688,88.37287902832031,100.54983520507812,40.67939758300781,138.2519989013672
2017-09-26,64.22358703613281,123.13999938964844,88.3033447265625,100.36772155761719,40.57856369018555,138.70680236816406
2017-09-27,64.02824401855469,121.9800033569336,88.03282165527344,98.85537719726562,40.55529022216797,140.3907470703125
2017-09-28,64.04386901855469,122.20999908447266,87.97099304199219,98.56241607666016,40.625099182128906,140.5955352783203
2017-09-29,64.05168151855469,121.58000183105469,87.77781677246094,98.78413391113281,40.88887023925781,141.47987365722656
2017-10-02,64.02662658691406,120.7699966430664,87.66027069091797,98.60321044921875,40.88887023925781,141.88011169433594
2017-10-03,64.05796813964844,120.83000183105469,87.74531555175781,98.6984634399414,41.106056213378906,142.2431182861328
2017-10-04,64.05796813964844,121.16999816894531,87.82261657714844,98.7063980102539,41.082786560058594,142.1593780517578
2017-10-05,64.01100158691406,120.5199966430664,87.7298812866211,98.33345794677734,41.06727600097656,143.49978637695312
2017-10-06,63.940494537353516,121.08999633789062,87.66027069091797,98.0557861328125,41.0362434387207,143.9373016357422
2017-10-09,64.00312805175781,122.08000183105469,87.6911849975586,98.36520385742188,41.005226135253906,144.25381469726562
2017-10-10,64.03449249267578,122.4000015258789,87.84580993652344,98.52386474609375,41.38533020019531,144.3468780517578
2017-10-11,64.06578826904297,122.79000091552734,87.9540786743164,98.71429443359375,41.50169372558594,144.93328857421875
2017-10-12,64.12060546875,122.88999938964844,88.11641693115234,99.1347885131836,41.51719284057617,145.04502868652344
2017-10-13,64.25373840332031,123.81999969482422,88.24011993408203,99.84883880615234,41.76543426513672,145.7058563232422
2017-10-16,64.19108581542969,122.97000122070312,88.03913116455078,99.77742767333984,41.74216842651367,146.09683227539062
2017-10-17,64.19892120361328,122.12999725341797,87.87677001953125,99.90441131591797,41.625797271728516,146.02239990234375
2017-10-18,64.09709167480469,121.66999816894531,87.76851654052734,99.24589538574219,41.69561767578125,146.52505493164062
2017-10-19,64.12842559814453,122.38999938964844,87.88448333740234,99.42042541503906,41.571495056152344,146.04104614257812
2017-10-20,63.97184371948242,121.61000061035156,87.68345642089844,98.36520385742188,41.54822540283203,147.01841735839844
2017-10-23,64.02662658691406,121.80000305175781,87.6911849975586,98.53972625732422,41.40859603881836,146.48782348632812
2017-10-24,63.916969299316406,121.33000183105469,87.56749725341797,97.92884826660156,41.50169372558594,146.96258544921875
2017-10-25,63.862186431884766,121.3499984741211,87.47469329833984,97.46076202392578,41.3620491027832,146.4226531982422
2017-10-26,63.783851623535156,120.33000183105469,87.43608856201172,97.13544464111328,41.28447723388672,147.0370330810547
2017-10-27,63.9248161315918,120.9000015258789,87.71440887451172,97.77808380126953,41.486175537109375,150.78836059570312
2017-10-30,64.07359313964844,121.12999725341797,87.94629669189453,98.71429443359375,41.509437561035156,151.28170776367188
2017-10-31,64.03449249267578,120.66999816894531,87.9849853515625,98.74603271484375,41.687870025634766,151.942626953125
2017-11-01,64.0760498046875,121.11000061035156,88.07642364501953,99.18568420410156,41.78870391845703,151.88670349121094
2017-11-02,64.13882446289062,121.19000244140625,88.20811462402344,99.6230239868164,41.92056655883789,151.99844360351562
2017-11-03,64.19377899169922,120.62000274658203,88.27008056640625,99.893310546875,41.827491760253906,153.20852661132812
2017-11-06,64.2408676147461,121.6500015258789,88.41722869873047,100.26705169677734,41.98264694213867,153.89735412597656
2017-11-07,64.2643814086914,121.20999908447266,88.54119873046875,100.68840789794922,41.819740295410156,153.83221435546875
2017-11-08,64.21730041503906,121.62999725341797,88.48695373535156,100.46578979492188,41.96710968017578,154.7258758544922
2017-11-09,64.15451049804688,122.12999725341797,88.47148132324219,100.17955780029297,41.73440933227539,153.34817504882812
2017-11-10,63.89555358886719,121.12999725341797,88.08416748046875,98.66889953613281,41.625797271728516,153.40403747558594
2017-11-13,63.90342330932617,121.30999755859375,88.07642364501953,98.87564086914062,41.45514678955078,153.3761444091797
2017-11-14,63.98186492919922,121.55999755859375,88.18486022949219,99.54348754882812,41.393089294433594,153.1061553955078
2017-11-15,64.13097381591797,121.41000366210938,88.43274688720703,100.62479400634766,41.160362243652344,151.942626953125
2017-11-16,64.044677734375,121.4000015258789,88.24683380126953,99.75019073486328,41.618045806884766,154.0370330810547
2017-11-17,64.10748291015625,122.86000061035156,88.40174102783203,100.48965454101562,41.55599594116211,153.25506591796875
2017-11-20,64.06818389892578,121.30999755859375,88.27008056640625,100.44987487792969,41.64131164550781,153.7949981689453
2017-11-21,64.1231460571289,121.51000213623047,88.26234436035156,100.76793670654297,41.99040222167969,155.68463134765625
2017-11-22,64.2565689086914,122.62999725341797,88.52570343017578,101.09386444091797,42.12228012084961,155.27505493164062
2017-11-24,64.2408676147461,122.31999969482422,88.41722869873047,100.81562042236328,42.3239631652832,156.16864013671875
2017-11-27,64.21730041503906,122.83000183105469,88.40174102783203,100.67252349853516,42.01366424560547,156.0011444091797
2017-11-28,64.21730041503906,122.80999755859375,88.39398956298828,100.8076400756836,42.24639892578125,156.39210510253906
2017-11-29,64.06034851074219,122.04000091552734,88.15384674072266,99.8138427734375,41.99040222167969,152.33355712890625
2017-11-30,63.9661865234375,121.0999984741211,88.06090545654297,99.4798812866211,41.95161819458008,153.5995330810547
2017-12-01,64.13762664794922,121.58999633789062,88.39624786376953,100.82232666015625,41.83524703979492,152.75245666503906
2017-12-04,64.14547729492188,121.18000030517578,88.4273910522461,100.87015533447266,41.71113586425781,149.78302001953125
2017-12-05,64.2241439819336,120.31999969482422,88.52073669433594,101.3720703125,41.65683364868164,150.12745666503906
2017-12-06,64.29486846923828,120.06999969482422,88.6141128540039,101.72260284423828,41.424110412597656,151.08621215820312
2017-12-07,64.20840454101562,118.48999786376953,88.49740600585938,100.9258804321289,41.509437561035156,152.17532348632812
2017-12-08,64.18482971191406,118.4800033569336,88.45850372314453,100.933837890625,41.79646301269531,152.75245666503906
2017-12-11,64.13762664794922,118.01000213623047,88.38849639892578,100.72676086425781,41.91282272338867,153.9718780517578
2017-12-12,64.12975311279297,118.1500015258789,88.45850372314453,100.68690490722656,41.89731216430664,153.58091735839844
2017-12-13,64.31063079833984,119.16999816894531,88.6141128540039,101.44374084472656,42.11451721191406,153.73916625976562
2017-12-14,64.33418273925781,118.93000030517578,88.6141128540039,101.8740234375,41.90507507324219,153.59637451171875
2017-12-15,64.34207916259766,119.18000030517578,88.6141128540039,102.25643920898438,41.889556884765625,155.36033630371094
2017-12-18,64.23983001708984,119.7300033569336,88.45850372314453,101.3242416381836,42.37826156616211,156.8256378173828
2017-12-19,64.0432357788086,119.81999969482422,88.19396209716797,100.00968933105469,42.24639892578125,155.99501037597656
2017-12-20,63.91742706298828,120.13999938964844,87.89830780029297,98.90232849121094,42.223114013671875,155.8269805908203
2017-12-21,63.956695556640625,120.30999755859375,88.12890625,99.47868347167969,42.413246154785156,155.43496704101562
2017-12-22,63.98822784423828,120.94000244140625,88.18346405029297,99.6144790649414,42.53842544555664,155.2483367919922
2017-12-26,64.05206298828125,121.7699966430664,88.26133728027344,99.90982818603516,42.546241760253906,154.1656494140625
2017-12-27,64.24917602539062,122.2300033569336,88.62760162353516,101.21116638183594,42.64012908935547,154.4083251953125
2017-12-28,64.2097396850586,122.8499984741211,88.6587142944336,101.12337493896484,42.75748825073242,154.54830932617188
2017-12-29,64.31224822998047,123.6500015258789,88.88468933105469,101.2830581665039,42.81226348876953,153.7456817626953
2018-01-02,64.13092041015625,125.1500015258789,88.66654205322266,100.18927764892578,43.273868560791016,155.84564208984375
2018-01-03,64.18609619140625,124.81999969482422,88.75224304199219,100.66831970214844,43.547706604003906,157.46961975097656
2018-01-04,64.15457916259766,125.45999908447266,88.7756118774414,100.65237426757812,43.89194107055664,158.37493896484375
2018-01-05,64.06784057617188,125.33000183105469,88.76004028320312,100.36495208740234,44.150142669677734,160.0642852783203
2018-01-08,64.07572174072266,125.30999755859375,88.66654205322266,100.30104064941406,44.15796661376953,160.82958984375
2018-01-09,63.88652038574219,124.7300033569336,88.37825012207031,98.95974731445312,44.173606872558594,160.41891479492188
2018-01-10,63.8943977355957,125.02999877929688,88.34709930419922,98.84000396728516,44.04060745239258,159.89625549316406
2018-01-11,63.8943977355957,125.44000244140625,88.25358581542969,99.2471923828125,44.31443405151367,160.94151306152344
2018-01-12,63.88652038574219,126.95999908447266,88.33927917480469,99.41483306884766,44.72909927368164,161.8656005859375
2018-01-16,63.933780670166016,127.16999816894531,88.48734283447266,99.83006286621094,44.69782257080078,161.13754272460938
2018-01-17,63.86286544799805,126.13999938964844,88.42501068115234,99.69428253173828,45.03424072265625,163.6014862060547
2018-01-18,63.73667526245117,125.86000061035156,88.34709930419922,98.7681655883789,44.98729705810547,163.9281768798828
2018-01-19,63.602684020996094,126.41999816894531,88.19905090332031,98.24919891357422,45.18288803100586,164.2734832763672
2018-01-22,63.555362701416016,126.6500015258789,88.15226745605469,98.34503173828125,45.441078186035156,165.54278564453125
2018-01-23,63.72090148925781,127.27999877929688,88.28477478027344,98.7681655883789,45.613189697265625,166.55078125
2018-01-24,63.64998245239258,128.8300018310547,88.2224349975586,98.23324584960938,45.808807373046875,165.0668487548828
2018-01-25,63.82341003417969,127.97000122070312,88.38605499267578,99.03962707519531,45.64450454711914,164.6374969482422
2018-01-26,63.70515441894531,128.07000732421875,88.3315200805664,98.67231750488281,46.07481002807617,167.2415008544922
2018-01-29,63.61843490600586,127.3499984741211,88.12115478515625,97.9857177734375,45.581912994384766,165.86019897460938
2018-01-30,63.50015640258789,126.80000305175781,87.91077423095703,97.41090393066406,45.16724395751953,164.1988525390625
2018-01-31,63.51594924926758,127.6500015258789,88.12890625,97.9857177734375,45.2533073425293,165.35617065429688
2018-02-01,63.33971405029297,128.07000732421875,87.677734375,96.56566619873047,45.21418380737305,165.23484802246094
2018-02-02,63.15007400512695,126.38999938964844,87.56861877441406,95.66961669921875,44.181434631347656,160.58692932128906
2018-02-05,63.42668533325195,126.70999908447266,87.89594268798828,96.57367706298828,42.51494216918945,154.30567932128906
2018-02-06,63.22121047973633,125.37999725341797,87.53742980957031,95.9736099243164,43.3990478515625,158.20703125
2018-02-07,63.078983306884766,124.79000091552734,87.34263610839844,95.06156158447266,42.60101318359375,156.43356323242188
2018-02-08,63.03154373168945,124.9800033569336,87.16337585449219,94.95755004882812,41.458717346191406,149.99374389648438
2018-02-09,62.87351608276367,124.7699966430664,86.89064025878906,94.3575668334961,41.826454162597656,153.61500549316406
2018-02-12,62.889347076416016,125.37000274658203,86.95296478271484,94.77356719970703,42.40541076660156,156.3589324951172
2018-02-13,62.94466781616211,126.08000183105469,87.01535034179688,95.19758605957031,42.428890228271484,156.8442840576172
2018-02-14,62.73917770385742,128.22999572753906,86.93739318847656,94.14149475097656,43.21910095214844,160.04554748535156
2018-02-15,62.80242919921875,128.3800048828125,86.98414611816406,94.4615249633789,43.64158248901367,163.13487243652344
2018-02-16,62.936729431152344,127.95999908447266,87.12439727783203,94.97355651855469,43.69635009765625,162.72422790527344
2018-02-20,62.87351608276367,126.23999786376953,87.05429077148438,94.55754852294922,43.28950881958008,163.12551879882812
2018-02-21,62.636474609375,125.66000366210938,86.8049087524414,93.39745330810547,43.14085388183594,162.31350708007812
2018-02-22,62.71547317504883,126.30000305175781,86.88285064697266,93.67748260498047,43.28168487548828,162.36956787109375
2018-02-23,62.881404876708984,126.13999938964844,87.20234680175781,94.50952911376953,43.76676940917969,165.6734619140625
2018-02-26,62.91301345825195,126.44999694824219,87.31145477294922,94.54154205322266,44.11102294921875,168.146728515625
2018-02-27,62.77869415283203,125.12999725341797,87.09326934814453,94.40553283691406,43.359928131103516,166.6068115234375
2018-02-28,62.85770797729492,125.0,87.2179183959961,95.00554656982422,42.85137176513672,165.5148162841797
2018-03-01,62.964637756347656,124.72000122070312,87.48289489746094,95.65408325195312,42.37411880493164,162.910888671875
2018-03-02,62.84580612182617,125.38999938964844,87.41275024414062,94.87648010253906,42.53842544555664,164.73085021972656
2018-03-05,62.806278228759766,125.18000030517578,87.35820770263672,94.61991882324219,42.710548400878906,166.420166015625
2018-03-06,62.83000183105469,126.52999877929688,87.33484649658203,94.70812225341797,43.03133010864258,166.9801025390625
2018-03-07,62.81416702270508,125.72000122070312,87.33484649658203,94.60393524169922,42.976558685302734,168.0348358154297
2018-03-08,62.88549041748047,125.41999816894531,87.4205322265625,95.14906311035156,43.070438385009766,168.6880645751953
2018-03-09,62.806278228759766,125.54000091552734,87.28807067871094,94.52378845214844,43.49293518066406,172.0200653076172
2018-03-12,62.8696174621582,125.54000091552734,87.35041809082031,95.06890869140625,43.55552291870117,172.62672424316406
2018-03-13,62.88549041748047,125.77999877929688,87.4205322265625,95.54991912841797,43.2425651550293,170.5360565185547
2018-03-14,63.02006149291992,125.69999694824219,87.56861877441406,96.39163970947266,43.336456298828125,170.5733642578125
2018-03-15,63.02798080444336,124.9000015258789,87.57640838623047,96.39163970947266,43.28950881958008,170.61074829101562
2018-03-16,62.97256851196289,124.5999984741211,87.4283218383789,96.04692840576172,43.20344924926758,170.41249084472656
2018-03-19,62.925079345703125,124.87000274658203,87.3737564086914,95.74231719970703,42.84354019165039,167.0642852783203
2018-03-20,62.84580612182617,124.30999755859375,87.24134063720703,95.35747528076172,42.937442779541016,167.23263549804688
2018-03-21,62.84580612182617,126.4800033569336,87.4283218383789,95.46174621582031,43.070438385009766,166.5031280517578
2018-03-22,62.94877624511719,125.9800033569336,87.6855239868164,96.40765380859375,42.13157272338867,162.03257751464844
2018-03-23,62.964637756347656,127.61000061035156,87.73229217529297,96.33549499511719,41.638671875,157.71176147460938
2018-03-26,62.925079345703125,128.27999877929688,87.57640838623047,95.96675872802734,42.49869155883789,163.6973419189453
2018-03-27,63.138824462890625,127.48999786376953,87.9114990234375,96.99290466308594,42.051422119140625,158.14195251464844
2018-03-28,63.13092803955078,125.7300033569336,87.9114990234375,97.24939727783203,42.16912078857422,156.580078125
2018-03-29,63.28923416137695,125.79000091552734,88.09852600097656,97.72236633300781,42.663482666015625,159.92832946777344
2018-04-02,63.28132629394531,127.26000213623047,88.1860122680664,97.9151840209961,42.004337310791016,156.07504272460938
2018-04-03,63.209877014160156,126.30000305175781,88.13134765625,97.16007995605469,42.357452392578125,157.48727416992188
2018-04-04,63.209877014160156,126.44999694824219,88.08448791503906,96.95915985107422,42.428062438964844,159.57286071777344
2018-04-05,63.122589111328125,125.80000305175781,87.83441162109375,96.23617553710938,42.71055603027344,160.2462615966797
2018-04-06,63.28132629394531,126.38999938964844,88.1860122680664,97.28857421875,42.27897644042969,156.3743438720703
2018-04-09,63.3448371887207,126.81999969482422,88.17041778564453,97.44923400878906,42.56147003173828,157.44049072265625
2018-04-10,63.23369598388672,127.12000274658203,88.13134765625,97.27249145507812,43.07936096191406,161.31240844726562
2018-04-11,63.28132629394531,128.11000061035156,88.3891830444336,97.61795043945312,42.96950149536133,160.6484375
2018-04-12,63.162254333496094,126.62000274658203,88.24853515625,96.90290069580078,43.07936096191406,162.64987182617188
2018-04-13,63.209877014160156,127.44999694824219,88.37352752685547,97.12789916992188,42.98518753051758,162.00453186035156
2018-04-16,63.21784973144531,127.62999725341797,88.29546356201172,97.16007995605469,43.07936096191406,163.1268310546875
2018-04-17,63.24165725708008,127.75,88.4282455444336,97.42516326904297,43.2755241394043,166.51251220703125
2018-04-18,63.03527069091797,127.8499984741211,88.24853515625,96.64588165283203,43.510929107666016,166.23193359375
2018-04-19,62.8843994140625,127.5999984741211,88.10789489746094,95.85859680175781,43.291229248046875,164.2771759033203
2018-04-20,62.72568130493164,126.62999725341797,87.80319213867188,95.16768646240234,43.07151794433594,161.9764862060547
2018-04-23,62.693931579589844,125.62000274658203,87.77974700927734,95.1917953491211,42.938114166259766,161.3031005859375
2018-04-24,62.582759857177734,126.2300033569336,87.53756713867188,94.7579574584961,42.74980545043945,158.2541961669922
2018-04-25,62.495479583740234,125.41000366210938,87.40474700927734,94.12327575683594,42.632102966308594,158.0016632080078
2018-04-26,62.62249755859375,124.97000122070312,87.63129425048828,94.78201293945312,42.96950149536133,161.20956420898438
2018-04-27,62.717716217041016,125.5,87.91258239746094,95.51310729980469,43.06367111206055,160.52684020996094
2018-04-30,62.74951171875,124.58999633789062,87.98289489746094,95.68182373046875,42.9067268371582,159.89088439941406
2018-05-01,62.65241241455078,123.70999908447266,87.73097229003906,95.33721923828125,42.74980545043945,161.8175506591797
2018-05-02,62.660369873046875,123.6500015258789,87.84085845947266,95.23255157470703,42.663482666015625,161.8642578125
2018-05-03,62.71607971191406,124.27999877929688,87.95073699951172,95.65929412841797,42.72624969482422,162.3693084716797
2018-05-04,62.75585174560547,124.54000091552734,87.97425079345703,95.80418395996094,42.8831901550293,165.42755126953125
2018-05-07,62.724002838134766,124.56999969482422,87.98992919921875,95.65119934082031,42.828250885009766,166.85848999023438
2018-05-08,62.676292419433594,124.58999633789062,87.83300018310547,95.56266021728516,42.859649658203125,167.49449157714844
2018-05-09,62.604679107666016,124.33000183105469,87.77806854248047,94.99098205566406,42.977352142333984,169.6923370361328
2018-05-10,62.73198699951172,125.18000030517578,87.95073699951172,95.75584411621094,43.3853874206543,171.7124481201172
2018-05-11,62.795597076416016,125.0,87.95073699951172,95.9974594116211,43.47171401977539,171.21676635742188
2018-05-14,62.71607971191406,124.48999786376953,87.73097229003906,95.49018096923828,43.542335510253906,171.00164794921875
2018-05-15,62.42169189453125,122.4800033569336,87.44847869873047,94.40325927734375,43.1029052734375,169.51466369628906
2018-05-16,62.37394332885742,122.29000091552734,87.32292175292969,94.04093170166016,43.32261276245117,170.40309143066406
2018-05-17,62.318260192871094,122.36000061035156,87.1581039428711,93.56591796875,43.22060775756836,169.5614013671875
2018-05-18,62.485355377197266,122.41000366210938,87.39350128173828,94.37103271484375,43.00090408325195,168.9066925048828
2018-05-21,62.485355377197266,122.4800033569336,87.42486572265625,94.4193344116211,43.283382415771484,170.22540283203125
2018-05-22,62.50123977661133,122.41000366210938,87.38567352294922,94.2744140625,43.2755241394043,169.82325744628906
2018-05-23,62.69224166870117,122.54000091552734,87.63682556152344,94.95883178710938,42.938114166259766,171.13262939453125
2018-05-24,62.81954574584961,123.58999633789062,87.73883819580078,95.71564483642578,42.72624969482422,171.0110321044922
2018-05-25,62.954776763916016,123.20999908447266,87.8644027709961,96.31145477294922,42.56930923461914,171.0485076904297
2018-05-29,63.392333984375,123.19000244140625,88.3823471069336,98.42093658447266,41.72183609008789,170.08511352539062
2018-05-30,63.20138931274414,123.37000274658203,88.21756744384766,97.76071166992188,42.22406005859375,171.33834838867188
2018-05-31,63.17753601074219,123.0999984741211,88.2724838256836,97.59968566894531,42.051422119140625,171.1606903076172
2018-06-01,63.216670989990234,122.48999786376953,88.14337921142578,97.08396911621094,42.443756103515625,174.25636291503906
2018-06-04,63.080806732177734,122.37000274658203,87.96234893798828,96.38188171386719,42.63993453979492,175.7153778076172
2018-06-05,63.13675308227539,122.8499984741211,88.15913391113281,96.60783386230469,42.53792953491211,176.67868041992188
2018-06-06,62.960899353027344,122.91999816894531,87.9702377319336,95.82506561279297,42.938114166259766,177.69810485839844
2018-06-07,63.120765686035156,122.86000061035156,88.23785400390625,96.75311279296875,42.632102966308594,175.68728637695312
2018-06-08,63.040836334228516,123.01000213623047,88.08831024169922,96.46255493164062,42.6556282043457,175.7153778076172
2018-06-11,62.98487091064453,123.2300033569336,88.08831024169922,96.2850570678711,42.851810455322266,175.6966094970703
2018-06-12,62.976898193359375,122.81999969482422,88.01744079589844,96.30927276611328,42.663482666015625,176.8750762939453
2018-06-13,62.93690872192383,123.19000244140625,87.96234893798828,96.26082611083984,42.592857360839844,176.5290069580078
2018-06-14,63.07279968261719,123.37999725341797,88.19063568115234,97.05977630615234,42.48300552368164,177.47364807128906
2018-06-15,63.080806732177734,121.33999633789062,88.22211456298828,97.14854431152344,42.22406005859375,176.80023193359375
2018-06-18,63.080806732177734,121.11000061035156,88.29292297363281,97.05977630615234,41.91801452636719,177.06211853027344
2018-06-19,63.184715270996094,120.80000305175781,88.43462371826172,97.62469482421875,41.4864501953125,175.8369598388672
2018-06-20,63.040836334228516,120.26000213623047,88.19063568115234,96.76927185058594,41.54922103881836,176.32327270507812
2018-06-21,63.07279968261719,120.05000305175781,88.3480453491211,97.27767944335938,41.21181106567383,174.76144409179688
2018-06-22,63.112789154052734,120.33999633789062,88.47398376464844,97.26962280273438,41.68262481689453,173.83547973632812
2018-06-25,63.10474395751953,119.88999938964844,88.51334381103516,97.48748779296875,41.063331604003906,169.81393432617188
2018-06-26,63.20867156982422,119.26000213623047,88.63933563232422,97.62469482421875,41.0950927734375,170.7117919921875
2018-06-27,63.360565185546875,118.58000183105469,88.93053436279297,98.544677734375,40.60283279418945,168.09307861328125
2018-06-28,63.312583923339844,118.22000122070312,88.81244659423828,98.56891632080078,40.80132293701172,170.01365661621094
2018-06-29,63.29659652709961,118.6500015258789,88.84394073486328,98.22999572753906,41.15861129760742,170.1168212890625
2018-07-02,63.25735092163086,117.45999908447266,88.8763656616211,98.1530990600586,40.761627197265625,171.89865112304688
2018-07-03,63.38554763793945,118.6500015258789,89.06598663330078,98.67887878417969,40.87278366088867,169.9855194091797
2018-07-05,63.47364044189453,119.05000305175781,89.1687240600586,98.96195983886719,41.134788513183594,172.21746826171875
2018-07-06,63.54571533203125,118.86000061035156,89.29512786865234,99.28550720214844,41.41267395019531,174.27125549316406
2018-07-09,63.48969268798828,119.1500015258789,89.1133804321289,98.64652252197266,41.86521911621094,175.7811279296875
2018-07-10,63.44960021972656,118.93000030517578,88.97909545898438,98.6384506225586,41.86521911621094,176.1374969482422
2018-07-11,63.48165512084961,117.63999938964844,89.07391357421875,99.01856994628906,41.15861129760742,175.2090606689453
2018-07-12,63.52972412109375,118.12999725341797,89.00276947021484,99.010498046875,41.5158805847168,178.18190002441406
2018-07-13,63.585838317871094,117.61000061035156,89.17658996582031,99.2612533569336,41.650875091552734,177.95681762695312
2018-07-16,63.49769973754883,117.55000305175781,88.9395751953125,98.84871673583984,41.595279693603516,177.33787536621094
2018-07-17,63.47364044189453,116.27999877929688,88.821044921875,98.66266632080078,41.690547943115234,178.78207397460938
2018-07-18,63.44162368774414,116.30999755859375,88.67880249023438,98.2663345336914,41.71438217163086,178.6789093017578
2018-07-19,63.56178665161133,115.80999755859375,88.8051986694336,98.88916015625,41.5,178.49139404296875
2018-07-20,63.41755294799805,116.55999755859375,88.59188079833984,97.67588806152344,41.81759262084961,178.3694610595703
2018-07-23,63.21731185913086,116.0,88.17312622070312,96.47069549560547,41.72231674194336,179.07281494140625
2018-07-24,63.31346130371094,116.04000091552734,88.22052001953125,96.80231475830078,42.03195571899414,178.8008270263672
2018-07-25,63.31346130371094,116.68000030517578,88.23628997802734,96.64866638183594,42.43687438964844,181.37979125976562
2018-07-26,63.31346130371094,115.7699966430664,88.14940643310547,96.46261596679688,42.23838424682617,180.75146484375
2018-07-27,63.29739761352539,115.83000183105469,88.28373718261719,96.62442016601562,42.34160232543945,177.23472595214844
2018-07-30,63.225303649902344,115.6500015258789,88.23628997802734,96.29275512695312,42.28602600097656,174.0555877685547
2018-07-31,63.273406982421875,115.98999786376953,88.37065124511719,96.81847381591797,42.34953689575195,174.58074951171875
2018-08-01,63.238834381103516,115.13999938964844,88.15485382080078,96.02975463867188,42.16692352294922,176.58761596679688
2018-08-02,63.27095413208008,114.5199966430664,88.20243072509766,96.16754913330078,41.79377746582031,179.138427734375
2018-08-03,63.407508850097656,114.91999816894531,88.37699127197266,96.6458511352539,41.944637298583984,179.5979766845703
2018-08-06,63.463706970214844,114.33000183105469,88.39286804199219,96.70259094238281,41.738189697265625,180.65773010253906
2018-08-07,63.35124206542969,114.58999633789062,88.27383422851562,96.19999694824219,42.024024963378906,181.37979125976562
2018-08-08,63.33518600463867,114.91000366210938,88.28175354003906,96.2972640991211,42.00813293457031,181.72679138183594
2018-08-09,63.45568084716797,114.73999786376953,88.48808288574219,97.1079330444336,41.881099700927734,181.89561462402344
2018-08-10,63.58417510986328,114.69000244140625,88.77371978759766,97.8132095336914,41.063331604003906,180.70460510253906
2018-08-13,63.59218978881836,112.95999908447266,88.75785064697266,97.61054992675781,40.79338836669922,180.36700439453125
2018-08-14,63.55205154418945,113.06999969482422,88.64677429199219,97.39166259765625,40.904537200927734,181.548583984375
2018-08-15,63.62427520751953,111.19000244140625,88.82135772705078,97.95907592773438,40.174102783203125,179.9449920654297
2018-08-16,63.65642166137695,111.0999984741211,88.76581573486328,97.95099639892578,40.412288665771484,181.05154418945312
2018-08-17,63.72869110107422,112.12999725341797,88.80545806884766,98.07259368896484,40.68223571777344,181.6892852783203
2018-08-20,63.80901336669922,112.69000244140625,88.98001861572266,98.72924041748047,40.9204216003418,181.5205078125
2018-08-21,63.7768669128418,113.0199966430664,88.92447662353516,98.39686584472656,41.190372467041016,181.91432189941406
2018-08-22,63.8170166015625,113.2699966430664,89.11489868164062,98.78601837158203,41.39679718017578,182.84275817871094
2018-08-23,63.8170166015625,112.19999694824219,89.18634796142578,98.94001007080078,41.02363204956055,183.42413330078125
2018-08-24,63.84919738769531,114.16000366210938,89.27365112304688,99.13461303710938,41.37297439575195,185.52484130859375
2018-08-27,63.76883316040039,114.58999633789062,89.13870239257812,98.56708526611328,41.93667984008789,186.95025634765625
2018-08-28,63.67250442504883,113.68000030517578,88.96417236328125,97.975341796875,41.84141159057617,187.8412628173828
2018-08-29,63.63231658935547,114.19999694824219,88.96417236328125,98.10502624511719,42.0557746887207,189.64181518554688
2018-08-30,63.680477142333984,113.63999938964844,89.04349517822266,98.31578826904297,41.5158805847168,189.18228149414062
2018-08-31,63.696556091308594,113.51000213623047,88.94036865234375,98.08881378173828,41.35709762573242,190.1857147216797
2018-09-04,63.59834289550781,112.93000030517578,88.81773376464844,97.52165985107422,40.85689926147461,190.4576416015625
2018-09-05,63.61445236206055,113.31999969482422,88.73015594482422,97.26170349121094,40.451995849609375,187.49423217773438
2018-09-06,63.711036682128906,113.54000091552734,88.8097915649414,97.61918640136719,40.37259292602539,186.49082946777344
2018-09-07,63.50979995727539,113.2300033569336,88.55497741699219,96.79045104980469,40.11058044433594,185.91871643066406
2018-09-10,63.5500602722168,113.1500015258789,88.57886505126953,97.14801025390625,40.18998718261719,186.6033477783203
2018-09-11,63.41325378417969,113.22000122070312,88.3957748413086,96.40867614746094,40.23762512207031,187.7849578857422
2018-09-12,63.4615478515625,114.16999816894531,88.47537231445312,96.63609313964844,40.42816162109375,187.41925048828125
2018-09-13,63.501747131347656,113.76000213623047,88.34796142578125,96.78233337402344,40.75369644165039,189.5855712890625
2018-09-14,63.39710235595703,113.0199966430664,88.188720703125,96.31925201416016,40.81721496582031,189.76370239257812
2018-09-17,63.3890380859375,113.61000061035156,88.20465087890625,96.31925201416016,40.745758056640625,186.89401245117188
2018-09-18,63.244205474853516,113.44000244140625,88.02152252197266,95.31177520751953,41.17449188232422,188.12254333496094
2018-09-19,63.14756774902344,113.87999725341797,87.92599487304688,94.74299621582031,41.38885498046875,187.19410705566406
2018-09-20,63.22808074951172,114.2699966430664,88.04544067382812,95.18177032470703,41.84934997558594,189.21975708007812
2018-09-21,63.26836013793945,113.48999786376953,88.05340576171875,95.14112091064453,41.881099700927734,188.91964721679688
2018-09-24,63.187828063964844,113.47000122070312,87.96577453613281,94.89738464355469,41.650875091552734,189.61495971679688
2018-09-25,63.139522552490234,113.6500015258789,87.93396759033203,94.7999038696289,41.84934997558594,189.68084716796875
2018-09-26,63.300533294677734,113.05000305175781,88.08523559570312,95.46615600585938,41.88446807861328,188.7870635986328
2018-09-27,63.34880828857422,112.05000305175781,88.11707305908203,95.53112030029297,41.828590393066406,189.7278289794922
2018-09-28,63.34880828857422,112.76000213623047,88.0772705078125,95.2792739868164,41.541282653808594,190.57460021972656
2018-10-01,63.230247497558594,112.56999969482422,87.8150634765625,94.57979583740234,41.653011322021484,190.9227294921875
2018-10-02,63.343196868896484,113.87000274658203,87.9585189819336,95.15792846679688,41.341758728027344,190.67811584472656
2018-10-03,63.02047348022461,113.41999816894531,87.53614044189453,93.50495147705078,41.222049713134766,191.5154266357422
2018-10-04,62.85908126831055,113.4800033569336,87.32093811035156,92.84538269042969,40.62346649169922,188.1472930908203
2018-10-05,62.746124267578125,113.80000305175781,87.08187866210938,92.04737854003906,40.41594696044922,185.6728973388672
2018-10-08,62.721954345703125,112.54000091552734,87.04203796386719,91.7378921508789,40.288265228271484,183.2361297607422
2018-10-09,62.842960357666016,112.5999984741211,87.28907775878906,92.66619110107422,40.14459228515625,183.71592712402344
2018-10-10,62.7945442199707,112.87999725341797,87.201416015625,92.41374969482422,39.21083068847656,175.18264770507812
2018-10-11,62.97206115722656,115.77999877929688,87.3448486328125,93.53748321533203,38.7080078125,172.73646545410156
2018-10-12,62.955902099609375,115.2300033569336,87.20941162109375,93.21176147460938,39.059173583984375,178.06155395507812
2018-10-15,62.93977737426758,116.0,87.26519775390625,93.17105865478516,38.93149185180664,175.5119171142578
2018-10-16,62.9881706237793,115.80000305175781,87.27312469482422,93.38274383544922,39.64977264404297,180.9687042236328
2018-10-17,62.875247955322266,115.79000091552734,87.06591796875,92.82907104492188,39.3385124206543,180.32894897460938
2018-10-18,62.834877014160156,115.91999816894531,87.00221252441406,92.79649353027344,38.63618087768555,176.68797302246094
2018-10-19,62.80263137817383,116.01000213623047,86.92252349853516,92.5929183959961,38.86762619018555,176.179931640625
2018-10-22,62.778385162353516,115.70999908447266,86.87464904785156,92.47077178955078,38.80378341674805,177.60997009277344
2018-10-23,62.86716842651367,116.38999938964844,86.89859771728516,92.76393127441406,38.43666458129883,176.9420166015625
2018-10-24,63.03657913208008,116.66000366210938,87.18545532226562,93.46420288085938,37.33527374267578,169.0013427734375
2018-10-25,62.96398162841797,116.4000015258789,86.8188705444336,93.0733413696289,37.82211685180664,174.42996215820312
2018-10-26,63.076942443847656,116.7699966430664,87.25719451904297,93.63523864746094,37.51085662841797,170.9300537109375
2018-10-29,63.02047348022461,116.30999755859375,87.1695327758789,93.42349243164062,37.23152542114258,168.1075897216797
2018-10-30,62.93170166015625,115.80000305175781,86.93841552734375,92.95934295654297,37.774227142333984,170.26210021972656
2018-10-31,62.80263137817383,115.1500015258789,86.73917388916016,92.48709106445312,38.09347152709961,174.4205322265625
2018-11-01,62.91910934448242,116.62999725341797,86.62835693359375,92.57276153564453,38.755897521972656,176.81024169921875
2018-11-02,62.68455123901367,116.6500015258789,86.36512756347656,91.42182159423828,38.819759368896484,173.59263610839844
2018-11-05,62.7330322265625,116.37000274658203,86.52464294433594,91.78101348876953,38.8516731262207,173.1786346435547
2018-11-06,62.72495651245117,116.04000091552734,86.49272155761719,91.723876953125,39.01129913330078,174.23236083984375
2018-11-07,62.781593322753906,116.02999877929688,86.55655670166016,91.84630584716797,39.52207946777344,179.2281951904297
2018-11-08,62.67647171020508,115.77999877929688,86.43693542480469,91.8381576538086,39.02724838256836,178.89894104003906
2018-11-09,62.83010482788086,114.4800033569336,86.64425659179688,92.52378845214844,38.66810607910156,175.81298828125
2018-11-12,62.927181243896484,113.66000366210938,86.82771301269531,93.12785339355469,38.0535774230957,169.763427734375
2018-11-13,62.894805908203125,113.69999694824219,86.75592041015625,93.07069396972656,38.25310134887695,169.8386688232422
2018-11-14,62.94334411621094,114.63999938964844,86.76390075683594,93.12785339355469,38.3488655090332,167.99465942382812
2018-11-15,62.9514274597168,114.7699966430664,86.8357162475586,93.08702087402344,38.63618087768555,172.20021057128906
2018-11-16,63.088951110839844,115.62000274658203,87.19461059570312,93.62579345703125,38.70003128051758,171.95559692382812
2018-11-19,63.088951110839844,115.66999816894531,87.15473937988281,93.886962890625,38.32491683959961,165.18157958984375
2018-11-20,63.04852294921875,115.66999816894531,87.02715301513672,93.91959381103516,37.59864807128906,161.8228302001953
2018-11-21,63.11320495605469,115.86000061035156,86.98722839355469,93.886962890625,38.17328643798828,163.1870574951172
2018-11-23,63.105098724365234,115.7699966430664,86.8516616821289,93.98492431640625,37.885963439941406,162.0956573486328
2018-11-26,63.056583404541016,115.63999938964844,86.75592041015625,93.77268981933594,38.43666458129883,165.61436462402344
2018-11-27,63.09702682495117,114.94999694824219,86.52464294433594,93.87881469726562,38.396759033203125,165.74607849121094
2018-11-28,63.12937927246094,115.37999725341797,86.62835693359375,93.42172241210938,38.99533462524414,171.53219604492188
2018-11-29,63.17796325683594,115.73999786376953,87.13877868652344,93.78901672363281,38.779842376708984,170.17742919921875
2018-11-30,63.20217514038086,115.54000091552734,87.15473937988281,94.14002990722656,38.65214538574219,171.86148071289062
2018-12-03,63.30109405517578,116.41000366210938,87.31846618652344,94.80842590332031,39.2507209777832,175.48374938964844
2018-12-04,63.45517349243164,117.12000274658203,87.5820541381836,96.39566802978516,38.26905822753906,168.73794555664062
2018-12-06,63.56867599487305,117.13999938964844,87.59009552001953,96.69839477539062,37.93385314941406,169.24598693847656
2018-12-07,63.698429107666016,118.08999633789062,87.71784210205078,96.87838745117188,37.46296310424805,163.39402770996094
2018-12-10,63.76325988769531,117.68000030517578,87.5022201538086,97.27928924560547,37.15171432495117,165.5579376220703
2018-12-11,63.77137756347656,117.54000091552734,87.15077209472656,97.262939453125,37.29537582397461,165.63320922851562
2018-12-12,63.70650863647461,117.79000091552734,87.02294158935547,96.82927703857422,37.85404968261719,167.1197052001953
2018-12-13,63.755165100097656,117.52999877929688,87.03895568847656,96.60021209716797,37.79817581176758,167.13009643554688
2018-12-14,63.81195068359375,117.05999755859375,87.10285186767578,96.9356689453125,37.29537582397461,163.23036193847656
2018-12-17,63.93357467651367,117.87000274658203,87.25458526611328,97.50019073486328,36.976131439208984,159.45343017578125
2018-12-18,64.03087615966797,118.1500015258789,87.48181915283203,98.0840835571289,37.039981842041016,160.7848358154297
2018-12-19,64.14434814453125,117.43000030517578,87.63382720947266,99.37986755371094,36.640933990478516,157.5177764892578
2018-12-20,64.05518341064453,119.23999786376953,87.38580322265625,99.01901245117188,36.585060119628906,154.82666015625
2018-12-21,64.05518341064453,118.72000122070312,87.34576416015625,99.00260162353516,36.002445220947266,150.03936767578125
2018-12-24,64.06978607177734,120.0199966430664,87.47381591796875,99.49469757080078,35.65259552001953,146.17745971679688
2018-12-26,63.93162536621094,119.66000366210938,87.29779815673828,98.42853546142578,36.47480010986328,155.0060577392578
2018-12-27,64.06978607177734,120.56999969482422,87.29779815673828,98.44493865966797,36.515098571777344,156.28076171875
2018-12-28,64.22423553466797,121.05999755859375,87.5538558959961,99.27326202392578,36.716617584228516,155.95974731445312
2018-12-31,64.3868179321289,121.25,87.6178207397461,99.6504898071289,36.740806579589844,157.5272216796875
2019-01-02,64.51686096191406,121.33000183105469,87.75381469726562,100.17534637451172,36.70050811767578,157.62161254882812
2019-01-03,64.76885986328125,122.43000030517578,88.26592254638672,101.31529998779297,36.33777618408203,149.83168029785156
2019-01-04,64.5737533569336,121.44000244140625,88.08190155029297,100.1425552368164,37.45820999145508,156.3468780517578
2019-01-07,64.47625732421875,121.86000061035156,88.02587890625,99.84730529785156,37.57912063598633,158.09375
2019-01-08,64.39492797851562,121.52999877929688,88.09790802001953,99.58487701416016,37.81288528442383,159.61395263671875
2019-01-09,64.48436737060547,122.30999755859375,88.20188903808594,99.4290771484375,38.320716857910156,161.60635375976562
2019-01-10,64.35426330566406,121.58999633789062,87.99388885498047,98.78941345214844,38.449676513671875,162.3616943359375
2019-01-11,64.48436737060547,121.80000305175781,88.22589111328125,99.17484283447266,38.264286041259766,162.2672882080078
2019-01-14,64.42747497558594,122.08999633789062,88.06587219238281,98.8057861328125,38.01439666748047,160.66209411621094
2019-01-15,64.43560028076172,121.87999725341797,87.98587036132812,98.44493865966797,38.248165130615234,163.0321044921875
2019-01-16,64.45999908447266,122.2699966430664,87.97786712646484,98.5433578491211,38.441619873046875,163.2020263671875
2019-01-17,64.3868179321289,122.11000061035156,87.90586853027344,98.56792449951172,38.562530517578125,164.44847106933594
2019-01-18,64.33804321289062,121.0199966430664,87.8018798828125,98.05130004882812,38.94943618774414,166.89402770996094
2019-01-22,64.45185852050781,121.44999694824219,87.85784912109375,98.71561431884766,38.320716857910156,164.1462860107422
2019-01-23,64.51686096191406,121.27999877929688,87.75381469726562,98.67460632324219,38.51416015625,164.533447265625
2019-01-24,64.65506744384766,121.08999633789062,87.889892578125,99.32247161865234,38.63507843017578,166.22361755371094
2019-01-25,64.58191680908203,122.86000061035156,87.75381469726562,98.84678649902344,39.11064910888672,168.80140686035156
2019-01-28,64.60630798339844,123.29000091552734,87.63382720947266,98.7483901977539,38.82853317260742,166.69573974609375
2019-01-29,64.73632049560547,123.9800033569336,87.889892578125,99.24866485595703,38.957515716552734,165.02447509765625
2019-01-30,64.80137634277344,124.69000244140625,88.36992645263672,99.17484283447266,39.4492073059082,169.7644805908203
2019-01-31,65.10211181640625,124.75,88.8659439086914,100.02774810791016,39.521751403808594,170.11386108398438
2019-02-01,64.9212417602539,124.5,88.55394744873047,99.42359161376953,39.44115447998047,171.26588439941406
2019-02-04,64.8642349243164,123.95999908447266,88.3779067993164,98.97977447509766,39.60236358642578,173.95689392089844
2019-02-05,65.00269317626953,124.27999877929688,88.49794006347656,99.43180847167969,39.94898986816406,175.39219665527344
2019-02-06,64.97830200195312,123.44000244140625,88.44192504882812,99.48111724853516,39.6749153137207,176.00595092773438
2019-02-07,65.0271987915039,123.73999786376953,88.57793426513672,100.13871002197266,39.18320846557617,173.62644958496094
2019-02-08,65.12493133544922,124.20999908447266,88.61795043945312,100.5661392211914,39.046173095703125,174.75010681152344
2019-02-11,65.10054016113281,123.5999984741211,88.43390655517578,100.17158508300781,38.94138717651367,174.844482421875
2019-02-12,65.0923843383789,123.86000061035156,88.44993591308594,99.91675567626953,39.36859893798828,177.2145538330078
2019-02-13,64.99455261230469,123.37000274658203,88.43390655517578,99.53868865966797,39.31216812133789,177.48838806152344
2019-02-14,65.10865783691406,124.05999755859375,88.68194580078125,100.10581970214844,39.33635330200195,177.90383911132812
2019-02-15,65.13313293457031,124.80000305175781,88.68194580078125,100.26201629638672,39.7393913269043,179.26353454589844
2019-02-19,65.19015502929688,126.69999694824219,88.8899917602539,100.51679992675781,39.93284606933594,179.40518188476562
2019-02-20,65.16571807861328,126.4800033569336,88.9219741821289,100.22914123535156,40.142433166503906,179.66015625
2019-02-21,65.03531646728516,125.05000305175781,88.76995086669922,99.33321380615234,40.02958297729492,179.6223602294922
2019-02-22,65.18201446533203,125.5,89.00196838378906,99.92501831054688,40.24721145629883,182.0207061767578
2019-02-25,65.15753173828125,125.37000274658203,88.93799591064453,99.62909698486328,40.4164924621582,182.8705596923828
2019-02-26,65.24717712402344,125.58000183105469,89.06599426269531,100.12227630615234,40.54547119140625,183.1632843017578
2019-02-27,65.1168212890625,124.69000244140625,88.85798645019531,98.98796081542969,40.36814498901367,183.1632843017578
2019-02-28,65.04344940185547,123.98999786376953,88.71394348144531,98.65096282958984,40.1666145324707,182.57777404785156
2019-03-01,64.8425064086914,121.87999725341797,88.53791809082031,97.73918151855469,40.36814498901367,183.74871826171875
2019-03-04,64.9569091796875,121.55999755859375,88.66596221923828,98.5051498413086,40.27140808105469,182.69113159179688
2019-03-05,65.00594329833984,121.72000122070312,88.6339340209961,98.71109771728516,40.37620162963867,182.0773468017578
2019-03-06,65.08757781982422,121.61000061035156,88.73796081542969,99.07353973388672,40.25527572631836,180.89706420898438
2019-03-07,65.27542114257812,121.51000213623047,88.98599243164062,99.71600341796875,39.6990966796875,179.32965087890625
2019-03-08,65.35710906982422,122.83999633789062,89.06599426269531,100.1360855102539,39.61042022705078,179.34854125976562
2019-03-11,65.32442474365234,122.23999786376953,89.05001831054688,99.83954620361328,40.05376052856445,183.28604125976562
2019-03-12,65.4796142578125,122.9800033569336,89.218017578125,100.53968048095703,40.11019515991211,184.19247436523438
2019-03-13,65.44693756103516,123.83999633789062,89.322021484375,100.3502426147461,40.37620162963867,185.34442138671875
2019-03-14,65.38976287841797,122.41000366210938,89.29806518554688,99.62539672851562,40.303646087646484,185.7126922607422
2019-03-15,65.51231384277344,122.97000122070312,89.61005401611328,100.28434753417969,40.730865478515625,187.7994384765625
2019-03-18,65.47144317626953,123.04000091552734,89.60204315185547,100.2267074584961,40.988807678222656,188.5170440673828
2019-03-19,65.43877410888672,123.37999725341797,89.52204895019531,100.00431823730469,41.06135177612305,188.9703369140625
2019-03-20,65.72462463378906,124.18000030517578,90.11412048339844,101.05036926269531,41.029117584228516,188.3943328857422
2019-03-21,65.74095153808594,123.68000030517578,90.10612487792969,101.27277374267578,41.053287506103516,193.08895874023438
2019-03-22,66.10034942626953,123.97000122070312,90.37816619873047,102.84598541259766,40.1666145324707,188.18310546875
2019-03-25,66.18202209472656,124.91999816894531,90.35414123535156,103.01073455810547,40.24671173095703,187.41598510742188
2019-03-26,66.19837951660156,124.30000305175781,90.19415283203125,102.9366226196289,40.47322082519531,188.50511169433594
2019-03-27,66.32086944580078,123.6500015258789,90.234130859375,103.8838882446289,40.35995864868164,187.32130432128906
2019-03-28,66.35356903076172,121.9000015258789,90.30610656738281,104.2463150024414,40.38422775268555,188.10736083984375
2019-03-29,66.30452728271484,122.01000213623047,90.46614074707031,104.14744567871094,40.57029342651367,190.010986328125
2019-04-01,66.04254913330078,121.52999877929688,90.13011932373047,102.66818237304688,41.12849426269531,192.6722412109375
2019-04-02,66.07527923583984,121.9800033569336,90.21809387207031,102.8580322265625,41.120391845703125,193.22157287597656
2019-04-03,65.98519897460938,121.80000305175781,89.93810272216797,101.96647644042969,41.41972351074219,194.85049438476562
2019-04-04,66.05072021484375,122.11000061035156,90.00212097167969,102.25542449951172,41.41162872314453,193.80877685546875
2019-04-05,66.09984588623047,121.9800033569336,90.10612487792969,102.38751220703125,41.57343292236328,194.7273712158203
2019-04-08,66.03434753417969,122.51000213623047,90.01811218261719,102.02426147460938,41.57343292236328,195.50401306152344
2019-04-09,66.13260650634766,123.1500015258789,90.10612487792969,102.34622955322266,41.39545440673828,194.60426330566406
2019-04-10,66.22264099121094,123.52999877929688,90.43417358398438,102.59385681152344,41.56534194946289,196.15745544433594
2019-04-11,66.10802459716797,121.94999694824219,90.22613525390625,101.99121856689453,41.39545440673828,196.06275939941406
2019-04-12,65.98519897460938,121.83000183105469,90.05814361572266,101.26478576660156,41.670509338378906,197.33184814453125
2019-04-15,66.00160217285156,121.5999984741211,90.10612487792969,101.52070617675781,41.63815689086914,197.33184814453125
2019-04-16,65.88692474365234,120.51000213623047,89.8980712890625,100.88504791259766,41.78376770019531,198.18421936035156
2019-04-17,65.88692474365234,120.27999877929688,89.88209533691406,100.92633819580078,41.848480224609375,198.8944854736328
2019-04-18,65.97703552246094,120.37000274658203,90.13813018798828,101.45468139648438,41.832305908203125,199.25442504882812
2019-04-22,65.91151428222656,120.37000274658203,90.05010986328125,100.96759033203125,41.75140380859375,199.8699951171875
2019-04-23,66.02615356445312,120.12000274658203,90.25812530517578,101.18224334716797,41.84038162231445,202.17135620117188
2019-04-24,66.1981430053711,120.47000122070312,90.57018280029297,102.00769805908203,41.42781448364258,202.30393981933594
2019-04-25,66.18170928955078,120.56999969482422,90.57018280029297,101.85916137695312,41.379268646240234,202.04827880859375
2019-04-26,66.3291015625,121.37000274658203,90.77019500732422,102.20584869384766,41.59770202636719,201.6221160888672
2019-04-29,66.18992614746094,120.83000183105469,90.51419067382812,101.55371856689453,41.71904373168945,201.754638671875
2019-04-30,66.28817749023438,121.19999694824219,90.66619873046875,102.07380676269531,41.727142333984375,202.11453247070312
2019-05-01,66.29226684570312,120.4000015258789,90.4700927734375,102.494873046875,41.435909271240234,201.33798217773438
2019-05-02,66.14457702636719,119.94000244140625,90.10193634033203,102.00679779052734,41.41972351074219,200.40982055664062
2019-05-03,66.26765441894531,120.6500015258789,90.35005950927734,102.29629516601562,41.8565673828125,202.37974548339844
2019-05-06,66.34974670410156,120.80999755859375,90.48611450195312,102.57756042480469,41.363101959228516,201.01593017578125
2019-05-07,66.44818115234375,121.20999908447266,90.53412628173828,103.36346435546875,40.65927505493164,196.74465942382812
2019-05-08,66.39894104003906,120.91000366210938,90.30201721191406,102.9167709350586,40.65119552612305,196.38475036621094
2019-05-09,66.46463012695312,121.19999694824219,90.45408630371094,103.33861541748047,40.3356819152832,195.06834411621094
2019-05-10,66.45639038085938,121.43000030517578,90.6541519165039,103.19799041748047,40.610740661621094,195.61764526367188
2019-05-13,66.59596252441406,122.66999816894531,90.84622955322266,104.00873565673828,39.607608795166016,188.03158569335938
2019-05-14,66.63703155517578,122.45999908447266,90.91027069091797,103.70259094238281,39.99591827392578,191.1853485107422
2019-05-15,66.73548889160156,122.38999938964844,91.09432220458984,104.33956909179688,40.13344192504883,193.14576721191406
2019-05-16,66.63703155517578,121.51000213623047,90.95030975341797,103.99217224121094,40.32760238647461,195.14407348632812
2019-05-17,66.65340423583984,120.6500015258789,90.86228942871094,104.22376251220703,39.963565826416016,193.20260620117188
2019-05-20,66.57132720947266,120.63999938964844,90.7421875,104.00873565673828,39.809844970703125,189.8215789794922
2019-05-21,66.53848266601562,120.36000061035156,90.79021453857422,103.84325408935547,40.11726760864258,192.41650390625
2019-05-22,66.66163635253906,120.23999786376953,90.8222427368164,104.43888854980469,39.979736328125,191.25164794921875
2019-05-23,66.89966583251953,121.16999816894531,91.01431274414062,105.613525390625,39.5590705871582,187.77587890625
2019-05-24,66.89966583251953,121.30000305175781,91.1663818359375,105.70454406738281,39.898841857910156,187.9274139404297
2019-05-28,67.03914642333984,120.83000183105469,91.21438598632812,106.465576171875,39.623779296875,187.34022521972656
2019-05-29,67.02273559570312,120.87000274658203,91.37446594238281,106.78822326660156,39.486263275146484,186.08062744140625
2019-05-30,67.20330047607422,121.69000244140625,91.67861938476562,107.70642852783203,39.65615463256836,187.17921447753906
2019-05-31,67.49879455566406,123.33000183105469,92.25483703613281,109.0548324584961,39.4134407043457,184.16757202148438
2019-06-03,67.6904525756836,125.11000061035156,92.50354766845703,109.78433990478516,39.69660186767578,180.8148956298828
2019-06-04,67.57527923583984,125.1500015258789,92.31842041015625,108.53263854980469,40.03636932373047,186.81932067871094
2019-06-05,67.57527923583984,125.47000122070312,92.37474822998047,107.91923522949219,39.987823486328125,189.23434448242188
2019-06-06,67.55884552001953,125.87999725341797,92.31842041015625,108.26734924316406,40.13344192504883,191.32745361328125
2019-06-07,67.73983764648438,126.58999633789062,92.65641784667969,109.20403289794922,40.55411911010742,194.6706085205078
2019-06-10,67.59996795654297,125.33000183105469,92.15750122070312,108.1761703491211,40.72399139404297,196.8014678955078
2019-06-11,67.55060577392578,125.18000030517578,92.03675842285156,108.24250793457031,40.99905014038086,196.5647430419922
2019-06-12,67.66580963134766,125.83000183105469,92.0850601196289,108.32537841796875,40.65119552612305,195.7123565673828
2019-06-13,67.78095245361328,126.5999984741211,92.11723327636719,108.69843292236328,40.65119552612305,196.28057861328125
2019-06-14,67.78921508789062,126.55999755859375,91.97237396240234,108.97196197509766,40.3680534362793,194.51904296875
2019-06-17,67.78921508789062,126.4800033569336,91.79531860351562,109.16259765625,40.40815734863281,194.9073486328125
2019-06-18,67.94551086425781,127.12000274658203,92.17353057861328,109.70970916748047,41.04656982421875,198.1747283935547
2019-06-19,68.17582702636719,127.88999938964844,92.70471954345703,109.8671875,41.3084831237793,199.13128662109375
2019-06-20,68.28280639648438,131.11000061035156,93.22785186767578,110.1573257446289,41.750465393066406,201.87777709960938
2019-06-21,68.09355926513672,131.97999572753906,92.80935668945312,108.94712829589844,41.57857131958008,200.81198120117188
2019-06-24,68.21698760986328,133.94000244140625,92.98639678955078,109.75945281982422,41.64405059814453,200.64102172851562
2019-06-25,68.24166870117188,134.1999969482422,92.82545471191406,110.09929656982422,41.333030700683594,197.12625122070312
2019-06-26,68.08535766601562,132.97000122070312,92.7369155883789,109.39473724365234,41.43943786621094,199.01663208007812
2019-06-27,68.28280639648438,132.83999633789062,92.9139633178711,110.16561889648438,41.6113166809082,199.9380645751953
2019-06-28,68.34037780761719,133.1999969482422,92.9461669921875,110.09097290039062,41.73408126831055,200.32752990722656
2019-07-01,68.33544921875,130.6199951171875,92.75361633300781,109.83351135253906,42.045108795166016,203.2628173828125
2019-07-02,68.46736145019531,133.41000366210938,92.80213928222656,110.68070983886719,42.118770599365234,203.8612060546875
2019-07-03,68.59111022949219,133.6300048828125,93.04490661621094,111.46977996826172,42.2988395690918,205.32406616210938
2019-07-05,68.26947784423828,132.13999938964844,92.76170349121094,109.99137115478516,42.02873611450195,205.01058959960938
2019-07-08,68.26122283935547,131.2899932861328,92.77788543701172,110.14086151123047,41.766822814941406,203.49073791503906
2019-07-09,68.17050170898438,131.75,92.87496948242188,110.09931182861328,41.60313415527344,204.2601776123047
2019-07-10,68.2282485961914,133.8300018310547,93.03679656982422,109.49300384521484,41.783199310302734,205.8275146484375
2019-07-11,68.00556945800781,132.6999969482422,92.7455062866211,108.03119659423828,41.81593322753906,206.51148986816406
2019-07-12,68.06333923339844,133.52999877929688,92.90734100341797,108.15580749511719,41.832305908203125,208.16433715820312
2019-07-15,68.16228485107422,133.52999877929688,93.14197540283203,108.77872467041016,41.89778518676758,208.67726135253906
2019-07-16,68.0715560913086,132.39999389648438,92.98822021484375,108.45478057861328,41.742271423339844,206.9104461669922
2019-07-17,68.27772521972656,134.5800018310547,93.18241882324219,109.62594604492188,41.676788330078125,206.40696716308594
2019-07-18,68.40140533447266,136.47999572753906,93.37661743164062,109.63421630859375,41.832305908203125,207.86981201171875
2019-07-19,68.32720947265625,134.47000122070312,93.23097229003906,109.37674713134766,41.71772003173828,206.7394561767578
2019-07-22,68.40140533447266,134.4499969482422,93.25521850585938,109.58438873291016,41.742271423339844,208.98121643066406
2019-07-23,68.34371185302734,133.69000244140625,93.23097229003906,108.9863510131836,41.938697814941406,210.16864013671875
2019-07-24,68.40963745117188,134.3699951171875,93.25521850585938,109.45975494384766,41.9632568359375,212.13497924804688
2019-07-25,68.33544921875,133.4199981689453,93.10149383544922,108.93651580810547,41.594947814941406,210.6341094970703
2019-07-26,68.33544921875,133.63999938964844,93.03679656982422,109.19403076171875,41.68497848510742,212.096923828125
2019-07-29,68.37670135498047,134.52999877929688,92.95589447021484,109.22724914550781,41.676788330078125,211.7644805908203
2019-07-30,68.36014556884766,134.97999572753906,93.09342956542969,109.49300384521484,41.251197814941406,210.4821014404297
2019-07-31,68.44266510009766,133.2100067138672,93.23905181884766,110.3734359741211,40.981082916259766,207.41387939453125
2019-08-01,68.9327621459961,136.41000366210938,93.57967376708984,112.56549072265625,40.661888122558594,206.3689422607422
2019-08-02,68.9989013671875,135.88999938964844,93.64456939697266,113.60570526123047,40.318115234375,202.5218048095703
2019-08-05,69.29643249511719,137.7899932861328,93.96891784667969,115.56979370117188,39.204994201660156,194.2005615234375
2019-08-06,69.47004699707031,138.91000366210938,94.3176498413086,116.4935302734375,39.51601791381836,197.0408172607422
2019-08-07,69.47004699707031,141.02000427246094,94.36631774902344,116.53515625,39.679710388183594,198.3896942138672
2019-08-08,69.5278549194336,141.72999572753906,94.6096420288086,116.78475189208984,40.11349868774414,203.30075073242188
2019-08-09,69.40391540527344,141.25999450683594,94.51226806640625,116.5517807006836,39.83522033691406,200.9829864501953
2019-08-12,69.70974731445312,142.6300048828125,94.89348602294922,118.98185729980469,39.475093841552734,198.31370544433594
2019-08-13,69.60221862792969,141.77999877929688,94.7393798828125,118.5740966796875,39.87614440917969,203.082275390625
2019-08-14,69.85021209716797,142.75,94.91780090332031,121.24549102783203,38.779388427734375,196.84133911132812
2019-08-15,70.18912506103516,143.6999969482422,95.33950805664062,122.59361267089844,38.91852951049805,196.451904296875
2019-08-16,70.11473083496094,142.77999877929688,95.06379699707031,121.61164093017578,39.36869812011719,199.98553466796875
2019-08-19,69.89154052734375,141.11000061035156,94.70693969726562,119.87232971191406,39.556941986083984,202.9398193359375
2019-08-20,70.07337188720703,142.2100067138672,94.82856750488281,121.1123046875,39.507835388183594,202.03733825683594
2019-08-21,70.04032897949219,141.75999450683594,94.73128509521484,120.30501556396484,39.8024787902832,204.37411499023438
2019-08-22,69.9081039428711,141.39999389648438,94.650146484375,119.50617218017578,39.61423873901367,203.8897247314453
2019-08-23,70.16429138183594,144.1699981689453,95.19353485107422,121.47021484375,39.12315368652344,197.38279724121094
2019-08-26,70.12297058105469,144.19000244140625,95.08812713623047,120.97914123535156,39.42598342895508,199.88104248046875
2019-08-27,70.36268615722656,145.57000732421875,95.53414916992188,122.8433609008789,39.385066986083984,199.3870849609375
2019-08-28,70.38745880126953,145.16000366210938,95.72066497802734,123.00144958496094,39.45054244995117,199.4821014404297
2019-08-29,70.34614562988281,144.1199951171875,95.77745819091797,122.53547668457031,39.78611755371094,202.9967498779297
2019-08-30,70.33786010742188,143.75,95.41248321533203,122.56867980957031,39.9825439453125,202.86378479003906
2019-09-03,70.40249633789062,145.75,95.29808807373047,122.72714233398438,39.84341049194336,200.36550903320312
2019-09-04,70.5350341796875,146.66000366210938,95.53340148925781,122.91055297851562,40.42453384399414,203.83273315429688
2019-09-05,70.1705322265625,143.13999938964844,95.1033706665039,120.6845703125,40.73554611206055,207.95529174804688
2019-09-06,70.25341033935547,141.9199981689453,95.18450927734375,121.5433120727539,40.841949462890625,207.66087341308594
2019-09-09,69.93032836914062,141.38999938964844,94.69763946533203,119.38404846191406,40.9647216796875,206.0650177001953
2019-09-10,69.57413482666016,140.17999267578125,94.15402221679688,117.29141235351562,41.005638122558594,205.03909301757812
2019-09-11,69.53268432617188,141.02999877929688,94.04854583740234,117.08304595947266,41.27573013305664,207.14788818359375
2019-09-12,69.4001693725586,141.32000732421875,93.97553253173828,116.31603240966797,41.48854064941406,208.11683654785156
2019-09-13,69.00255584716797,140.14999389648438,93.42377471923828,113.83168029785156,41.73408126831055,206.6444854736328
2019-09-16,69.18479919433594,141.32000732421875,93.98365020751953,115.28221893310547,41.39850997924805,206.44493103027344
2019-09-17,69.34217071533203,141.60000610351562,94.10537719726562,115.90752410888672,41.51310348510742,207.1859130859375
2019-09-18,69.39189910888672,140.7100067138672,93.813232421875,116.39942932128906,41.42306900024414,207.29986572265625
2019-09-19,69.49129486083984,141.27999877929688,93.99986267089844,116.74958038330078,41.50490188598633,207.7653350830078
2019-09-20,69.7398452758789,142.9499969482422,94.5191650390625,118.29188537597656,41.414886474609375,205.5615234375
2019-09-23,69.78948974609375,143.75,94.64895629882812,118.26690673828125,41.373966217041016,206.01751708984375
2019-09-24,70.02973175048828,144.50999450683594,94.85994720458984,119.69246673583984,41.190250396728516,203.69020080566406
2019-09-25,69.69837188720703,141.8300018310547,94.3649673461914,117.94172668457031,41.11610412597656,206.1220245361328
2019-09-26,69.81434631347656,141.7899932861328,94.42178344726562,118.70040893554688,41.2479248046875,206.3165283203125
2019-09-27,69.8888931274414,141.05999755859375,94.27577209472656,118.99219512939453,40.97606658935547,203.3223114013672
2019-09-30,69.93860626220703,138.8699951171875,94.35688018798828,119.28401947021484,41.10787582397461,205.5441131591797
2019-10-01,70.0067138671875,139.6300048828125,94.54055786132812,119.64305114746094,40.76186752319336,203.69418334960938
2019-10-02,70.1644058227539,141.25999450683594,94.54055786132812,119.9354019165039,40.0616340637207,199.8798370361328
2019-10-03,70.3968505859375,141.89999389648438,94.84129333496094,121.02941131591797,40.36644744873047,202.46405029296875
2019-10-04,70.51309967041016,141.89999389648438,95.1339111328125,121.92301940917969,40.67124938964844,205.88739013671875
2019-10-07,70.33043670654297,140.69000244140625,94.87379455566406,120.91249084472656,40.52296829223633,205.2389678955078
2019-10-08,70.36363983154297,141.9199981689453,94.7844009399414,121.23826599121094,40.16050338745117,201.25303649902344
2019-10-09,70.28064727783203,142.0500030517578,94.58931732177734,120.55341339111328,40.49001693725586,204.123291015625
2019-10-10,70.06478118896484,140.80999755859375,94.28861236572266,118.7578125,40.794822692871094,205.35342407226562
2019-10-11,69.80744934082031,140.02999877929688,93.99601745605469,117.2879867553711,41.47857666015625,208.35720825195312
2019-10-14,69.9236831665039,140.58999633789062,94.1504135131836,118.13982391357422,41.2973518371582,208.3477020263672
2019-10-15,69.74105834960938,139.61000061035156,93.83344268798828,116.71167755126953,41.7421989440918,210.5122833251953
2019-10-16,69.81575775146484,140.41000366210938,93.97975158691406,116.85372161865234,41.775150299072266,208.67189025878906
2019-10-17,69.81575775146484,140.61000061035156,94.10980224609375,116.56975555419922,41.89872741699219,208.4716033935547
2019-10-18,69.84894561767578,140.4600067138672,94.25611114501953,116.56975555419922,41.832820892333984,206.26882934570312
2019-10-21,69.68290710449219,139.7899932861328,93.95535278320312,115.6928482055664,42.09644317626953,208.33807373046875
2019-10-22,69.80744934082031,140.1999969482422,94.23983764648438,116.36932373046875,42.04701232910156,205.5155487060547
2019-10-23,69.84064483642578,140.52999877929688,94.30484771728516,116.48628997802734,42.211769104003906,205.7252960205078
2019-10-24,69.84894561767578,141.52999877929688,94.36177825927734,116.25239562988281,42.27767562866211,208.87210083007812
2019-10-25,69.73273468017578,141.86000061035156,94.3780288696289,115.68447875976562,42.39300537109375,211.38955688476562
2019-10-28,69.58330535888672,140.63999938964844,93.92286682128906,114.63221740722656,42.574249267578125,213.81167602539062
2019-10-29,69.59990692138672,140.25,93.68718719482422,114.7073974609375,42.51657485961914,212.07615661621094
2019-10-30,69.82402801513672,141.02000427246094,94.03666687011719,116.38601684570312,42.64839172363281,213.50650024414062
2019-10-31,70.15612030029297,142.42999267578125,94.3292465209961,117.95609283447266,42.52482223510742,213.25857543945312
2019-11-01,70.09371185302734,142.55999755859375,94.46742248535156,117.59300994873047,42.93671417236328,216.03350830078125
2019-11-04,69.89404296875,142.14999389648438,94.40239715576172,116.04528045654297,43.20856857299805,217.01571655273438
2019-11-05,69.65278625488281,139.85000610351562,94.22357177734375,114.7401351928711,43.26624298095703,216.80589294433594
2019-11-06,69.80253601074219,140.4499969482422,94.5243148803711,115.43458557128906,43.22504806518555,216.58657836914062
2019-11-07,69.44475555419922,138.27000427246094,93.9959487915039,113.34306335449219,43.414527893066406,218.34115600585938
2019-11-08,69.37821197509766,137.38999938964844,93.93905639648438,112.86622619628906,43.29096221923828,219.51405334472656
2019-11-11,69.41981506347656,137.05999755859375,93.98783111572266,112.94147491455078,43.150909423828125,219.79061889648438
2019-11-12,69.46143341064453,137.42999267578125,93.97156524658203,113.46017456054688,43.09324264526367,220.48672485351562
2019-11-13,69.58618927001953,137.97999572753906,94.05288696289062,114.19642639160156,42.92847442626953,220.9826202392578
2019-11-14,69.78584289550781,138.55999755859375,94.27234649658203,115.37596130371094,42.862571716308594,220.71559143066406
2019-11-15,69.76093292236328,138.2100067138672,94.1585693359375,115.25052642822266,43.17561721801758,222.55599975585938
2019-11-18,69.86074829101562,138.6199951171875,94.34548950195312,115.45967102050781,43.167396545410156,223.08050537109375
2019-11-19,69.93560791015625,138.69000244140625,94.51622009277344,116.42176818847656,43.18385696411133,223.81472778320312
2019-11-20,70.12699890136719,138.75999450683594,94.88201904296875,117.62650299072266,42.91200256347656,222.6417999267578
2019-11-21,70.01053619384766,138.0,94.67066192626953,116.89022827148438,42.862571716308594,221.43077087402344
2019-11-22,70.0521240234375,137.74000549316406,94.70318603515625,117.04082489013672,42.92847442626953,221.37351989746094
2019-11-25,70.11868286132812,137.0800018310547,94.8088607788086,117.38388061523438,43.28271484375,224.62525939941406
2019-11-26,70.23514556884766,137.74000549316406,95.01206970214844,118.06988525390625,43.26624298095703,224.749267578125
2019-11-27,70.12699890136719,137.00999450683594,94.82511901855469,117.72684478759766,43.36509704589844,226.14146423339844
2019-11-29,70.12699890136719,137.86000061035156,94.6055908203125,117.47591400146484,42.969669342041016,225.18783569335938
2019-12-02,69.9435806274414,137.7899932861328,94.47056579589844,115.90958404541016,42.796669006347656,221.98382568359375
2019-12-03,70.3187484741211,139.11000061035156,95.05638885498047,118.3399658203125,42.64839172363281,220.21971130371094
2019-12-04,70.17701721191406,138.9199981689453,94.99127960205078,117.15829467773438,43.01085662841797,220.9635467529297
2019-12-05,70.10197448730469,139.0,94.85297393798828,116.5883560180664,43.02732849121094,221.57383728027344
2019-12-06,70.01024627685547,137.6199951171875,94.78787994384766,115.94312286376953,43.34037780761719,224.00543212890625
2019-12-09,70.02693939208984,137.5800018310547,94.81229400634766,116.19454193115234,43.159149169921875,222.85159301757812
2019-12-10,69.97692108154297,137.97000122070312,94.78787994384766,116.202880859375,43.21681213378906,222.75625610351562
2019-12-11,70.21038055419922,138.9199981689453,95.1214828491211,117.11631774902344,43.50514602661133,224.2247772216797
2019-12-12,69.87683868408203,138.42999267578125,94.6576919555664,115.18887329101562,43.908809661865234,226.40843200683594
2019-12-13,70.1937255859375,139.0500030517578,95.04010009765625,116.5213623046875,44.09004211425781,227.87693786621094
2019-12-16,70.00191497802734,139.0399932861328,94.82044982910156,115.47380065917969,44.54313278198242,229.9241180419922
2019-12-17,70.01024627685547,139.00999450683594,94.95059967041016,115.3145980834961,44.51018142700195,229.4842987060547
2019-12-18,69.91851806640625,139.02000427246094,94.84484100341797,114.36752319335938,44.5019416809082,229.5608367919922
2019-12-19,69.96857452392578,139.3800048828125,94.99877166748047,114.55050659179688,44.51842498779297,231.07156372070312
2019-12-20,69.98522186279297,139.52000427246094,94.94989776611328,114.70167541503906,44.54313278198242,232.36244201660156
2019-12-23,69.94094848632812,139.9499969482422,94.78703308105469,114.53378295898438,44.61891174316406,233.146484375
2019-12-24,70.00777435302734,141.27000427246094,94.90104675292969,114.86115264892578,44.58561325073242,233.16566467285156
2019-12-26,70.07465362548828,142.3800048828125,94.9661865234375,115.13811492919922,44.810455322265625,234.96327209472656
2019-12-27,70.17494201660156,142.3300018310547,94.99877166748047,115.26405334472656,44.91870880126953,234.877197265625
2019-12-30,70.14985656738281,142.6300048828125,95.03134155273438,114.84437561035156,44.61891174316406,233.48118591308594
2019-12-31,70.07465362548828,142.89999389648438,94.93360137939453,113.71955108642578,44.76048278808594,234.12185668945312
2020-01-02,70.16654968261719,143.9499969482422,95.3978042602539,115.0038070678711,45.335086822509766,238.41510009765625
2020-01-03,70.41728973388672,145.86000061035156,95.83759307861328,116.77488708496094,44.76048278808594,235.90988159179688
2020-01-06,70.33368682861328,147.38999938964844,95.59325408935547,116.11181640625,44.84375762939453,236.6939239501953
2020-01-07,70.27521514892578,147.97000122070312,95.30007934570312,115.54100036621094,44.77713394165039,236.6652374267578
2020-01-08,70.16654968261719,146.86000061035156,95.21051025390625,114.7771987915039,44.885398864746094,239.16091918945312
2020-01-09,70.25013732910156,146.02999877929688,95.20235443115234,115.18009185791016,45.085262298583984,241.8477783203125
2020-01-10,70.36717224121094,146.91000366210938,95.4874038696289,116.20416259765625,44.98532485961914,241.3218994140625
2020-01-13,70.3253402709961,145.82000732421875,95.47110748291016,115.85160064697266,45.335086822509766,244.5537872314453
2020-01-14,70.42562866210938,145.69000244140625,95.60139465332031,116.44757080078125,45.32676315307617,243.2533416748047
2020-01-15,70.53424835205078,146.5399932861328,95.67472839355469,117.21977996826172,45.218509674072266,243.4541473388672
2020-01-16,70.4924545288086,146.30999755859375,95.51998138427734,116.8504638671875,45.4849739074707,246.7913055419922
2020-01-17,70.48411560058594,146.5800018310547,95.36524963378906,115.85160064697266,45.61821746826172,248.2542266845703
2020-01-21,70.65960693359375,146.74000549316406,95.67472839355469,117.06868743896484,45.1019172668457,247.89088439941406
2020-01-22,70.71807861328125,146.7899932861328,95.60957336425781,117.47998809814453,45.24347686767578,248.91400146484375
2020-01-23,70.84343719482422,147.1199951171875,95.80498504638672,118.30258178710938,45.076934814453125,250.1475067138672
2020-01-24,70.95209503173828,147.97999572753906,96.01675415039062,119.25948333740234,44.8354377746582,248.85659790039062
2020-01-27,71.1860122680664,148.99000549316406,96.23663330078125,121.1145248413086,43.81947326660156,242.91868591308594
2020-01-28,71.06069946289062,147.66000366210938,96.09005737304688,120.166015625,44.194217681884766,247.53712463378906
2020-01-29,71.26123809814453,148.4600067138672,96.44023895263672,121.3412094116211,44.21086883544922,247.7856903076172
2020-01-30,71.27798461914062,148.47000122070312,96.5461196899414,121.35794067382812,44.002681732177734,249.76495361328125
2020-01-31,71.46180725097656,149.3300018310547,96.96143341064453,122.46595764160156,43.236534118652344,243.0430145263672
2020-02-03,71.39730834960938,148.36000061035156,96.73074340820312,122.36673736572266,43.4364128112793,246.0932159423828
2020-02-04,71.17958068847656,146.42999267578125,96.31494903564453,120.71878814697266,44.202545166015625,252.52838134765625
2020-02-05,71.06237030029297,146.61000061035156,96.02960968017578,119.39877319335938,44.610591888427734,253.72360229492188
2020-02-06,71.12935638427734,147.39999389648438,96.20896911621094,119.93685150146484,44.69386291503906,255.76028442382812
2020-02-07,71.34703826904297,147.7899932861328,96.60029602050781,121.43351745605469,44.269161224365234,253.3698272705078
2020-02-10,71.45594024658203,148.1699981689453,96.74703216552734,121.769775390625,44.377418518066406,256.5252685546875
2020-02-11,71.33868408203125,147.66000366210938,96.4616928100586,121.15602111816406,44.74382400512695,256.0567932128906
2020-02-12,71.25493621826172,147.5399932861328,96.3638687133789,120.54219818115234,45.0269660949707,258.7818298339844
2020-02-13,71.32193756103516,148.3800048828125,96.56766510009766,121.00466918945312,44.652225494384766,258.2558288574219
2020-02-14,71.39730834960938,149.0,96.64104461669922,121.53434753417969,44.62725067138672,259.2981262207031
2020-02-18,71.50617980957031,150.91000366210938,96.85301971435547,122.36673736572266,44.319129943847656,258.3514709472656
2020-02-19,71.49777221679688,151.7899932861328,96.81224060058594,122.35832977294922,44.58561325073242,261.2391662597656
2020-02-20,71.67362976074219,152.41000366210938,96.999755859375,123.31683349609375,44.185890197753906,258.8200378417969
2020-02-21,71.84953308105469,154.6999969482422,97.17909240722656,124.4686508178711,43.96104049682617,253.08290100097656
2020-02-24,72.07560729980469,156.08999633789062,97.62748718261719,126.32678985595703,42.33717346191406,242.72750854492188
2020-02-25,72.13424682617188,153.3000030517578,97.46446228027344,126.99942016601562,41.67097091674805,235.0110626220703
2020-02-26,72.09232330322266,153.97000122070312,97.41553497314453,126.32678985595703,41.81254196166992,235.55613708496094
2020-02-27,72.17608642578125,154.0,97.70089721679688,127.6972427368164,40.605045318603516,223.36473083496094
2020-02-28,72.6534423828125,148.3800048828125,97.85580444335938,130.58106994628906,40.38020324707031,225.3249053955078
2020-03-02,72.60557556152344,149.1999969482422,98.08406066894531,129.62037658691406,40.98812484741211,237.15292358398438
2020-03-03,73.04193878173828,153.88999938964844,99.07868957519531,131.6328125,40.5467529296875,228.4993896484375
2020-03-04,73.02510833740234,154.16000366210938,98.93195343017578,130.23500061035156,41.64598846435547,237.82225036621094
2020-03-05,73.30203247070312,157.49000549316406,99.24173736572266,133.47686767578125,40.59672927856445,230.38314819335938
2020-03-06,73.80549621582031,157.5500030517578,99.90210723876953,140.42347717285156,39.98048782348633,225.4969940185547
2020-03-09,73.64605712890625,157.80999755859375,97.84761047363281,144.22946166992188,36.79103469848633,208.11355590820312
2020-03-10,72.65592956542969,154.47999572753906,95.04314422607422,136.8365020751953,38.29833221435547,221.27468872070312
2020-03-11,71.27984619140625,153.92999267578125,92.89083862304688,131.80125427246094,36.407958984375,210.62948608398438
2020-03-12,67.4033203125,147.7899932861328,92.67071533203125,132.61795043945312,32.519012451171875,189.90533447265625
2020-03-13,70.24779510498047,143.27999877929688,93.0375747680664,129.62037658691406,34.70915603637695,210.82144165039062
2020-03-16,70.98617553710938,141.63999938964844,92.39356994628906,138.01531982421875,30.770233154296875,182.38938903808594
2020-03-17,69.51777648925781,143.55999755859375,89.80915832519531,128.81210327148438,32.385772705078125,193.3801727294922
2020-03-18,67.83958435058594,140.6999969482422,88.70857238769531,121.54547119140625,30.278911590576172,186.8817138671875
2020-03-19,67.79765319824219,138.0399932861328,90.42876434326172,124.85455322265625,30.628658294677734,187.17926025390625
2020-03-20,68.94718933105469,140.11000061035156,94.4561538696289,134.24305725097656,30.478769302368164,179.64407348632812
2020-03-23,70.47429656982422,146.3000030517578,96.2334213256836,139.77508544921875,29.959123611450195,178.05072021484375
2020-03-24,70.54985046386719,153.39999389648438,96.29048919677734,137.17333984375,32.406986236572266,196.55740356445312
2020-03-25,71.49800109863281,151.3000030517578,97.21987915039062,136.86180114746094,33.509765625,196.6533966064453
2020-03-26,71.82524108886719,153.24000549316406,97.71720123291016,137.53533935546875,34.89662170410156,208.8056640625
2020-03-27,72.21125030517578,152.25,98.03514862060547,141.20654296875,33.6434326171875,199.57147216796875
2020-03-30,72.2867431640625,152.9199981689453,96.47798156738281,140.04457092285156,34.370277404785156,207.471435546875
2020-03-31,71.61546325683594,148.0500030517578,96.1355972290039,138.9078826904297,34.270015716552734,203.40142822265625
2020-04-01,71.98548126220703,149.4499969482422,96.72018432617188,140.85401916503906,32.81634521484375,193.7833251953125
2020-04-02,72.32189178466797,151.89999389648438,98.19801330566406,141.74789428710938,33.55154037475586,197.57493591308594
2020-04-03,72.28823852539062,152.64999389648438,99.06348419189453,142.08511352539062,32.891536712646484,194.38809204101562
2020-04-06,72.51529693603516,156.8800048828125,98.99815368652344,141.71420288085938,34.60419464111328,210.9462127685547
2020-04-07,72.58255004882812,156.0399932861328,98.93286895751953,140.23001098632812,34.74622344970703,209.34317016601562
2020-04-08,72.767578125,154.64999389648438,98.2551498413086,139.20968627929688,35.105464935302734,215.3521270751953
2020-04-09,73.56649017333984,158.69000244140625,99.226806640625,139.46270751953125,35.66521453857422,215.8609161376953
2020-04-13,73.33101654052734,161.41000366210938,99.40636444091797,138.1893768310547,35.45635223388672,216.35043334960938
2020-04-14,73.33101654052734,162.67999267578125,99.7003402709961,138.1556396484375,36.116355895996094,225.13345336914062
2020-04-15,73.69259643554688,161.85000610351562,99.80648803710938,141.81529235839844,35.105464935302734,220.25721740722656
2020-04-16,73.73470306396484,161.7100067138672,98.94100952148438,143.4258575439453,35.08876419067383,222.54173278808594
2020-04-17,73.63377380371094,158.57000732421875,98.46745300292969,141.50332641601562,35.99104690551758,226.12216186523438
2020-04-20,73.51605987548828,159.6999969482422,98.16535186767578,142.64173889160156,35.523193359375,222.36898803710938
2020-04-21,73.6085433959961,158.61000061035156,98.66342163085938,144.4378204345703,34.729515075683594,213.2307891845703
2020-04-22,73.5496597290039,161.72999572753906,99.25942993164062,142.96218872070312,35.422943115234375,221.3131103515625
2020-04-23,73.66740417480469,163.33999633789062,99.20227813720703,143.7210693359375,35.34774398803711,220.180419921875
2020-04-24,73.64218139648438,162.63999938964844,99.76566314697266,144.0583038330078,35.623451232910156,224.5095672607422
2020-04-27,73.38143920898438,161.55999755859375,99.56970977783203,141.37684631347656,36.13307571411133,227.06283569335938
2020-04-28,73.60011291503906,160.83999633789062,99.9126205444336,143.00424194335938,36.383705139160156,224.1831817626953
2020-04-29,73.65059661865234,161.72999572753906,99.79015350341797,142.2622528076172,37.3444709777832,233.75332641601562
2020-04-30,73.5916976928711,158.8000030517578,99.04715728759766,140.6010284423828,36.600921630859375,232.29428100585938
2020-05-01,73.56138610839844,159.77999877929688,99.04551696777344,141.80508422851562,35.66521453857422,225.62301635742188
2020-05-04,73.63720703125,160.33999633789062,99.14374542236328,141.13809204101562,35.74040603637695,228.39710998535156
2020-05-05,73.56980895996094,161.02000427246094,99.25833129882812,140.2345733642578,35.899147033691406,231.9294891357422
2020-05-06,73.2411880493164,158.9499969482422,98.77544403076172,137.9718475341797,35.690284729003906,233.5997314453125
2020-05-07,73.47711181640625,161.38999938964844,99.39749908447266,140.27685546875,36.13307571411133,237.80401611328125
2020-05-08,73.2664566040039,160.4199981689453,99.36474609375,138.45309448242188,36.7596549987793,241.3268585205078
2020-05-11,73.0389633178711,159.4199981689453,99.02095794677734,137.37232971191406,36.69282913208008,242.9874725341797
2020-05-12,73.2748794555664,160.0399932861328,99.11100769042969,138.7823486328125,36.291812896728516,237.76565551757812
2020-05-13,73.3591537475586,161.5800018310547,99.20103454589844,139.7533416748047,36.041168212890625,233.54214477539062
2020-05-14,73.56138610839844,163.00999450683594,99.31561279296875,141.12115478515625,35.87408447265625,236.35462951660156
2020-05-15,73.60350036621094,163.92999267578125,99.48751068115234,140.7581024169922,35.77383041381836,237.74644470214844
2020-05-18,73.46871948242188,162.69000244140625,99.47930908203125,137.66786193847656,37.160667419433594,243.4770050048828
2020-05-19,73.56138610839844,164.25999450683594,99.36474609375,138.1829376220703,36.73459243774414,242.7379150390625
2020-05-20,73.75518798828125,164.64999389648438,99.65941619873047,138.5966796875,37.394596099853516,248.295654296875
2020-05-21,73.83101654052734,162.25,99.5530014038086,138.9427947998047,36.9685173034668,245.22398376464844
2020-05-22,73.85628509521484,163.2100067138672,99.61029815673828,139.7787322998047,36.69282913208008,246.42391967773438
2020-05-26,73.81416320800781,160.88999938964844,99.24198150634766,137.90428161621094,37.71206283569336,246.59666442871094
2020-05-27,73.847900390625,161.17999267578125,99.34017181396484,137.65098571777344,38.046241760253906,247.9692840576172
2020-05-28,73.8731460571289,161.72000122070312,99.6512222290039,137.1443634033203,38.255104064941406,247.47012329101562
2020-05-29,74.08383178710938,162.91000366210938,99.69212341308594,138.1238250732422,38.3135871887207,250.56101989746094
2020-06-01,74.02386474609375,163.66000366210938,99.81489562988281,137.19383239746094,39.15739059448242,251.3673095703125
2020-06-02,74.08293914794922,162.60000610351562,99.59391784667969,136.695068359375,39.72549057006836,253.6134490966797
2020-06-03,73.91413879394531,159.60000610351562,99.26648712158203,134.8773956298828,40.59435272216797,255.97486877441406
2020-06-04,73.73682403564453,161.27999877929688,98.89000701904297,132.9244384765625,40.32701110839844,253.45993041992188
2020-06-05,73.7283706665039,158.00999450683594,98.8818130493164,131.97767639160156,41.15410614013672,259.5840148925781
2020-06-08,73.80436706542969,159.72000122070312,99.0946273803711,132.48495483398438,41.621952056884766,261.17742919921875
2020-06-09,73.85503387451172,161.25999450683594,99.19284057617188,133.98973083496094,41.17081832885742,261.7630615234375
2020-06-10,74.16741943359375,163.57000732421875,99.95407104492188,135.97654724121094,41.145748138427734,265.6601257324219
2020-06-11,74.03231048583984,162.38999938964844,99.98680877685547,138.5464630126953,38.91511535644531,250.5226593017578
2020-06-12,74.10829162597656,162.6199951171875,99.71668243408203,137.21080017089844,39.650299072265625,253.60391235351562
2020-06-15,74.26026916503906,162.3300018310547,99.7575912475586,137.2869110107422,39.700435638427734,256.761962890625
2020-06-16,74.16741943359375,162.25,99.70850372314453,135.1817169189453,40.159915924072266,262.1661071777344
2020-06-17,74.18428039550781,162.55999755859375,99.64301300048828,135.73976135253906,40.31865310668945,261.9645080566406
2020-06-18,74.26866912841797,162.24000549316406,100.09320068359375,137.1769561767578,40.159915924072266,263.3948059082031
2020-06-19,74.2940444946289,164.02999877929688,100.28963470458984,137.2869110107422,40.00954055786133,261.64776611328125
2020-06-22,74.26866912841797,165.08999633789062,100.5433578491211,137.3037872314453,40.50843811035156,266.49285888671875
2020-06-23,74.23489379882812,166.47999572753906,100.60064697265625,136.36532592773438,40.76881790161133,268.2442626953125
2020-06-24,74.2433853149414,165.89999389648438,100.46150970458984,137.8279266357422,39.89531326293945,262.181884765625
2020-06-25,74.3193359375,165.8000030517578,100.55155181884766,138.2252655029297,40.323665618896484,265.6653137207031
2020-06-26,74.45441436767578,166.5399932861328,100.72343444824219,139.7046661376953,39.76093292236328,260.7576904296875
2020-06-29,74.50506591796875,166.6300048828125,100.83802032470703,139.26510620117188,40.08009338378906,263.41357421875
2020-06-30,74.58104705810547,167.3699951171875,100.67433166503906,138.58872985839844,39.987701416015625,268.19610595703125
2020-07-01,74.59967803955078,166.6199951171875,100.73979949951172,138.3196258544922,40.18929672241211,268.83123779296875
2020-07-02,74.71804809570312,166.97999572753906,101.0180892944336,138.4635009765625,40.80242156982422,270.3035888671875
2020-07-06,74.69273376464844,167.97999572753906,101.21452331542969,137.8964080810547,41.70110321044922,274.5760498046875
2020-07-07,74.81111145019531,169.0399932861328,101.23906707763672,139.83474731445312,41.10477066040039,272.0548095703125
2020-07-08,74.76884460449219,170.08999633789062,101.0589828491211,139.27606201171875,41.625518798828125,276.7795104980469
2020-07-09,74.9718246459961,169.6300048828125,101.32091522216797,141.49371337890625,41.32315444946289,277.8959045410156
2020-07-10,74.88726043701172,169.19000244140625,101.21452331542969,140.78268432617188,41.533119201660156,277.3569641113281
2020-07-13,74.92108917236328,169.39999389648438,101.4355239868164,141.2481689453125,41.27275848388672,271.02520751953125
2020-07-14,75.01408386230469,170.19000244140625,101.45191192626953,141.45132446289062,41.72630310058594,274.26812744140625
2020-07-15,75.02254486083984,170.33999633789062,101.39460754394531,140.79115295410156,42.12944412231445,275.98101806640625
2020-07-16,75.07333374023438,168.72999572753906,101.5992202758789,141.4598388671875,41.759891510009766,272.49749755859375
2020-07-17,75.14945220947266,170.1199951171875,101.78746795654297,141.16355895996094,41.944671630859375,274.11407470703125
2020-07-20,75.22554016113281,170.94000244140625,101.9266128540039,141.5105438232422,42.2722282409668,281.3119201660156
2020-07-21,75.26785278320312,173.0,102.15579986572266,141.5952606201172,42.490623474121094,278.5982360839844
2020-07-22,75.36933898925781,175.6300048828125,102.15579986572266,142.0184326171875,42.490623474121094,280.696044921875
2020-07-23,75.4370346069336,177.17999267578125,102.20488739013672,143.6773681640625,42.1546516418457,273.7965087890625
2020-07-24,75.42012023925781,178.6999969482422,102.18033599853516,143.6689453125,41.99506378173828,270.2650146484375
2020-07-27,75.36933898925781,182.22999572753906,102.18033599853516,143.13568115234375,42.56621170043945,274.8454895019531
2020-07-28,75.40319061279297,183.75,102.36859130859375,144.12596130371094,42.305824279785156,271.56402587890625
2020-07-29,75.52162170410156,185.1300048828125,102.60596466064453,143.88052368164062,42.80137252807617,276.2119140625
2020-07-30,75.5638656616211,183.75999450683594,102.71235656738281,144.8284454345703,42.25544738769531,277.5975341796875
2020-07-31,75.66539001464844,185.42999267578125,103.01519775390625,144.7353515625,41.558319091796875,284.1313781738281
2020-08-03,75.63912200927734,185.63999938964844,103.15434265136719,144.0066680908203,42.179847717285156,290.78070068359375
2020-08-04,75.80013275146484,189.58999633789062,103.38353729248047,145.37933349609375,42.4990119934082,291.7333984375
2020-08-05,75.69841003417969,191.35000610351562,103.4326400756836,144.1083221435547,42.78457260131836,293.0132751464844
2020-08-06,75.81706237792969,193.88999938964844,103.54722595214844,144.913330078125,42.86856460571289,296.5447692871094
2020-08-07,75.7323226928711,190.80999755859375,103.26893615722656,143.9473419189453,42.473812103271484,291.75262451171875
2020-08-10,75.64759826660156,190.14999389648438,103.14615631103516,143.3033447265625,42.59980773925781,290.828857421875
2020-08-11,75.38492584228516,179.94000244140625,102.91698455810547,141.6001739501953,42.700592041015625,285.6806945800781
2020-08-12,75.19002532958984,179.10000610351562,102.98245239257812,140.3122100830078,43.51530075073242,291.945068359375
2020-08-13,74.9443130493164,183.3300018310547,102.72054290771484,138.81251525878906,43.288516998291016,292.65716552734375
2020-08-14,74.85956573486328,182.5399932861328,102.54864501953125,138.2700958251953,43.11213684082031,291.9354553222656
2020-08-17,74.95281982421875,186.5,102.7696304321289,138.61752319335938,43.498497009277344,294.4374084472656
2020-08-18,75.0544662475586,188.17999267578125,103.2280044555664,139.60894775390625,43.506874084472656,295.3130798339844
2020-08-19,74.9273681640625,182.24000549316406,102.91698455810547,138.73617553710938,43.21291732788086,294.8511657714844
2020-08-20,75.0544662475586,183.5,102.81875610351562,139.990234375,43.09534454345703,298.6521301269531
2020-08-21,75.21542358398438,182.02999877929688,103.17069244384766,140.8291473388672,42.97774887084961,301.7602844238281
2020-08-24,75.13072204589844,181.0,103.37535095214844,140.6003875732422,43.506874084472656,304.2140808105469
2020-08-25,74.98670959472656,181.22000122070312,103.34260559082031,139.524169921875,43.6496696472168,305.66717529296875
2020-08-26,74.9443130493164,183.36000061035156,103.54722595214844,138.9904022216797,43.88484191894531,311.9893493652344
2020-08-27,74.67316436767578,181.24000549316406,103.13799285888672,136.62628173828125,43.506874084472656,311.7968444824219
2020-08-28,74.73251342773438,184.38999938964844,103.4653549194336,136.5245819091797,43.88484191894531,314.8087463378906
2020-08-31,74.95281982421875,184.8300018310547,103.93192291259766,137.43121337890625,43.38930130004883,315.77105712890625
2020-09-01,75.15904235839844,185.0500030517578,103.98921966552734,139.00315856933594,43.6496696472168,323.286376953125
2020-09-02,75.32032775878906,182.6199951171875,104.03013610839844,140.3264923095703,44.036033630371094,325.5959167480469
2020-09-03,75.32880401611328,181.13999938964844,103.66997528076172,140.72523498535156,43.103736877441406,306.3408203125
2020-09-04,74.88744354248047,181.63999938964844,103.35076141357422,138.05307006835938,43.15413284301758,301.4716491699219
2020-09-08,74.9977798461914,181.2899932861328,103.44898223876953,138.90133666992188,42.54100799560547,288.3365478515625
2020-09-09,74.9468765258789,183.0500030517578,103.50630950927734,138.52810668945312,43.2633171081543,297.4396667480469
2020-09-10,74.96383666992188,182.4600067138672,103.59634399414062,139.23220825195312,42.73417663574219,291.16558837890625
2020-09-11,75.0401840209961,182.4499969482422,103.5390625,139.5290985107422,43.128936767578125,288.82867431640625
2020-09-14,75.0401840209961,183.88999938964844,103.47355651855469,139.52061462402344,43.506874084472656,294.9726257324219
2020-09-15,75.08268737792969,183.4499969482422,103.54722595214844,139.1813201904297,43.85124969482422,298.19415283203125
2020-09-16,75.065673828125,183.97000122070312,103.54722595214844,138.76559448242188,43.775665283203125,293.7283935546875
2020-09-17,75.065673828125,182.9600067138672,103.60452270507812,139.18980407714844,43.75885772705078,291.0952453613281
2020-09-18,74.98080444335938,183.1999969482422,103.51447296142578,138.75714111328125,43.43130874633789,286.8223571777344
2020-09-21,75.02320098876953,179.52000427246094,103.32624053955078,139.46127319335938,42.56212615966797,289.46514892578125
2020-09-22,75.04869842529297,178.64999389648438,103.35894775390625,139.35101318359375,42.48603439331055,294.2684631347656
2020-09-23,74.87893676757812,174.7899932861328,103.25257110595703,139.5375518798828,42.029476165771484,285.4719543457031
2020-09-24,74.88744354248047,175.44000244140625,103.32624053955078,140.07200622558594,41.93647384643555,286.3497314453125
2020-09-25,74.87893676757812,174.94000244140625,103.4653549194336,140.07200622558594,42.088661193847656,293.5643310546875
2020-09-28,74.9468765258789,176.6999969482422,103.67817687988281,139.67332458496094,42.663597106933594,299.0044250488281
2020-09-29,74.9977798461914,178.19000244140625,103.85006713867188,139.83447265625,42.6297721862793,298.1846008300781
2020-09-30,74.87893676757812,177.1199951171875,103.5390625,138.49411010742188,42.65513610839844,300.4029541015625
2020-10-01,74.95549011230469,178.6999969482422,103.52015686035156,138.7225799560547,42.967979431152344,304.1452941894531
2020-10-02,74.90444946289062,178.5399932861328,103.53654479980469,138.20457458496094,42.773502349853516,297.14288330078125
2020-10-05,74.62391662597656,179.41000366210938,103.22453308105469,135.50413513183594,43.424537658691406,303.8945617675781
2020-10-06,74.72592163085938,177.3000030517578,103.2409439086914,136.2345428466797,43.06943130493164,299.70849609375
2020-10-07,74.62391662597656,177.22000122070312,103.23274230957031,135.24090576171875,43.517539978027344,305.3799133300781
2020-10-08,74.75144958496094,177.85000610351562,103.64334869384766,135.97125244140625,43.83036804199219,306.7206115722656
2020-10-09,74.76844787597656,181.0800018310547,103.67619323730469,135.94578552246094,44.12629318237305,311.9001770019531
2020-10-12,74.8789291381836,180.55999755859375,103.74188995361328,136.37879943847656,44.388397216796875,319.7610778808594
2020-10-13,74.93848419189453,177.72000122070312,103.74188995361328,137.35545349121094,44.016387939453125,318.2081604003906
2020-10-14,74.98098754882812,178.27000427246094,103.74188995361328,137.66954040527344,43.87263488769531,316.423828125
2020-10-15,74.93848419189453,178.9199981689453,103.70905303955078,137.43190002441406,43.43299102783203,315.2277526855469
2020-10-16,74.8789291381836,178.3000030517578,103.7500991821289,137.0496826171875,43.593650817871094,314.2247314453125
2020-10-19,74.8109359741211,178.38999938964844,103.50373077392578,136.53170776367188,43.44990539550781,309.4212646484375
2020-10-20,74.6833724975586,179.25,103.41338348388672,135.2324676513672,43.73735809326172,309.81671142578125
2020-10-21,74.59840393066406,180.60000610351562,103.38057708740234,134.7654266357422,43.6274528503418,308.7076110839844
2020-10-22,74.47084045410156,178.8300018310547,103.22453308105469,133.36424255371094,43.64435577392578,307.4826354980469
2020-10-23,74.56439208984375,178.63999938964844,103.3476791381836,134.179443359375,43.906471252441406,307.29931640625
2020-10-26,74.67489624023438,178.5500030517578,103.42982482910156,135.4277801513672,43.16242980957031,300.6634521484375
2020-10-27,74.85345458984375,179.02000427246094,103.63510131835938,136.33641052246094,43.001792907714844,302.01373291015625
2020-10-28,74.75144958496094,176.1300048828125,103.50373077392578,136.46380615234375,41.81809997558594,289.95703125
2020-10-29,74.58983612060547,175.39999389648438,103.1506118774414,135.13905334472656,42.07174301147461,294.06597900390625
2020-10-30,74.46236419677734,176.1999969482422,102.83855438232422,133.80584716796875,41.77582550048828,287.42041015625
2020-11-02,74.56541442871094,177.91000366210938,103.21561431884766,134.80810546875,42.30848693847656,288.0184326171875
2020-11-03,74.54837036132812,178.9199981689453,103.13329315185547,134.02597045898438,43.077880859375,293.2365417480469
2020-11-04,75.05935668945312,178.82000732421875,103.30620574951172,136.9333038330078,43.79654312133789,304.8301086425781
2020-11-05,75.13603210449219,182.92999267578125,103.38851165771484,137.1713409423828,44.78578186035156,314.5333557128906
2020-11-06,74.96568298339844,183.19000244140625,102.91925048828125,135.513671875,44.91260528564453,315.9993896484375
2020-11-09,74.61650848388672,175.0800018310547,102.62285614013672,132.66586303710938,45.85110092163086,312.70074462890625
2020-11-10,74.47173309326172,175.66000366210938,102.7216567993164,131.90074157714844,46.02864456176758,306.23834228515625
2020-11-11,74.52278900146484,174.89999389648438,102.90276336669922,132.3768310546875,46.36684799194336,313.7230529785156
2020-11-12,74.76976776123047,175.9600067138672,103.19091796875,134.62957763671875,45.76655578613281,311.28289794921875
2020-11-13,74.79534912109375,177.16000366210938,103.18270111083984,134.45108032226562,46.43449783325195,313.7328186035156
2020-11-16,74.83795928955078,177.14999389648438,103.042724609375,134.1280059814453,46.99251174926758,316.81927490234375
2020-11-17,74.96568298339844,176.5,103.21561431884766,135.0036163330078,46.95022964477539,315.9029235839844
2020-11-18,75.0508804321289,175.49000549316406,103.2485580444336,135.3946990966797,46.75577926635742,312.6139221191406
2020-11-19,75.20419311523438,175.16000366210938,103.3555679321289,136.09173583984375,46.98405456542969,316.03802490234375
2020-11-20,75.27227783203125,175.69000244140625,103.58609771728516,137.2987518310547,47.17007827758789,313.5012512207031
2020-11-23,75.21268463134766,172.22999572753906,103.5037841796875,136.6698455810547,47.20388412475586,313.7038879394531
2020-11-24,75.13603210449219,169.58999633789062,103.53668975830078,135.30963134765625,47.92256164550781,317.4269104003906
2020-11-25,75.10195922851562,169.50999450683594,103.70960235595703,134.8931121826172,47.77037048339844,318.9123229980469
2020-11-27,75.26374053955078,167.7899932861328,103.96481323242188,136.2022705078125,48.13393020629883,321.2753601074219
2020-11-30,75.36595153808594,166.6699981689453,104.08011627197266,136.03225708007812,47.043251037597656,323.4358215332031
2020-12-01,75.13821411132812,170.17999267578125,103.84357452392578,134.02647399902344,48.07474899291992,326.1172790527344
2020-12-02,75.01025390625,171.4600067138672,103.91769409179688,132.96278381347656,48.1254768371582,325.72186279296875
2020-12-03,75.1552734375,172.80999755859375,104.20616149902344,134.03501892089844,48.379127502441406,325.9244689941406
2020-12-04,74.95909118652344,172.32000732421875,103.9836196899414,132.06930541992188,48.810325622558594,329.5800476074219
2020-12-07,75.06143951416016,174.88999938964844,104.25560760498047,133.26068115234375,48.56513214111328,330.39984130859375
2020-12-08,75.08702850341797,175.5,104.42865753173828,133.890380859375,48.658138275146484,331.8948669433594
2020-12-09,74.95909118652344,172.5,104.29682922363281,133.4478302001953,48.59049606323242,325.0853576660156
2020-12-10,75.11260986328125,172.1699981689453,104.53582000732422,134.63070678710938,48.810325622558594,326.52239990234375
2020-12-11,75.23207092285156,172.49000549316406,104.52761840820312,135.1072235107422,48.63277053833008,325.9437255859375
2020-12-14,75.20648956298828,171.5399932861328,104.52761840820312,134.73280334472656,48.582054138183594,327.34228515625
2020-12-15,75.2405776977539,173.94000244140625,104.71712493896484,134.28182983398438,49.10625076293945,332.7822570800781
2020-12-16,75.163818359375,174.89999389648438,104.70890045166016,133.92437744140625,49.249969482421875,335.20318603515625
2020-12-17,75.18086242675781,176.74000549316406,104.76908874511719,133.57000732421875,49.60508728027344,338.2572326660156
2020-12-18,75.1552734375,176.44000244140625,104.7196273803711,133.16964721679688,49.351436614990234,337.34869384765625
2020-12-21,75.163818359375,175.8800048828125,104.70311737060547,133.69786071777344,48.76520919799805,338.2474670410156
2020-12-22,75.28325653076172,174.49000549316406,104.80204010009766,134.38778686523438,48.594783782958984,341.90069580078125
2020-12-23,75.19852447509766,175.64999389648438,104.85150909423828,133.45932006835938,49.06344223022461,338.78875732421875
2020-12-24,75.32689666748047,176.35000610351562,104.8927230834961,133.98744201660156,49.071964263916016,341.04052734375
2020-12-28,75.30120849609375,175.7100067138672,104.9668960571289,134.0470428466797,49.33610153198242,343.4373779296875
2020-12-29,75.32689666748047,176.35000610351562,104.9174575805664,133.876708984375,49.7365837097168,341.1661376953125
2020-12-30,75.37823486328125,177.6999969482422,104.99986267089844,134.16624450683594,50.01778030395508,341.6205139160156
2020-12-31,75.48096466064453,178.36000061035156,105.22245788574219,134.3623046875,49.72807693481445,341.9200744628906
2021-01-04,75.37823486328125,182.3300018310547,105.33785247802734,134.200439453125,49.97517776489258,336.2372741699219
2021-01-05,75.24987030029297,182.8699951171875,105.30487060546875,133.2037353515625,50.742069244384766,339.0013427734375
2021-01-06,74.91607666015625,179.89999389648438,104.99166870117188,130.4693145751953,51.01471710205078,333.37664794921875
2021-01-07,74.7619857788086,179.47999572753906,104.9256820678711,129.31930541992188,51.19366455078125,342.86712646484375
2021-01-08,74.69352722167969,173.33999633789062,104.51354217529297,128.9019317626953,51.91794204711914,345.3702392578125
2021-01-11,74.61650848388672,173.0,104.2909927368164,128.68887329101562,51.227752685546875,342.4226379394531
2021-01-12,74.59941101074219,174.1199951171875,104.43109130859375,128.58673095703125,51.55154800415039,341.9200744628906
2021-01-13,74.79623413085938,173.3699951171875,104.66192626953125,130.0348358154297,51.543025970458984,343.6305847167969
2021-01-14,74.70210266113281,173.27999877929688,104.71135711669922,128.8167266845703,51.97759246826172,341.485107421875
2021-01-15,74.7619857788086,171.1300048828125,104.82675170898438,129.3278350830078,51.236270904541016,337.88995361328125
2021-01-19,74.86470031738281,172.5800018310547,105.0740737915039,129.74520874023438,51.721961975097656,342.1036682128906
2021-01-20,74.85614013671875,175.38999938964844,105.23068237304688,129.87301635742188,52.258785247802734,348.57879638671875
2021-01-21,74.75342559814453,175.27999877929688,105.4862060546875,128.9614715576172,52.32694625854492,352.6185607910156
2021-01-22,74.78767395019531,173.89999389648438,105.32138061523438,129.37892150878906,51.97759246826172,351.5845642089844
2021-01-25,74.95887756347656,174.0500030517578,105.59339904785156,130.90371704101562,52.02019119262695,353.9523620605469
2021-01-26,74.95027160644531,173.6199951171875,105.43675994873047,130.6566925048828,51.95203399658203,352.8216247558594
2021-01-27,74.95027160644531,172.52000427246094,105.4037857055664,130.9889373779297,50.699466705322266,345.73748779296875
2021-01-28,74.8903579711914,172.67999267578125,105.60985565185547,130.2648468017578,51.04029083251953,347.5738220214844
2021-01-29,74.83047485351562,172.61000061035156,105.50270080566406,129.4811248779297,49.91553497314453,339.5135192871094
2021-02-01,74.8553237915039,174.22999572753906,105.27191162109375,129.63125610351562,50.767616271972656,348.0376281738281
2021-02-02,74.76102447509766,172.11000061035156,105.42852783203125,128.79547119140625,51.36408615112305,353.58502197265625
2021-02-03,74.63246154785156,171.85000610351562,105.3708267211914,127.65267181396484,51.5174560546875,352.2803649902344
2021-02-04,74.64961242675781,168.14999389648438,105.2966079711914,127.31151580810547,51.585636138916016,358.19500732421875
2021-02-05,74.54672241210938,169.80999755859375,105.27191162109375,126.2454833984375,51.95203399658203,358.2626647949219
2021-02-08,74.63246154785156,171.52000427246094,105.3708267211914,126.7998275756836,52.233219146728516,362.3700866699219
2021-02-09,74.59814453125,172.0800018310547,105.42852783203125,126.89366912841797,52.60813903808594,362.4860534667969
2021-02-10,74.71820831298828,172.7100067138672,105.51918029785156,127.7380142211914,52.582576751708984,361.8385314941406
2021-02-11,74.64105224609375,171.2100067138672,105.39556121826172,127.03864288330078,52.96601867675781,365.7816467285156
2021-02-12,74.4438705444336,170.69000244140625,105.22245788574219,125.46089172363281,53.2131233215332,367.8401794433594
2021-02-16,74.09239959716797,168.24000549316406,104.71135711669922,123.55047607421875,53.46875,366.41949462890625
2021-02-17,74.24668884277344,166.3300018310547,104.67015838623047,124.33507537841797,53.306854248046875,362.4957275390625
2021-02-18,74.20382690429688,166.32000732421875,104.23329162597656,123.83194732666016,52.83820343017578,360.83343505859375
2021-02-19,73.94664001464844,167.00999450683594,103.78816986083984,122.18601989746094,53.0767822265625,361.2683410644531
2021-02-22,73.74089050292969,169.50999450683594,103.7799301147461,121.25636291503906,52.52293014526367,352.4736328125
2021-02-23,73.72376251220703,169.1199951171875,103.80465698242188,120.90672302246094,52.65925979614258,350.4634094238281
2021-02-24,73.68089294433594,169.0,103.72217559814453,120.11357116699219,52.66779327392578,355.2860107421875
2021-02-25,73.03795623779297,165.82000732421875,102.4527587890625,118.1520767211914,51.679359436035156,342.093994140625
2021-02-26,73.67233276367188,161.80999755859375,103.72217559814453,122.0580062866211,50.955078125,344.5390930175781
2021-03-01,73.57704162597656,161.52999877929688,103.37598419189453,120.44601440429688,52.05427932739258,355.9045715332031
2021-03-02,73.56846618652344,162.41000366210938,103.79640197753906,120.45452117919922,51.96054458618164,349.61297607421875
2021-03-03,73.33661651611328,160.6199951171875,103.53260803222656,119.14804077148438,51.61970520019531,340.01605224609375
2021-03-04,73.10481262207031,159.0399932861328,103.13697814941406,118.37959289550781,50.920989990234375,331.3470458984375
2021-03-05,73.06192016601562,159.13999938964844,103.24412536621094,118.6102066040039,51.39817428588867,336.7108459472656
2021-03-08,72.72708129882812,157.49000549316406,102.67534637451172,117.6879653930664,50.83578872680664,328.0224609375
2021-03-09,72.96746063232422,160.83999633789062,103.31829833984375,119.31885528564453,51.59415054321289,340.57666015625
2021-03-10,73.10481262207031,161.66000366210938,103.78816986083984,119.55799865722656,51.71343994140625,339.1269836425781
2021-03-11,73.11341857910156,161.52000427246094,103.87882995605469,118.69554901123047,52.40363693237305,347.506103515625
2021-03-12,72.67552185058594,161.49000549316406,103.06278228759766,116.17664337158203,52.233219146728516,344.9739685058594
2021-03-15,72.76142120361328,162.1999969482422,103.36775970458984,116.85975646972656,52.309906005859375,349.22637939453125
2021-03-16,72.75284576416016,162.35000610351562,103.58206176757812,116.39013671875,52.41215896606445,351.1012878417969
2021-03-17,72.72708129882812,163.50999450683594,103.49137115478516,115.5191421508789,52.65074920654297,351.20758056640625
2021-03-18,72.42658996582031,162.55999755859375,102.75775146484375,114.3493881225586,52.0798454284668,339.9484558105469
2021-03-19,72.48670959472656,163.24000549316406,102.95560455322266,115.05809020996094,52.318424224853516,339.7455139160156
2021-03-22,72.69273376464844,163.0,103.45020294189453,116.3473892211914,52.30475616455078,345.95013427734375
2021-03-23,72.85585021972656,161.80999755859375,103.6645278930664,117.39764404296875,51.56999206542969,343.3406677246094
2021-03-24,72.96746063232422,162.3699951171875,103.93651580810547,118.0295639038086,50.989009857177734,338.0735778808594
2021-03-25,72.91594696044922,161.77999877929688,103.86235046386719,117.09880828857422,51.288055419921875,338.1508483886719
2021-03-26,72.78718566894531,162.24000549316406,103.88705444335938,116.68901824951172,52.13388442993164,346.2149353027344
2021-03-29,72.69273376464844,160.30999755859375,103.60682678222656,115.6984634399414,51.8946533203125,343.6105651855469
2021-03-30,72.77000427246094,157.57000732421875,103.42544555664062,116.30473327636719,51.8690299987793,341.4320373535156
2021-03-31,72.73565673828125,159.9600067138672,103.45020294189453,115.65579223632812,51.8433952331543,347.0863342285156
2021-04-01,72.9697265625,161.97999572753906,103.74764251708984,117.57537078857422,52.501258850097656,354.32830810546875
2021-04-05,72.85784149169922,161.9199981689453,103.4501953125,117.06228637695312,53.056602478027344,360.60223388671875
2021-04-06,73.11597442626953,163.22000122070312,103.50802612304688,117.85751342773438,52.774658203125,359.95361328125
2021-04-07,73.02996826171875,162.75999450683594,103.57414245605469,117.03672790527344,52.62941360473633,361.2508850097656
2021-04-08,73.1934585571289,164.50999450683594,103.80548095703125,118.00283813476562,52.979713439941406,366.7502136230469
2021-04-09,73.09879302978516,163.27000427246094,103.5823974609375,117.57537078857422,52.94554138183594,369.80010986328125
2021-04-12,73.08159637451172,162.27999877929688,103.59891510009766,117.52403259277344,52.68068313598633,368.58013916015625
2021-04-13,73.27090454101562,163.42999267578125,103.9790267944336,118.40470886230469,52.95408248901367,372.5496520996094
2021-04-14,73.2192153930664,162.72000122070312,103.9790267944336,118.02852630615234,53.073692321777344,368.51239013671875
2021-04-15,73.52903747558594,165.35000610351562,104.54085540771484,120.00361633300781,53.500877380371094,374.77655029296875
2021-04-16,73.33110046386719,166.35000610351562,104.5078125,119.07168579101562,53.78281784057617,374.19549560546875
2021-04-19,73.28807830810547,165.88999938964844,104.3260498046875,118.72965240478516,53.63758087158203,370.6617431640625
2021-04-20,73.40855407714844,166.47999572753906,104.39215850830078,119.27684783935547,52.843017578125,366.9051818847656
2021-04-21,73.48602294921875,168.1300048828125,104.49130249023438,119.5162582397461,53.30437088012695,370.76824951171875
2021-04-22,73.52041625976562,167.0399932861328,104.61527252197266,120.03779602050781,53.13349533081055,367.3215026855469
2021-04-23,73.52903747558594,166.39999389648438,104.66482543945312,119.75567626953125,53.7059326171875,372.6755065917969
2021-04-26,73.47738647460938,166.83999633789062,104.72267150878906,119.5846939086914,53.81700134277344,375.6962890625
2021-04-27,73.28807830810547,166.4199981689453,104.71439361572266,118.54151916503906,53.663211822509766,374.3795471191406
2021-04-28,73.3224868774414,166.91000366210938,105.04490661621094,118.61849212646484,53.962242126464844,371.4168395996094
2021-04-29,73.26226043701172,166.22000122070312,104.9953384399414,118.26790618896484,53.936607360839844,370.27447509765625
2021-04-30,73.36551666259766,165.66000366210938,104.92922973632812,118.54151916503906,53.17621994018555,364.9493713378906
2021-05-03,73.3836669921875,167.80999755859375,105.1905517578125,118.6125717163086,53.60340881347656,363.4874572753906
2021-05-04,73.47843170166016,166.5800018310547,105.43116760253906,119.41749572753906,52.91136169433594,356.1194763183594
2021-05-05,73.52153015136719,167.27000427246094,105.90406036376953,119.6144790649414,53.47525405883789,355.05450439453125
2021-05-06,73.5560073852539,170.05999755859375,105.77960968017578,119.81141662597656,53.910980224609375,357.2232666015625
2021-05-07,73.56462860107422,171.58999633789062,106.00360870361328,119.22056579589844,54.50905227661133,360.6506042480469
2021-05-10,73.39225769042969,172.11000061035156,106.05341339111328,118.01322174072266,54.04767608642578,351.3269348144531
2021-05-11,73.24574279785156,172.13999938964844,105.77130889892578,117.34528350830078,53.500877380371094,351.0171813964844
2021-05-12,72.98721313476562,170.42999267578125,105.58879089355469,116.1122817993164,52.45854568481445,340.68658447265625
2021-05-13,73.13370513916016,171.1300048828125,105.61367797851562,116.29206848144531,52.72340774536133,344.5593566894531
2021-05-14,73.30609130859375,172.69000244140625,105.98704528808594,117.37953186035156,53.629032135009766,352.5372009277344
2021-05-17,73.23712158203125,174.6999969482422,106.19442749023438,117.1312255859375,53.55213928222656,349.8843994140625
2021-05-18,73.15955352783203,175.0399932861328,106.03678131103516,116.83151245117188,53.84263229370117,347.5897216796875
2021-05-19,73.08201599121094,175.16000366210938,105.31502532958984,116.54896545410156,53.45816421508789,348.8096618652344
2021-05-20,73.32328796386719,175.9600067138672,105.43946075439453,117.50796508789062,54.06476593017578,355.712890625
2021-05-21,73.34053802490234,176.0399932861328,105.63029479980469,117.8847885131836,53.919517517089844,354.0088806152344
2021-05-24,73.42671966552734,176.35000610351562,105.88748931884766,118.32147979736328,54.28690719604492,360.16656494140625
2021-05-25,73.6163330078125,177.9499969482422,106.18612670898438,119.41749572753906,54.457794189453125,360.2826843261719
2021-05-26,73.59046173095703,177.63999938964844,105.94551849365234,119.2120132446289,54.56031036376953,360.98944091796875
2021-05-27,73.4870376586914,177.7100067138672,105.93722534179688,118.73250579833984,54.61156463623047,359.4694519042969
2021-05-28,73.47843170166016,178.3800048828125,106.00360870361328,118.54413604736328,54.85934066772461,360.43768310546875
2021-06-01,73.47328186035156,177.89999389648438,106.31305694580078,118.51748657226562,55.34632873535156,358.82073974609375
2021-06-02,73.55091094970703,178.77000427246094,106.17961120605469,118.79190063476562,55.491573333740234,360.86370849609375
2021-06-03,73.41283416748047,175.27000427246094,105.82098388671875,118.34600830078125,55.081478118896484,357.0005798339844
2021-06-04,73.70630645751953,177.16000366210938,106.32975769042969,119.96668243408203,55.619728088378906,363.7489013671875
2021-06-07,73.65452575683594,177.8699951171875,106.09620666503906,119.59799194335938,55.67953109741211,364.2522888183594
2021-06-08,73.79261779785156,177.32000732421875,106.2046127319336,120.4383544921875,55.5428352355957,364.8913269042969
2021-06-09,73.93938446044922,176.97999572753906,106.21295928955078,121.50166320800781,55.38050842285156,364.69757080078125
2021-06-10,74.09473419189453,177.74000549316406,106.76346588134766,122.23054504394531,55.61117935180664,367.9798278808594
2021-06-11,74.07745361328125,175.74000549316406,106.48821258544922,122.03331756591797,55.645362854003906,370.2357482910156
2021-06-14,73.88755798339844,174.7100067138672,106.4298324584961,121.0986099243164,55.77351379394531,374.3214416503906
2021-06-15,73.88755798339844,174.0500030517578,106.60498046875,120.9528579711914,55.70515823364258,371.74603271484375
2021-06-16,73.68042755126953,171.11000061035156,105.63744354248047,120.8499755859375,55.226715087890625,370.1872863769531
2021-06-17,73.93077850341797,165.85000610351562,106.03782653808594,122.65931701660156,55.02166748046875,374.9604797363281
2021-06-18,74.16378784179688,164.92999267578125,106.07954406738281,124.96598815917969,54.11602783203125,371.95904541015625
2021-06-21,73.90483093261719,166.9499969482422,105.8960189819336,122.87368774414062,54.72495651245117,375.2702941894531
2021-06-22,74.0084228515625,166.25,106.47987365722656,123.1738510131836,54.673274993896484,378.8719482421875
2021-06-23,73.95662689208984,166.13999938964844,106.5048828125,122.85658264160156,54.51824188232422,378.61053466796875
2021-06-24,73.99114990234375,166.0399932861328,106.3047103881836,123.05381774902344,55.03500747680664,381.205322265625
2021-06-25,73.85303497314453,166.58999633789062,106.41313934326172,121.77605438232422,55.24170684814453,381.11798095703125
2021-06-28,74.05158233642578,166.5800018310547,106.57162475585938,123.02803802490234,55.03500747680664,385.1808166503906
2021-06-29,74.08609771728516,164.8300018310547,106.62999725341797,123.23387908935547,55.00917053222656,387.93463134765625
2021-06-30,74.13792419433594,165.6300048828125,106.77182006835938,123.78266906738281,54.595760345458984,386.66436767578125
2021-07-01,74.1309585571289,166.1999969482422,106.87506866455078,123.78955841064453,54.63881301879883,386.7904357910156
2021-07-02,74.2606430053711,167.2899932861328,107.32842254638672,124.5365219116211,54.750789642333984,391.45440673828125
2021-07-06,74.52862548828125,168.1199951171875,107.60546875,125.99618530273438,54.1995849609375,393.39373779296875
2021-07-07,74.68424987792969,168.75999450683594,107.52993774414062,127.1124496459961,54.39766311645508,394.9062805175781
2021-07-08,74.7533950805664,168.64999389648438,107.38722229003906,127.61048889160156,53.51917266845703,391.056884765625
2021-07-09,74.52001953125,169.2100067138672,107.40399169921875,125.81590270996094,54.50101852416992,394.75115966796875
2021-07-12,74.49406433105469,169.0,107.6894302368164,125.65275573730469,54.62158966064453,394.71246337890625
2021-07-13,74.2606430053711,169.22000122070312,107.6894302368164,124.69104766845703,54.449337005615234,395.5657043457031
2021-07-14,74.5113525390625,171.0399932861328,107.97489929199219,126.10785675048828,54.595760345458984,397.2819519042969
2021-07-15,74.69291687011719,171.07000732421875,108.30233001708984,127.49887084960938,54.268470764160156,393.6651611328125
2021-07-16,74.62373352050781,169.41000366210938,108.30233001708984,127.25845336914062,53.83782958984375,390.06781005859375
2021-07-19,75.04735565185547,169.61000061035156,108.34428405761719,130.04904174804688,52.90768051147461,385.34576416015625
2021-07-20,74.96952819824219,169.38999938964844,108.32748413085938,128.79541015625,53.22633743286133,391.60955810546875
2021-07-21,74.72748565673828,168.75999450683594,108.0504150390625,127.16397094726562,53.90674591064453,395.6044921875
2021-07-22,74.89175415039062,169.08999633789062,108.35266876220703,128.3660888671875,53.97563934326172,398.2323303222656
2021-07-23,74.80528259277344,168.55999755859375,108.83963012695312,127.5074462890625,54.010093688964844,402.1399230957031
2021-07-26,74.76207733154297,168.16000366210938,109.30978393554688,127.12963104248047,53.76032257080078,402.2368469238281
2021-07-27,74.9522476196289,168.44000244140625,109.28456115722656,128.48631286621094,53.29524230957031,397.8541259765625
2021-07-28,75.02143859863281,169.2899932861328,109.65400695800781,128.49481201171875,53.872291564941406,398.2709655761719
2021-07-29,74.89175415039062,171.1699981689453,109.46090698242188,127.78218078613281,54.190956115722656,400.2393493652344
2021-07-30,75.0041275024414,169.82000732421875,109.62879943847656,128.38320922851562,53.82061004638672,399.6963195800781
2021-08-02,75.18250274658203,169.61000061035156,109.66850280761719,129.5283203125,54.12205505371094,398.70733642578125
2021-08-03,75.19979095458984,169.49000549316406,109.76985168457031,129.59710693359375,54.475181579589844,400.9278259277344
2021-08-04,75.19979095458984,169.52999877929688,109.55873107910156,129.86363220214844,54.39766311645508,401.92657470703125
2021-08-05,75.02662658691406,168.86000061035156,109.17021942138672,129.20164489746094,54.595760345458984,404.4670104980469
2021-08-06,74.67162322998047,164.63999938964844,108.9252700805664,127.04385375976562,54.320152282714844,403.83673095703125
2021-08-09,74.53309631347656,161.72000122070312,108.73101806640625,126.58821868896484,54.35459899902344,402.8476257324219
2021-08-10,74.42054748535156,161.77000427246094,108.83235931396484,126.00360107421875,54.475181579589844,399.812744140625
2021-08-11,74.47250366210938,164.0,109.00969696044922,125.9262466430664,54.768009185791016,399.4636535644531
2021-08-12,74.48114013671875,164.0399932861328,108.9252700805664,125.71987915039062,54.595760345458984,401.6259765625
2021-08-13,74.77552032470703,166.38999938964844,109.20399475097656,127.7057876586914,54.79384231567383,403.44891357421875
2021-08-16,74.84478759765625,167.22000122070312,109.31375885009766,128.0153045654297,54.449337005615234,404.195556640625
2021-08-17,74.76690673828125,166.97000122070312,109.01818084716797,127.96373748779297,53.79478073120117,400.7436828613281
2021-08-18,74.74955749511719,167.10000610351562,109.03506469726562,128.39358520507812,53.6741943359375,395.6239318847656
2021-08-19,74.91409301757812,166.61000061035156,109.07728576660156,129.33921813964844,53.03685760498047,398.6007080078125
2021-08-20,74.89678192138672,166.6999969482422,108.73949432373047,129.42520141601562,53.14882278442383,403.64288330078125
2021-08-23,74.91409301757812,168.72999572753906,108.99283599853516,129.33921813964844,53.743106842041016,409.31524658203125
2021-08-24,74.76690673828125,168.64999389648438,108.99283599853516,128.3333740234375,54.225406646728516,409.8970947265625
2021-08-25,74.64566802978516,167.47999572753906,108.95062255859375,127.26734924316406,54.24263381958008,409.9261169433594
2021-08-26,74.6543197631836,167.6699981689453,108.967529296875,127.61981964111328,53.88951873779297,407.5213623046875
2021-08-27,74.87078857421875,170.19000244140625,109.78678131103516,128.4881134033203,54.46656799316406,412.1853942871094
2021-08-30,74.95738983154297,169.35000610351562,109.76985168457031,128.82339477539062,54.475181579589844,416.267578125
2021-08-31,74.86217498779297,169.69000244140625,109.44892120361328,127.946533203125,54.63881301879883,413.72711181640625
2021-09-01,74.8751449584961,169.6999969482422,109.49653625488281,128.16079711914062,55.155574798583984,413.99859619140625
2021-09-02,74.97920227050781,169.25,109.5390853881836,128.72032165527344,55.310604095458984,414.3186340332031
2021-09-03,74.82308197021484,171.05999755859375,109.38597869873047,127.54974365234375,55.60343551635742,416.31610107421875
2021-09-07,74.6063232421875,167.7100067138672,109.11383056640625,126.4737548828125,55.63789367675781,415.87969970703125
2021-09-08,74.72769927978516,167.2899932861328,109.55607604980469,127.33453369140625,55.103904724121094,413.46539306640625
2021-09-09,74.99654388427734,168.02999877929688,110.13438415527344,128.8753204345703,55.03500747680664,412.11749267578125
2021-09-10,74.81441497802734,167.17999267578125,109.8282241821289,127.73908233642578,54.90581512451172,407.9964904785156
2021-09-13,74.9271469116211,167.74000549316406,109.8282241821289,128.51380920410156,55.25031661987305,408.02557373046875
2021-09-14,75.10928344726562,168.82000732421875,109.88777160644531,130.0717315673828,54.94025802612305,407.5116882324219
2021-09-15,75.0399169921875,167.8300018310547,109.94728088378906,129.6155548095703,55.138362884521484,410.9927673339844
2021-09-16,74.90113830566406,164.02999877929688,109.76869201660156,129.02163696289062,54.845516204833984,411.6811828613281
2021-09-17,74.80574798583984,163.77000427246094,109.45401763916016,128.4018096923828,54.25986099243164,406.1542053222656
2021-09-20,75.01388549804688,164.94000244140625,109.55607604980469,129.99429321289062,53.087738037109375,398.3680114746094
2021-09-21,74.99654388427734,166.0399932861328,109.47952270507812,129.88243103027344,53.5988655090332,398.5715637207031
2021-09-22,75.0746078491211,165.4199981689453,109.36898040771484,130.6570587158203,53.99736404418945,404.4670104980469
2021-09-23,74.6756820678711,163.50999450683594,108.97776794433594,127.70460510253906,54.52581787109375,409.69342041015625
2021-09-24,74.51956939697266,163.3000030517578,108.70561981201172,126.4565658569336,54.00603103637695,409.7322082519531
2021-09-27,74.43286895751953,163.63999938964844,108.75664520263672,125.99164581298828,54.1359748840332,405.7178955078125
2021-09-28,74.11196899414062,162.0500030517578,108.51850891113281,124.0290756225586,53.05308151245117,393.03497314453125
2021-09-29,74.12065124511719,161.32000732421875,108.57804107666016,124.24434661865234,52.87115478515625,392.1380920410156
2021-09-30,74.10332489013672,164.22000122070312,108.59505462646484,124.22716522216797,52.81052017211914,389.9613037109375
2021-10-01,74.35514068603516,164.58999633789062,109.06609344482422,125.27256774902344,52.949134826660156,395.37396240234375
2021-10-04,74.30307006835938,165.36000061035156,109.05757141113281,124.95364379882812,52.38602828979492,385.78265380859375
2021-10-05,74.12068176269531,164.58999633789062,109.16851806640625,123.74705505371094,52.7412109375,391.350830078125
2021-10-06,74.15542602539062,165.02999877929688,109.10877990722656,124.44518280029297,52.412010192871094,394.0523681640625
2021-10-07,73.94698333740234,164.16000366210938,109.0149154663086,123.1437759399414,53.035762786865234,398.28924560546875
2021-10-08,73.76458740234375,164.22999572753906,109.04049682617188,122.28191375732422,53.079078674316406,396.41375732421875
2021-10-11,73.65167999267578,163.9199981689453,108.97222137451172,121.97161102294922,52.91447830200195,394.1981506347656
2021-10-12,73.92090606689453,164.66000366210938,109.17705535888672,124.05733489990234,52.85382843017578,393.26531982421875
2021-10-13,74.12068176269531,167.58999633789062,109.67198181152344,125.2638931274414,53.45158386230469,396.56927490234375
2021-10-14,74.25096893310547,168.0,109.88533782958984,125.72933197021484,53.89340591430664,405.15966796875
2021-10-15,74.06856536865234,165.3300018310547,109.70611572265625,124.99675750732422,54.352561950683594,408.00689697265625
2021-10-18,74.02513122558594,164.9199981689453,109.47570037841797,125.58277893066406,54.187957763671875,411.8163146972656
2021-10-19,73.81671142578125,165.4499969482422,109.21118927001953,123.85047912597656,54.603782653808594,415.6062316894531
2021-10-20,73.72982788085938,166.89999389648438,109.40745544433594,123.01441192626953,54.77705001831055,414.79962158203125
2021-10-21,73.62561798095703,166.75,109.6549301147461,122.86795043945312,54.43052291870117,416.5877380371094
2021-10-22,73.7819595336914,167.77000427246094,109.87680053710938,124.22106170654297,54.61245346069336,414.81903076171875
2021-10-25,73.81671142578125,168.92999267578125,110.14131927490234,124.031494140625,54.64710998535156,416.7626037597656
2021-10-26,73.96432495117188,167.67999267578125,110.52533721923828,125.0571060180664,54.62977600097656,417.3165588378906
2021-10-27,74.23360443115234,168.1199951171875,111.04588317871094,127.33245849609375,54.335235595703125,415.7422790527344
2021-10-28,74.13807678222656,168.0800018310547,110.08158874511719,126.9014892578125,54.73374557495117,419.9889221191406
2021-10-29,74.15542602539062,166.64999389648438,109.79998016357422,127.28929901123047,54.257266998291016,421.9032897949219
2021-11-01,74.09799194335938,167.52000427246094,109.36607360839844,126.37281799316406,54.78570556640625,422.4085998535156
2021-11-02,74.23719024658203,167.16000366210938,109.80169677734375,126.9337387084961,54.50849151611328,425.2947998046875
2021-11-03,74.10670471191406,165.77000427246094,109.64795684814453,125.6220932006836,54.87234878540039,427.8602294921875
2021-11-04,74.44598388671875,167.64999389648438,110.3740005493164,126.94242858886719,54.82036590576172,433.9726867675781
2021-11-05,74.67213439941406,169.83999633789062,110.75835418701172,128.84095764160156,54.91565704345703,435.4400634765625
2021-11-08,74.50686645507812,170.4499969482422,111.12564086914062,128.5992889404297,55.11491012573242,438.5594177246094
2021-11-09,74.71566772460938,171.2899932861328,111.7748031616211,130.27345275878906,54.9676513671875,437.393310546875
2021-11-10,74.21109771728516,173.14999389648438,111.4331283569336,127.89166259765625,54.4218635559082,429.2207336425781
2021-11-11,74.08929443359375,174.1199951171875,111.41604614257812,127.7018814086914,54.803035736083984,431.5432434082031
2021-11-12,74.09799194335938,174.4499969482422,111.39896392822266,127.14086151123047,55.09758758544922,436.7130432128906
2021-11-15,73.79354858398438,174.17999267578125,111.41604614257812,125.54443359375,54.9676513671875,436.1299743652344
2021-11-16,73.74134826660156,172.9199981689453,111.25374603271484,125.22508239746094,54.88100814819336,440.6778869628906
2021-11-17,73.89791870117188,174.5,111.4758529663086,126.21751403808594,54.725067138671875,438.82177734375
2021-11-18,73.98494720458984,173.94000244140625,111.54418182373047,126.69213104248047,54.603782653808594,441.9801025390625
2021-11-19,74.1415023803711,172.61000061035156,111.33919525146484,128.02972412109375,54.257266998291016,444.55523681640625
2021-11-22,73.77617645263672,168.74000549316406,110.44231414794922,126.5281982421875,53.919395446777344,437.91802978515625
2021-11-23,73.4803695678711,167.27999877929688,110.01525115966797,124.69869995117188,53.89340591430664,435.91619873046875
2021-11-24,73.65436553955078,167.1199951171875,110.35690307617188,126.70081329345703,53.650840759277344,439.5408630371094
2021-11-26,74.17631530761719,166.85000610351562,110.903564453125,129.90245056152344,52.10880661010742,429.6385803222656
2021-11-29,74.16761016845703,166.6199951171875,110.64729309082031,128.85816955566406,52.342708587646484,439.3854675292969
2021-11-30,74.30679321289062,165.5,110.74980926513672,130.81712341308594,51.92687225341797,435.0514221191406
2021-12-01,74.35469818115234,166.16000366210938,110.40423583984375,131.62411499023438,51.77093505859375,427.1119384765625
2021-12-02,74.3634262084961,165.24000549316406,110.7292709350586,131.7882537841797,52.47264862060547,431.7084045410156
2021-12-03,74.65093231201172,166.6300048828125,110.96025085449219,133.36080932617188,52.12612533569336,423.6912841796875
2021-12-06,74.45054626464844,166.22000122070312,110.45558166503906,131.529052734375,52.58527755737305,427.29656982421875
2021-12-07,74.28500366210938,166.80999755859375,110.63519287109375,130.4663848876953,53.61619567871094,442.7476806640625
2021-12-08,74.05848693847656,166.89999389648438,110.4469985961914,128.21121215820312,53.72014617919922,445.701904296875
2021-12-09,74.09331512451172,165.8800048828125,109.99366760253906,128.92835998535156,53.338966369628906,439.9199523925781
2021-12-10,74.11946105957031,166.5800018310547,109.98509216308594,128.61737060546875,53.41693878173828,447.05267333984375
2021-12-13,74.37212371826172,167.0,110.09629821777344,130.51815795898438,52.801849365234375,440.49322509765625
2021-12-14,74.25017547607422,165.44000244140625,109.74559783935547,130.20713806152344,52.59394073486328,433.2826843261719
2021-12-15,74.15431213378906,166.14999389648438,109.8396987915039,128.95423889160156,53.02709197998047,444.7496032714844
2021-12-16,74.25017547607422,168.16000366210938,110.06861877441406,129.00450134277344,53.087738037109375,431.8514709472656
2021-12-17,74.380859375,167.8000030517578,110.0772476196289,130.46636962890625,52.507301330566406,430.3522644042969
2021-12-20,74.25886535644531,167.08999633789062,110.0169906616211,129.4888916015625,52.169063568115234,425.2997131347656
2021-12-21,74.18047332763672,167.02000427246094,110.25796508789062,128.99586486816406,52.863128662109375,436.7677307128906
2021-12-22,74.25886535644531,168.58999633789062,110.61082458496094,129.5926513671875,53.28483200073242,441.9857482910156
2021-12-23,74.14611053466797,168.97000122070312,110.36123657226562,128.46815490722656,53.61868667602539,444.4000244140625
2021-12-27,74.18106079101562,169.3699951171875,110.73130798339844,128.779541015625,53.94375228881836,453.7555847167969
2021-12-28,74.17233276367188,168.63999938964844,110.66246795654297,128.26927185058594,53.926185607910156,450.5818786621094
2021-12-29,73.9275894165039,168.58999633789062,110.75714111328125,126.8679428100586,53.83833694458008,450.6208801269531
2021-12-30,74.09367370605469,169.8000030517578,111.33378601074219,127.93187713623047,53.934967041015625,448.2649230957031
2021-12-31,74.076171875,170.9600067138672,111.1960678100586,128.18270874023438,53.83833694458008,446.03564453125
2022-01-03,73.57796478271484,168.3300018310547,110.5592041015625,124.81792449951172,54.189754486083984,449.76409912109375
2022-01-04,73.56920623779297,169.57000732421875,110.137451171875,124.2989501953125,54.30397033691406,444.07879638671875
2022-01-05,73.3157730102539,169.05999755859375,109.24240112304688,123.62423706054688,53.77682876586914,429.3398132324219
2022-01-06,73.2370834350586,166.99000549316406,108.76902770996094,123.9443130493164,53.65382766723633,427.714111328125
2022-01-07,73.03606414794922,167.75,108.63993072509766,123.05329895019531,53.89104461669922,423.3428955078125
2022-01-10,72.97489166259766,168.25999450683594,108.7776107788086,123.35613250732422,53.539615631103516,423.790771484375
2022-01-11,73.12345123291016,170.2899932861328,109.53501892089844,124.17784881591797,54.36547088623047,429.3884582519531
2022-01-12,73.09722900390625,170.74000549316406,108.82927703857422,123.70209503173828,54.962894439697266,430.7903747558594
2022-01-13,73.21959686279297,170.16000366210938,108.8550796508789,124.80057525634766,54.50603485107422,418.6116027832031
2022-01-14,72.81753540039062,169.6699981689453,108.36455535888672,122.91497802734375,54.479679107666016,421.9897155761719
2022-01-18,72.36304473876953,169.38999938964844,107.84812927246094,121.18501281738281,53.6801872253418,411.22271728515625
2022-01-19,72.53783416748047,172.0800018310547,107.6243896484375,122.02405548095703,53.724117279052734,405.4886474609375
2022-01-20,72.61651611328125,171.64999389648438,107.75346374511719,122.77655792236328,53.57476043701172,400.4458923339844
2022-01-21,72.8874740600586,171.08999633789062,108.42477416992188,124.23843383789062,52.8104133605957,391.7718200683594
2022-01-24,72.77385711669922,172.02999877929688,108.67434692382812,123.21765899658203,52.22177505493164,394.302978515625
2022-01-25,72.67770385742188,172.5800018310547,108.48499298095703,123.01878356933594,52.002132415771484,384.6164855957031
2022-01-26,72.275634765625,169.7899932861328,107.79649353027344,121.531005859375,51.668277740478516,385.9501953125
2022-01-27,72.51163482666016,167.60000610351562,108.23542022705078,123.7626724243164,51.378353118896484,382.67919921875
2022-01-28,72.59900665283203,167.10000610351562,108.61412048339844,123.80591583251953,51.51015090942383,398.9856262207031
2022-01-31,72.54659271240234,168.08999633789062,108.90673828125,123.16580963134766,52.546844482421875,411.07666015625
2022-02-01,72.51774597167969,168.22999572753906,108.19767761230469,122.75695037841797,53.030052185058594,412.78033447265625
2022-02-02,72.62274932861328,168.83999633789062,108.31861114501953,123.1727523803711,53.30240249633789,414.9220275878906
2022-02-03,72.31633758544922,168.60000610351562,107.63631439208984,122.21127319335938,52.56441116333008,401.9937438964844
2022-02-04,71.86981201171875,168.86000061035156,107.01449584960938,120.40962219238281,52.66105651855469,405.06036376953125
2022-02-07,71.93111419677734,170.11000061035156,106.97130584716797,120.4875259399414,52.7313346862793,403.0743713378906
2022-02-08,71.69474029541016,170.6300048828125,106.8331298828125,119.68196105957031,53.073978424072266,408.2729187011719
2022-02-09,71.74724578857422,171.2100067138672,107.04039764404297,119.90717315673828,53.89104461669922,418.300048828125
2022-02-10,71.09061431884766,170.55999755859375,106.18538665771484,118.00154113769531,53.28483200073242,408.087890625
2022-02-11,71.55467224121094,173.80999755859375,107.13542938232422,119.75128173828125,52.58198547363281,395.20831298828125
2022-02-14,71.15192413330078,174.74000549316406,106.85037994384766,118.26142120361328,52.239341735839844,395.1401672363281
2022-02-15,71.00305938720703,173.0800018310547,106.40994262695312,116.91881561279297,53.21455001831055,406.5205993652344
2022-02-16,71.09941101074219,174.86000061035156,106.6172103881836,117.61176300048828,53.42540740966797,405.8002014160156
2022-02-17,71.25699615478516,177.25,106.8590316772461,118.48664093017578,52.696197509765625,392.4533996582031
2022-02-18,71.37954711914062,177.1199951171875,107.21311950683594,119.73399353027344,52.371131896972656,387.54681396484375
2022-02-22,71.33578491210938,177.49000549316406,107.54131317138672,120.04578399658203,51.72099304199219,383.7403564453125
2022-02-23,70.97683715820312,178.2899932861328,107.61904907226562,118.39131927490234,51.27293014526367,374.034423828125
2022-02-24,71.13441467285156,177.13999938964844,108.05952453613281,118.46929931640625,50.49979782104492,387.54681396484375
2022-02-25,71.1956787109375,176.5500030517578,107.96451568603516,118.555908203125,51.65949630737305,393.1250305175781
2022-02-28,71.72096252441406,178.3800048828125,109.83860778808594,121.15448760986328,50.93906784057617,393.2126159667969
2022-03-01,72.0971908569336,181.6199951171875,110.6250991821289,122.55525207519531,50.016578674316406,385.64837646484375
2022-03-02,71.21150970458984,179.72999572753906,109.90696716308594,118.36599731445312,50.46464157104492,393.679931640625
2022-03-03,71.52719116210938,180.8000030517578,109.77720642089844,119.57159423828125,49.647586822509766,387.5565185546875
2022-03-04,71.781494140625,183.67999267578125,110.61642456054688,121.63584899902344,48.54938507080078,379.8267517089844
2022-03-07,71.43074798583984,186.41000366210938,111.21341705322266,120.70783996582031,46.95918273925781,365.5842590332031
2022-03-08,71.09751892089844,191.50999450683594,111.74988555908203,119.49356842041016,47.18760681152344,363.78326416015625
2022-03-09,70.90460968017578,185.82000732421875,110.64237976074219,118.32264709472656,48.85688400268555,379.2912902832031
2022-03-10,70.52754974365234,186.39999389648438,110.40013122558594,116.6226577758789,48.24188232421875,372.7396545410156
2022-03-11,70.47494506835938,185.08999633789062,111.17881774902344,117.01296997070312,47.635677337646484,364.99041748046875
2022-03-14,69.82606506347656,182.3000030517578,109.95024871826172,114.28084564208984,47.60053253173828,357.09515380859375
2022-03-15,69.94004821777344,178.88999938964844,109.1282730102539,114.08133697509766,47.90803146362305,369.09869384765625
2022-03-16,70.0452651977539,180.00999450683594,108.49669647216797,115.20022583007812,50.02536392211914,382.6110534667969
2022-03-17,70.10667419433594,180.88999938964844,109.97618865966797,114.34154510498047,50.271366119384766,386.7679443359375
2022-03-18,70.30833435058594,179.3000030517578,109.63874816894531,115.7379379272461,50.833648681640625,395.6269836425781
2022-03-21,69.58930969238281,180.6699981689453,108.66973114013672,113.05785369873047,50.44285202026367,394.62420654296875
2022-03-22,69.4139404296875,179.36000061035156,108.16788482666016,111.60940551757812,51.01496124267578,400.9423522949219
2022-03-23,69.72959899902344,181.80999755859375,109.5262680053711,114.0553207397461,50.460453033447266,394.8384094238281
2022-03-24,69.64191436767578,183.1300048828125,108.85140228271484,113.16194152832031,50.7949104309082,405.1622009277344
2022-03-25,69.0280990600586,182.3800048828125,108.1073226928711,111.59205627441406,50.786109924316406,404.2163391113281
2022-03-28,69.22977447509766,179.05999755859375,107.98621368408203,112.5461196899414,50.6981086730957,409.2091064453125
2022-03-29,69.53666687011719,179.13999938964844,107.59687042236328,113.3961410522461,51.657493591308594,418.2584228515625
2022-03-30,69.6945571899414,180.5800018310547,108.12464904785156,114.28084564208984,51.490257263183594,411.9200134277344
2022-03-31,69.74711608886719,180.64999389648438,107.778564453125,114.55836486816406,50.689300537109375,406.127685546875
2022-04-01,69.59591674804688,179.5,107.1846923828125,114.9944839477539,51.217403411865234,404.93798828125
2022-04-04,69.648681640625,180.3699951171875,107.10633087158203,114.1952896118164,51.62228775024414,412.9048767089844
2022-04-05,68.94541931152344,179.24000549316406,106.33132934570312,111.61534881591797,50.89173889160156,403.14373779296875
2022-04-06,68.73448181152344,179.66000366210938,105.8610610961914,110.71189880371094,50.293216705322266,392.3197021484375
2022-04-07,68.59378814697266,180.33999633789062,105.7217788696289,109.87797546386719,50.25800323486328,393.5386047363281
2022-04-08,68.2245864868164,181.47000122070312,105.91333770751953,108.68793487548828,50.293216705322266,387.7657165527344
2022-04-11,67.90814208984375,182.3699951171875,105.73048400878906,106.96793365478516,49.738704681396484,378.57989501953125
2022-04-12,68.12789154052734,183.77000427246094,105.7217788696289,106.82026672363281,49.4394416809082,377.5461730957031
2022-04-13,68.20701599121094,184.64999389648438,105.52149200439453,107.03742218017578,49.98516082763672,384.12841796875
2022-04-14,67.7410888671875,184.0399932861328,105.51278686523438,104.89183044433594,49.668296813964844,374.6305236816406
2022-04-18,67.52132415771484,184.61000061035156,105.47796630859375,104.37061309814453,49.41304016113281,375.0693054199219
2022-04-19,67.09941101074219,181.82000732421875,104.95547485351562,103.58879852294922,49.553863525390625,382.6267395019531
2022-04-20,67.52132415771484,182.7100067138672,105.73048400878906,105.67362976074219,49.72990798950195,381.0469970703125
2022-04-21,67.16090393066406,182.05999755859375,106.14846801757812,104.89183044433594,49.06097412109375,373.7138366699219
2022-04-22,67.0730209350586,180.2899932861328,105.73048400878906,104.23164367675781,48.33042907714844,363.3870849609375
2022-04-25,67.4949722290039,177.0500030517578,105.652099609375,105.27403259277344,48.01356506347656,369.3160095214844
2022-04-26,67.6707763671875,177.32000732421875,105.87849426269531,106.33380889892578,46.816524505615234,355.2544250488281
2022-04-27,67.45980834960938,175.97999572753906,105.7043685913086,104.97000885009766,47.12458419799805,359.07696533203125
2022-04-28,67.43341827392578,176.92999267578125,106.30521392822266,105.12635803222656,47.8287239074707,373.6065979003906
2022-04-29,66.976318359375,176.91000366210938,105.4256820678711,103.76254272460938,47.406246185302734,358.0726013183594
2022-05-02,66.63371276855469,173.6300048828125,103.89696502685547,101.96394348144531,47.30062484741211,363.9917297363281
2022-05-03,66.79225158691406,174.08999633789062,104.27433013916016,102.65137481689453,47.661495208740234,364.2257080078125
2022-05-04,67.22380828857422,175.8000030517578,105.0904769897461,103.21698760986328,48.427249908447266,376.8538513183594
2022-05-05,66.55445861816406,175.1300048828125,103.98471069335938,100.38899993896484,46.84292984008789,357.6142272949219
2022-05-06,66.27263641357422,175.4199981689453,103.71268463134766,98.90974426269531,46.350032806396484,353.7332458496094
2022-05-09,66.57208251953125,172.8800048828125,103.30899047851562,99.77986145019531,44.99456024169922,338.50146484375
2022-05-10,66.7658462524414,171.4199981689453,102.84386444091797,100.68485260009766,45.21460723876953,343.4162292480469
2022-05-11,66.99479675292969,172.82000732421875,104.09004974365234,102.62527465820312,44.9505500793457,331.6559753417969
2022-05-12,67.12693786621094,170.1699981689453,103.64244842529297,102.43385314941406,44.809715270996094,329.2181091308594
2022-05-13,66.88030242919922,168.7899932861328,104.17779541015625,100.91979217529297,46.02436447143555,341.6706848144531
2022-05-16,66.98600006103516,170.39999389648438,104.212890625,100.81538391113281,46.04197311401367,337.5946044921875
2022-05-17,66.58968353271484,169.3300018310547,103.68633270263672,99.59716796875,46.94854736328125,347.1509704589844
2022-05-18,66.87151336669922,169.4199981689453,104.40596008300781,101.72029113769531,45.85713195800781,331.14892578125
2022-05-19,67.01241302490234,171.91000366210938,104.03738403320312,101.96394348144531,46.350032806396484,328.8378601074219
2022-05-20,67.21500396728516,172.02999877929688,104.08121490478516,103.12126922607422,46.61408615112305,329.3741760253906
2022-05-23,66.97718811035156,172.8300018310547,103.71268463134766,101.42445373535156,47.26541519165039,336.34637451171875
2022-05-24,67.52323150634766,174.1300048828125,104.27433013916016,103.42581176757812,46.95735168457031,329.8421630859375
2022-05-25,67.7962646484375,173.0800018310547,104.36206817626953,103.83477783203125,47.04536437988281,334.5715637207031
2022-05-26,67.7258071899414,172.75999450683594,104.7921142578125,103.36488342285156,47.5910758972168,343.0553283691406
2022-05-27,67.9195556640625,172.85000610351562,105.12559509277344,103.6172103881836,48.172000885009766,355.0106506347656
2022-05-31,67.53203582763672,171.13999938964844,104.37960815429688,101.42445373535156,48.180809020996094,352.124267578125
2022-06-01,67.23026275634766,172.22999572753906,103.9508285522461,101.30851745605469,47.76710510253906,350.7687683105469
2022-06-02,67.2920150756836,174.35000610351562,104.43024444580078,101.36080169677734,48.700103759765625,360.4129638671875
2022-06-03,67.19493865966797,172.5800018310547,105.03392791748047,101.1429214477539,47.95195388793945,351.25640869140625
2022-06-06,66.79789733886719,171.82000732421875,104.350341796875,99.27747344970703,48.14559555053711,351.46112060546875
2022-06-07,67.02727508544922,172.94000244140625,104.59891510009766,100.34967803955078,48.33042907714844,356.132080078125
2022-06-08,66.75374603271484,172.77999877929688,104.3414535522461,99.46052551269531,47.934349060058594,352.29974365234375
2022-06-09,66.66549682617188,172.22999572753906,104.32371520996094,99.79178619384766,46.913352966308594,342.3923034667969
2022-06-10,66.10075378417969,174.5399932861328,103.86204528808594,99.17288208007812,45.997962951660156,328.9548034667969
2022-06-13,65.0330581665039,169.92999267578125,102.11309814453125,96.06092834472656,44.4488525390625,313.4792785644531
2022-06-14,64.68013763427734,168.57000732421875,100.71041870117188,94.84925842285156,44.35203170776367,315.224853515625
2022-06-15,65.42132568359375,170.77000427246094,102.10426330566406,96.61880493164062,45.09137725830078,322.197021484375
2022-06-16,65.56251525878906,172.69000244140625,101.80238342285156,97.38589477539062,43.955955505371094,308.11602783203125
2022-06-17,65.59781646728516,171.27000427246094,101.85564422607422,97.69969940185547,43.82392883300781,311.86053466796875
2022-06-21,65.29779052734375,170.6300048828125,101.50053405761719,96.04349517822266,44.5345573425293,319.73968505859375
2022-06-22,65.83606719970703,171.30999755859375,102.08647155761719,98.6847152709961,44.05368423461914,318.6378173828125
2022-06-23,66.15373229980469,170.25999450683594,102.3883285522461,99.4953842163086,44.018062591552734,324.14373779296875
2022-06-24,66.03018951416016,170.08999633789062,102.48597717285156,98.11810302734375,45.20244216918945,336.0915222167969
2022-06-27,65.71253204345703,169.89999389648438,101.74910736083984,97.28129577636719,45.15791702270508,333.6590270996094
2022-06-28,65.74781036376953,169.6199951171875,101.39400482177734,97.73457336425781,44.93528366088867,323.3426818847656
2022-06-29,66.12726593017578,169.49000549316406,101.21646881103516,99.26004791259766,44.67703628540039,323.59661865234375
2022-06-30,66.40961456298828,168.4600067138672,101.12770080566406,100.1317367553711,44.49003601074219,319.0148620605469
2022-07-01,66.93922424316406,168.32000732421875,102.7559585571289,101.15975189208984,44.48112869262695,319.9722595214844
2022-07-05,67.05416870117188,164.75,102.47044372558594,101.95457458496094,43.68857955932617,324.8666076660156
2022-07-06,66.6474609375,162.13999938964844,101.54253387451172,100.24269104003906,43.608428955078125,327.12335205078125
2022-07-07,66.46178436279297,162.22999572753906,101.38195037841797,99.36051177978516,44.34755325317383,334.40142822265625
2022-07-08,66.24072265625,162.3000030517578,101.27489471435547,98.26000213623047,44.40098190307617,334.6359558105469
2022-07-11,66.48829650878906,161.42999267578125,101.43549346923828,99.95442962646484,43.546085357666016,329.2823791503906
2022-07-12,66.60326385498047,160.8300018310547,101.39979553222656,100.54837036132812,43.483760833740234,324.7690124511719
2022-07-13,66.8154525756836,161.60000610351562,101.92619323730469,101.70130157470703,43.41251754760742,324.01678466796875
2022-07-14,66.60326385498047,159.3300018310547,101.67640686035156,100.87154388427734,42.869300842285156,326.19525146484375
2022-07-15,66.84195709228516,159.00999450683594,102.26524353027344,101.43925476074219,43.376888275146484,332.1838073730469
2022-07-18,66.63862609863281,159.16000366210938,102.13140869140625,100.38240814208984,43.61732864379883,329.1846618652344
2022-07-19,66.58555603027344,159.5399932861328,102.02435302734375,99.84088134765625,44.63251495361328,339.0907287597656
2022-07-20,66.5236587524414,158.0399932861328,101.93511199951172,100.1029281616211,44.3920783996582,345.4309387207031
2022-07-21,67.07185363769531,160.27000427246094,102.5685806274414,101.83229064941406,44.87295150756836,350.4523620605469
2022-07-22,67.62001037597656,160.6699981689453,103.43402099609375,103.54420471191406,44.65032196044922,344.9815979003906
2022-07-25,67.3724594116211,160.22999572753906,103.2377700805664,102.531005859375,44.970909118652344,342.7639465332031
2022-07-26,67.3901596069336,160.0399932861328,103.2377700805664,102.60966491699219,44.43659973144531,336.3064880371094
2022-07-27,67.5758285522461,161.6699981689453,103.89796447753906,102.03321075439453,45.38054656982422,350.8529052734375
2022-07-28,68.04441833496094,163.63999938964844,104.959716796875,102.845458984375,45.638790130615234,355.8547668457031
2022-07-29,67.99139404296875,164.10000610351562,105.48615264892578,102.56597137451172,45.994998931884766,361.6576843261719
2022-08-01,68.28636932373047,165.02999877929688,105.53478240966797,105.03612518310547,45.93266677856445,361.0129089355469
2022-08-02,67.59535217285156,164.0500030517578,104.29139709472656,102.81361389160156,45.34492492675781,359.1470031738281
2022-08-03,67.93201446533203,164.4499969482422,104.84098815917969,104.43235778808594,45.64769744873047,369.56097412109375
2022-08-04,68.10034942626953,167.1699981689453,104.82296752929688,104.3973617553711,45.89704513549805,370.7332763671875
2022-08-05,67.32958984375,165.2899932861328,103.76879119873047,101.91236877441406,45.629886627197266,370.1568908691406
2022-08-08,67.63079071044922,166.69000244140625,104.48059844970703,103.55731201171875,45.78127670288086,367.58758544921875
2022-08-09,67.48019409179688,167.1999969482422,104.18325805664062,103.15486907958984,45.56755065917969,363.07421875
2022-08-10,67.66622924804688,166.77999877929688,104.00308990478516,102.48109436035156,46.47587585449219,374.1525573730469
2022-08-11,67.2852783203125,166.33999633789062,103.65167236328125,100.09230041503906,46.547119140625,371.9838562011719
2022-08-12,67.59535217285156,167.8699951171875,104.05711364746094,101.10730743408203,46.93894577026367,379.711181640625
2022-08-15,67.66622924804688,165.7100067138672,103.9489974975586,101.01982116699219,46.64507293701172,382.0070495605469
2022-08-16,67.5776138305664,165.4199981689453,103.97604370117188,101.4398193359375,46.70741271972656,380.6784362792969
2022-08-17,67.17900085449219,164.35000610351562,103.66069030761719,100.38103485107422,46.369014739990234,377.4740905761719
2022-08-18,67.30303955078125,163.9199981689453,104.1922836303711,100.52981567382812,46.190914154052734,379.447509765625
2022-08-19,66.87779235839844,162.72000122070312,104.01206970214844,98.91106414794922,45.59427261352539,372.14007568359375
2022-08-22,66.57655334472656,161.63999938964844,103.81388092041016,98.57855224609375,44.953102111816406,361.9311828613281
2022-08-23,66.55001068115234,162.77000427246094,103.98505401611328,98.0360336303711,45.051055908203125,361.0812683105469
2022-08-24,66.38163757324219,163.25,103.96702575683594,97.31853485107422,45.10448455810547,361.6675109863281
2022-08-25,66.74488067626953,163.75,104.29139709472656,98.67478942871094,45.74565887451172,368.23236083984375
2022-08-26,66.61199951171875,161.75999450683594,104.13822174072266,99.41854858398438,44.703758239746094,352.64068603515625
2022-08-29,66.31077575683594,161.86000061035156,103.73274993896484,98.59606170654297,44.5523681640625,348.0881652832031
2022-08-30,66.36396026611328,160.50999450683594,103.55255889892578,98.8410415649414,44.16054916381836,344.5810241699219
2022-08-31,66.08930969238281,159.27000427246094,102.63356018066406,97.89603424072266,43.97354507446289,341.2203674316406
2022-09-01,65.73068237304688,157.8699951171875,101.85606384277344,96.10372924804688,43.483760833740234,338.2310485839844
2022-09-02,65.89929962158203,159.25999450683594,102.45833587646484,96.64740753173828,43.21659851074219,334.2549133300781
2022-09-06,65.30450439453125,158.3300018310547,101.4819107055664,94.25354766845703,42.967254638671875,331.8321838378906
2022-09-07,65.7750244140625,159.94000244140625,101.90168762207031,95.74422454833984,43.30564498901367,337.1173095703125
2022-09-08,65.57083892822266,158.97999572753906,101.3359375,94.76213836669922,43.34126663208008,339.14923095703125
2022-09-09,65.54422760009766,159.82000732421875,101.38155364990234,94.97257995605469,44.30302810668945,346.47625732421875
2022-09-12,65.46431732177734,160.6300048828125,101.08040618896484,94.19218444824219,44.908573150634766,351.966552734375
2022-09-13,65.13582611083984,158.5399932861328,100.77928161621094,94.41141510009766,43.403602600097656,333.5320739746094
2022-09-14,65.21573638916016,157.92999267578125,101.03479766845703,94.7358627319336,43.590614318847656,334.97784423828125
2022-09-15,65.02043151855469,154.97999572753906,100.5237808227539,94.67446899414062,43.207698822021484,327.52386474609375
2022-09-16,64.94940185546875,155.83999633789062,100.10401916503906,93.88528442382812,42.86039352416992,325.0718078613281
2022-09-19,64.90503692626953,155.9600067138672,99.64775085449219,94.10450744628906,43.04036331176758,327.62158203125
2022-09-20,64.5854263305664,155.07000732421875,99.49260711669922,93.16625213623047,42.46733093261719,325.5896301269531
2022-09-21,64.76296997070312,155.7899932861328,99.68426513671875,94.72705078125,41.867431640625,320.6561279296875
2022-09-22,64.0971450805664,155.6999969482422,98.552734375,92.30692291259766,41.72417068481445,316.4358215332031
2022-09-23,63.91958999633789,153.00999450683594,98.13297271728516,92.68399047851562,40.47065734863281,311.95172119140625
2022-09-26,63.10284423828125,151.22999572753906,96.56341552734375,90.9127426147461,39.87971878051758,309.91973876953125
2022-09-27,62.82761764526367,151.5399932861328,96.05241394042969,88.51891326904297,39.70958709716797,311.0334167480469
2022-09-28,63.80418014526367,154.69000244140625,97.74969482421875,91.48269653320312,40.5064697265625,314.64105224609375
2022-09-29,63.47571563720703,154.66000366210938,96.38093566894531,91.00917053222656,39.888668060302734,306.56207275390625
2022-09-30,63.324771881103516,154.6699981689453,95.72390747070312,89.83422088623047,39.71855163574219,300.9997253417969
2022-10-03,63.855045318603516,158.42999267578125,96.95582580566406,91.26163482666016,40.51542282104492,310.136474609375
2022-10-04,64.01522064208984,160.6999969482422,97.33906555175781,91.00672912597656,41.99279022216797,320.9966125488281
2022-10-05,63.67710876464844,159.80999755859375,96.57256317138672,90.13655853271484,41.64358901977539,322.01495361328125
2022-10-06,63.43690872192383,159.6300048828125,96.25316619873047,89.63556671142578,41.043697357177734,319.5766296386719
2022-10-07,63.10768508911133,157.8800048828125,96.2805404663086,88.76538848876953,40.32740020751953,306.2780456542969
2022-10-10,62.822998046875,155.47999572753906,95.73301696777344,87.38544464111328,40.00506591796875,300.7450866699219
2022-10-11,62.840789794921875,155.16000366210938,96.2805404663086,87.77217102050781,39.48574447631836,295.8487243652344
2022-10-12,62.91194152832031,155.99000549316406,96.4721908569336,88.20286560058594,39.42308044433594,294.7911682128906
2022-10-13,62.689510345458984,154.91000366210938,96.3626480102539,87.35905456542969,40.05878829956055,303.2325439453125
2022-10-14,62.38701629638672,152.97999572753906,96.4448013305664,86.63832092285156,39.42308044433594,294.6050720214844
2022-10-17,62.52049255371094,153.4199981689453,96.70941162109375,86.21642303466797,40.434844970703125,303.91802978515625
2022-10-18,62.6628303527832,153.75,96.45391845703125,86.4186019897461,40.622867584228516,307.04193115234375
2022-10-19,62.14677047729492,151.69000244140625,95.96114349365234,84.84526824951172,40.076690673828125,305.5338439941406
2022-10-20,61.72861862182617,151.4499969482422,95.8698959350586,83.39498138427734,40.112510681152344,305.7002868652344
2022-10-21,61.83540344238281,154.14999389648438,96.11625671386719,81.89197540283203,40.784034729003906,313.7499694824219
2022-10-24,61.746437072753906,153.64999389648438,96.34441375732422,81.21517944335938,40.33635330200195,317.45159912109375
2022-10-25,62.33362579345703,154.0,96.73680877685547,83.57955932617188,41.07054901123047,324.4043884277344
2022-10-26,62.58275604248047,154.97999572753906,96.59080505371094,84.78372955322266,41.51823425292969,317.8824157714844
2022-10-27,62.91194152832031,154.74000549316406,97.33906555175781,85.67150115966797,41.186954498291016,314.5920715332031
2022-10-28,62.78740310668945,153.16000366210938,97.22044372558594,85.08258819580078,41.392879486083984,327.254150390625
2022-10-31,62.591651916503906,151.91000366210938,97.08357238769531,84.47608947753906,41.07054901123047,323.356689453125
2022-11-01,62.65675354003906,153.4600067138672,97.06529998779297,85.26558685302734,41.51823425292969,320.8594665527344
2022-11-02,62.55866622924805,152.38999938964844,96.8463134765625,84.8955078125,40.96310806274414,308.9906005859375
2022-11-03,62.3178825378418,151.80999755859375,95.7695083618164,84.43736267089844,40.819854736328125,300.19671630859375
2022-11-04,62.335716247558594,156.47000122070312,96.12541198730469,83.01874542236328,42.395694732666016,304.09423828125
2022-11-07,62.09493637084961,155.85000610351562,96.24404907226562,82.19047546386719,42.5120964050293,308.5989074707031
2022-11-08,62.37138748168945,159.4499969482422,96.38093566894531,83.08926391601562,42.94187545776367,311.4682312011719
2022-11-09,62.4605827331543,158.64999389648438,96.18017578125,83.36238861083984,42.279296875,303.17376708984375
2022-11-10,63.753639221191406,163.47999572753906,97.77709197998047,86.56963348388672,44.3834114074707,328.8601379394531
2022-11-11,63.753639221191406,164.55999755859375,97.72232055664062,86.25244903564453,45.278785705566406,335.5682067871094
2022-11-14,63.54853439331055,164.9199981689453,97.00144958496094,86.04097747802734,44.8490104675293,332.36590576171875
2022-11-15,63.99439239501953,165.5,97.63107299804688,87.4331283569336,45.26087951660156,337.164306640625
2022-11-16,64.36006927490234,165.1199951171875,97.87747192382812,89.34515380859375,44.992271423339844,331.416015625
2022-11-17,64.0925521850586,163.9199981689453,97.21131896972656,88.40234375,45.001220703125,331.2300109863281
2022-11-18,63.98551940917969,162.7899932861328,96.71854400634766,87.79439544677734,44.992271423339844,331.6021423339844
2022-11-21,63.98551940917969,161.8800048828125,97.22956085205078,88.16447448730469,44.58934783935547,327.6556091308594
2022-11-22,64.31548309326172,162.07000732421875,97.62197875976562,89.4156265258789,45.10866165161133,333.5214538574219
2022-11-23,64.70787048339844,163.0800018310547,98.16032409667969,90.9752197265625,45.55634307861328,337.0860290527344
2022-11-25,64.70787048339844,163.22000122070312,98.069091796875,90.66682434082031,45.68170166015625,334.97076416015625
2022-11-28,64.62760162353516,161.92999267578125,97.84097290039062,90.92234802246094,45.1534309387207,327.8905944824219
2022-11-29,64.38681030273438,162.72999572753906,97.42118835449219,89.856201171875,45.511592864990234,324.8548889160156
2022-11-30,64.88623046875,164.80999755859375,98.86296844482422,90.51704406738281,46.46963119506836,340.7289733886719
2022-12-01,65.42695617675781,167.83999633789062,99.92371368408203,93.40867614746094,46.71137237548828,341.9334716796875
2022-12-02,65.69511413574219,167.25999450683594,100.66373443603516,94.58335876464844,46.7471923828125,340.0140686035156
2022-12-05,65.17671203613281,164.38999938964844,99.63133239746094,93.25851440429688,46.093570709228516,333.54107666015625
2022-12-06,65.39124298095703,164.83999633789062,99.61306762695312,94.45970916748047,45.896583557128906,326.29443359375
2022-12-07,65.9632797241211,166.3300018310547,100.04248046875,96.6854019165039,45.83391189575195,324.80596923828125
2022-12-08,65.77556610107422,166.47000122070312,100.01509094238281,96.4204330444336,46.1562385559082,330.4660949707031
2022-12-09,65.39124298095703,167.05999755859375,99.06491088867188,93.91210174560547,46.075660705566406,328.4586486816406
2022-12-12,65.39124298095703,165.67999267578125,99.07405090332031,94.2123794555664,46.12042999267578,335.6660461425781
2022-12-13,65.83815002441406,168.50999450683594,99.36638641357422,95.1220932006836,46.675559997558594,339.67132568359375
2022-12-14,65.99900817871094,168.10000610351562,99.11972045898438,95.52840423583984,46.6218376159668,337.1349792480469
2022-12-15,66.03478240966797,165.35000610351562,99.13713836669922,95.90113067626953,45.493675231933594,324.3642578125
2022-12-16,65.86495971679688,166.7899932861328,98.60551452636719,94.8298568725586,45.23401641845703,320.1230773925781
2022-12-19,65.4716796875,166.32000732421875,98.2663803100586,93.2362060546875,45.16059494018555,315.5087585449219
2022-12-20,65.04261779785156,169.0800018310547,98.23889923095703,91.58061218261719,45.287498474121094,316.2057800292969
2022-12-21,65.19458770751953,168.8000030517578,98.77047729492188,91.810791015625,45.74979782104492,321.2127685546875
2022-12-22,65.1856460571289,166.75999450683594,98.22970581054688,91.79310607910156,45.38721466064453,313.2507019042969
2022-12-23,64.98139953613281,167.25999450683594,98.00972747802734,90.44738006591797,45.50505447387695,313.3685607910156
2022-12-27,64.47968292236328,168.6699981689453,97.56060791015625,88.65896606445312,45.75886917114258,310.305419921875
2022-12-28,64.39007568359375,167.91000366210938,97.45059967041016,88.1365966796875,45.22404479980469,305.4260559082031
2022-12-29,64.6319808959961,168.85000610351562,97.8539047241211,89.13702392578125,45.931095123291016,313.7513122558594
2022-12-30,64.36322021484375,169.63999938964844,97.56060791015625,88.14543151855469,45.45066452026367,313.5845031738281
2023-01-03,64.70364379882812,171.05999755859375,97.90890502929688,89.82763671875,45.777000427246094,310.5803527832031
2023-01-04,65.07097625732422,172.6699981689453,97.97306823730469,91.05825805664062,46.56562805175781,311.9253234863281
2023-01-05,64.99932861328125,170.52000427246094,98.00057983398438,91.43894958496094,46.166786193847656,305.46533203125
2023-01-06,65.71603393554688,173.7100067138672,98.89881896972656,93.12112426757812,47.29987716674805,314.2030029296875
2023-01-09,65.89520263671875,174.10000610351562,99.12796020507812,93.61692810058594,47.54462432861328,318.139892578125
2023-01-10,65.6353988647461,174.74000549316406,98.72470092773438,92.06757354736328,47.72591781616211,320.2015686035156
2023-01-11,65.98481750488281,174.6199951171875,99.14628601074219,93.56378936767578,48.0159912109375,325.6012268066406
2023-01-12,66.4954833984375,176.63999938964844,99.92537689208984,95.40531158447266,48.55081558227539,328.1440124511719
2023-01-13,66.27151489257812,178.75999450683594,99.14628601074219,94.51111602783203,48.868072509765625,329.5283203125
2023-01-17,66.18192291259766,177.58999633789062,98.8621597290039,93.90022277832031,48.895267486572266,331.17767333984375
2023-01-18,66.7911605834961,177.0800018310547,99.5404281616211,96.17559814453125,48.66865158081055,327.00518798828125
2023-01-19,66.65676879882812,179.88999938964844,100.15453338623047,95.57353210449219,48.759300231933594,322.98974609375
2023-01-20,66.36109924316406,179.2899932861328,99.58624267578125,94.024169921875,49.26692199707031,332.0318603515625
2023-01-23,66.19981384277344,179.6300048828125,99.49459838867188,93.58150482177734,49.47541809082031,339.9153137207031
2023-01-24,66.4954833984375,180.27999877929688,100.06285095214844,94.92724609375,49.48448181152344,339.345947265625
2023-01-25,66.57613372802734,181.11000061035156,100.26454162597656,95.15742492675781,49.692970275878906,338.6292724609375
2023-01-26,66.45069122314453,179.47000122070312,100.25534057617188,94.71477508544922,49.874267578125,344.0191650390625
2023-01-27,66.3790054321289,179.22000122070312,100.03536987304688,94.47572326660156,49.72923278808594,345.5997314453125
2023-01-30,66.19087982177734,178.75999450683594,99.54959869384766,94.13043212890625,49.19440841674805,338.84521484375
2023-01-31,66.4954833984375,179.41000366210938,99.58624267578125,94.88296508789062,49.402896881103516,343.9896545410156
2023-02-01,66.92295837402344,181.6699981689453,100.25534057617188,96.02359008789062,49.883323669433594,352.432861328125
2023-02-02,66.9678726196289,177.89999389648438,100.11788940429688,96.1478500366211,49.74735641479492,362.9376525878906
2023-02-03,66.37513732910156,173.4600067138672,99.1829605102539,94.70987701416016,49.16721725463867,359.08917236328125
2023-02-06,65.96205139160156,173.82000732421875,98.788818359375,94.0086669921875,48.64145278930664,354.37677001953125
2023-02-07,65.87222290039062,173.97999572753906,99.04546356201172,93.25418090820312,49.01311111450195,362.868896484375
2023-02-08,65.9889907836914,174.41000366210938,99.55874633789062,93.69799041748047,48.78649139404297,358.2743225097656
2023-02-09,65.71957397460938,173.02999877929688,99.05463409423828,92.81037139892578,48.840885162353516,356.7624206542969
2023-02-10,65.44116973876953,173.36000061035156,98.69715881347656,91.7718276977539,48.605194091796875,354.4945373535156
2023-02-13,65.62077331542969,172.47999572753906,98.8621597290039,92.5440902709961,49.04936981201172,360.52252197265625
2023-02-14,65.3962631225586,172.61000061035156,98.53221130371094,92.3310317993164,49.09469223022461,362.4369812011719
2023-02-15,65.25257873535156,170.88999938964844,98.53221130371094,91.47005462646484,48.859012603759766,364.98956298828125
2023-02-16,65.00110626220703,170.75,98.29386901855469,90.1740951538086,48.650516510009766,358.3332214355469
2023-02-17,65.14482116699219,171.25999450683594,98.48635864257812,90.87530517578125,48.578006744384766,353.9447326660156
2023-02-21,64.57902526855469,170.6199951171875,98.04639434814453,89.10895538330078,47.99785232543945,345.3837890625
2023-02-22,64.72270202636719,169.66000366210938,97.99140930175781,89.92559051513672,47.74404525756836,345.3052062988281
2023-02-23,64.95620727539062,169.57000732421875,98.31221008300781,90.8043441772461,47.97066879272461,350.6165466308594
2023-02-24,64.59699249267578,168.35000610351562,97.67060852050781,89.623779296875,47.17296600341797,344.5198059082031
2023-02-27,64.70475006103516,169.00999450683594,97.87223815917969,89.87229919433594,47.58995056152344,346.0611877441406
2023-02-28,64.72270202636719,169.77999877929688,98.23889923095703,90.2806167602539,47.23641586303711,345.69793701171875
2023-03-01,64.33930206298828,170.75999450683594,97.87223815917969,89.31072235107422,47.73497772216797,343.0274963378906
2023-03-02,64.20426177978516,170.66000366210938,97.94557189941406,88.51880645751953,47.86188507080078,347.1018371582031
2023-03-03,64.69934844970703,172.49000549316406,98.9996566772461,90.66326904296875,48.4692268371582,354.38653564453125
2023-03-06,64.54629516601562,171.6199951171875,98.46802520751953,89.96029663085938,48.351383209228516,355.67266845703125
2023-03-07,64.47429656982422,168.6199951171875,97.84475708007812,90.51197814941406,47.499305725097656,351.29400634765625
2023-03-08,64.42029571533203,168.5399932861328,97.37727355957031,90.6009521484375,47.73497772216797,354.0723571777344
2023-03-09,64.63630676269531,170.1999969482422,97.63394165039062,90.82341003417969,47.14576721191406,348.49591064453125
2023-03-10,65.41040802001953,173.8699951171875,99.07296752929688,93.9555435180664,46.72879409790039,341.6039733886719
2023-03-13,65.93247985839844,177.86000061035156,99.8245620727539,94.16910552978516,46.547489166259766,343.19439697265625
2023-03-14,65.5184326171875,176.8300018310547,99.27459716796875,92.62083435058594,46.946346282958984,350.9405212402344
2023-03-15,66.1935043334961,178.2100067138672,100.4844970703125,94.40937042236328,45.7044792175293,350.8128967285156
2023-03-16,65.87846374511719,178.57000732421875,99.34793853759766,93.6707992553711,46.42059326171875,360.3949279785156
2023-03-17,66.35550689697266,183.77000427246094,99.55874633789062,95.07672119140625,45.940162658691406,359.4131164550781
2023-03-20,66.0674819946289,183.83999633789062,99.65039825439453,94.24029541015625,46.50799560546875,360.5127258300781
2023-03-21,65.88745880126953,180.3699951171875,99.43962097167969,93.43055725097656,47.04403305053711,364.5771484375
2023-03-22,66.47254180908203,183.44000244140625,100.8053207397461,94.6762924194336,46.971351623535156,360.1494140625
2023-03-23,66.62555694580078,185.74000549316406,100.98859405517578,94.6762924194336,47.14397048950195,365.2349853515625
2023-03-24,66.76052856445312,183.64999389648438,100.73196411132812,95.07672119140625,47.0077018737793,365.8960876464844
2023-03-27,66.0674819946289,181.9499969482422,99.94371795654297,92.84329223632812,47.252994537353516,363.60382080078125
2023-03-28,65.95048522949219,183.44000244140625,100.25534057617188,93.0123519897461,47.47105407714844,362.03961181640625
2023-03-29,66.02246856689453,182.52999877929688,100.44784545898438,92.82547760009766,47.87080383300781,369.4377746582031
2023-03-30,66.11246490478516,184.17999267578125,100.54865264892578,93.25260162353516,48.43408966064453,373.1664123535156
2023-03-31,66.45453643798828,183.22000122070312,101.05277252197266,94.64964294433594,48.57946014404297,379.22662353515625
2023-04-03,66.73696899414062,184.5399932861328,101.23355102539062,95.09475708007812,48.933799743652344,378.724853515625
2023-04-04,67.00765228271484,187.97999572753906,101.52718353271484,95.56755828857422,48.92470169067383,376.32440185546875
2023-04-05,67.18811798095703,187.8300018310547,101.7657699584961,96.56666564941406,48.58854675292969,371.7989501953125
2023-04-06,67.17008209228516,186.49000549316406,101.99518585205078,96.81649017333984,48.74299621582031,373.7271728515625
2023-04-10,66.71892547607422,185.11000061035156,101.270263671875,95.25532531738281,48.761165618896484,373.5107421875
2023-04-11,66.74597930908203,186.27999877929688,101.44459533691406,95.45162200927734,48.97013473510742,370.7364196777344
2023-04-12,66.81818389892578,187.19000244140625,101.48128509521484,95.35346984863281,49.115501403808594,368.5130310058594
2023-04-13,66.78206634521484,189.72000122070312,101.23355102539062,94.60413360595703,49.74238967895508,375.6456298828125
2023-04-14,66.48430633544922,186.36000061035156,100.7930679321289,93.73881530761719,49.53343200683594,374.209228515625
2023-04-17,66.12337493896484,185.52999877929688,100.33426666259766,92.62374877929688,49.5606803894043,375.56683349609375
2023-04-18,66.22261810302734,186.25,100.43518829345703,92.95380401611328,49.733299255371094,376.62939453125
2023-04-19,66.13241577148438,185.36000061035156,100.33426666259766,92.86458587646484,49.43347930908203,375.84234619140625
2023-04-20,66.42113494873047,186.08999633789062,100.65543365478516,93.65853118896484,49.451656341552734,373.1467590332031
2023-04-21,66.30384063720703,184.25,100.70133209228516,93.1322021484375,49.46073913574219,372.0448303222656
2023-04-24,66.56552124023438,184.80999755859375,101.08675384521484,94.033203125,49.5152587890625,370.431396484375
2023-04-25,66.99864959716797,185.75,101.68318939208984,95.4158935546875,48.752079010009766,362.43310546875
2023-04-26,66.76402282714844,184.74000549316406,101.32530975341797,94.3989486694336,48.80659103393555,367.25372314453125
2023-04-27,66.47528839111328,184.75,100.98579406738281,93.46227264404297,49.406227111816406,374.209228515625
2023-04-28,66.84523010253906,184.8000030517578,101.10508728027344,94.96988677978516,49.4970817565918,378.1346435546875
2023-05-01,66.15779113769531,183.97000122070312,100.2647933959961,92.23143768310547,49.3880615234375,378.52813720703125
2023-05-02,66.80905151367188,187.52000427246094,101.03036499023438,94.52987670898438,48.89744567871094,374.2879638671875
2023-05-03,67.08943939208984,189.11000061035156,101.49156188964844,95.05753326416016,48.95196533203125,371.64154052734375
2023-05-04,66.99901580810547,190.44000244140625,101.46391296386719,94.11848449707031,49.015560150146484,370.13629150390625
2023-05-05,66.7547836303711,187.4600067138672,101.2609634399414,93.80546569824219,49.733299255371094,379.92510986328125
2023-05-08,66.43817901611328,187.69000244140625,100.88277435302734,92.4908218383789,49.76964569091797,380.3284912109375
2023-05-09,66.36585235595703,189.02000427246094,100.73519134521484,92.15991973876953,49.56977081298828,377.56402587890625
2023-05-10,66.77287292480469,188.75,101.06725311279297,93.05426025390625,49.4970817565918,381.67626953125
2023-05-11,66.9899673461914,187.1300048828125,101.28862762451172,94.03799438476562,49.324462890625,380.0628356933594
2023-05-12,66.63719940185547,186.80999755859375,100.92890930175781,93.25096893310547,49.09732437133789,379.3053283691406
2023-05-15,66.46533203125,187.2100067138672,100.78132629394531,92.28511047363281,49.62427520751953,382.50274658203125
2023-05-16,66.30253601074219,184.8699951171875,100.51383209228516,92.00788116455078,49.15183639526367,382.2469787597656
2023-05-17,66.18492126464844,184.22999572753906,100.46768188476562,91.73958587646484,49.415313720703125,387.8447265625
2023-05-18,65.91356658935547,181.83999633789062,100.13563537597656,91.0599136352539,49.27903747558594,395.4593811035156
2023-05-19,65.73265075683594,183.63999938964844,99.89581298828125,90.41596221923828,49.451656341552734,394.7411804199219
2023-05-22,65.71456146240234,183.2100067138672,99.71134948730469,90.0940170288086,49.5606803894043,395.7545166015625
2023-05-23,65.75978088378906,183.42999267578125,100.01573181152344,90.35335540771484,48.852027893066406,389.723876953125
2023-05-24,65.57889556884766,181.9499969482422,99.70211029052734,89.90619659423828,48.2432975769043,387.31353759765625
2023-05-25,65.33467102050781,180.1999969482422,99.25013732910156,89.68263244628906,48.17970275878906,401.10638427734375
2023-05-26,65.41606903076172,180.9199981689453,99.37004089355469,90.40704345703125,48.761165618896484,411.7511291503906
2023-05-30,65.8502426147461,182.0399932861328,99.76667022705078,91.3103256225586,48.261470794677734,413.9056701660156
2023-05-31,66.06733703613281,182.32000732421875,99.89581298828125,92.10623168945312,47.80720138549805,410.1278991699219
2023-06-01,66.24600219726562,183.75999450683594,100.05586242675781,92.46762084960938,48.56128692626953,414.3581848144531
2023-06-02,65.8741683959961,181.0500030517578,99.5655517578125,91.45433807373047,49.25177764892578,417.2309875488281
2023-06-05,65.88323974609375,182.13999938964844,99.69506072998047,91.28398895263672,49.02464294433594,414.9976806640625
2023-06-06,65.97393035888672,182.33999633789062,99.75059509277344,91.82197570800781,49.44257354736328,415.6863708496094
2023-06-07,65.60210418701172,180.14999389648438,99.28804016113281,90.45901489257812,49.10641098022461,409.4981994628906
2023-06-08,65.92859649658203,182.52999877929688,99.7783203125,91.51712036132812,49.52433395385742,413.62042236328125
2023-06-09,65.79255676269531,182.0399932861328,99.50080871582031,91.39157104492188,49.5606803894043,415.34210205078125
2023-06-12,65.92859649658203,181.8800048828125,99.58405303955078,91.66058349609375,49.706050872802734,424.0093688964844
2023-06-13,65.63838195800781,180.5399932861328,99.07527923583984,90.75493621826172,50.21482849121094,427.0591125488281
2023-06-14,65.69280242919922,180.63999938964844,99.32505798339844,91.48123931884766,50.405616760253906,430.59100341796875
2023-06-15,66.10089111328125,181.91000366210938,99.9541015625,92.36001586914062,50.914405822753906,436.2085266113281
2023-06-16,65.95578002929688,181.6300048828125,99.69506072998047,92.00135040283203,50.75086975097656,432.4405517578125
2023-06-20,66.0464859008789,179.75,99.9078369140625,92.63797760009766,49.99311447143555,429.92205810546875
2023-06-21,66.1552963256836,179.49000549316406,99.91706848144531,92.86215209960938,50.039039611816406,423.3305358886719
2023-06-22,65.83788299560547,177.7100067138672,99.5655517578125,91.74127960205078,49.791046142578125,426.81317138671875
2023-06-23,66.0283203125,178.1999969482422,99.80608367919922,92.65594482421875,49.01033401489258,421.8548278808594
2023-06-26,66.10997009277344,178.50999450683594,99.85233306884766,92.75458526611328,49.13892364501953,418.43121337890625
2023-06-27,65.98301696777344,177.69000244140625,99.57482147216797,92.51246643066406,49.588985443115234,426.8919372558594
2023-06-28,66.19156646728516,177.27999877929688,99.7783203125,92.90701293945312,49.52468490600586,427.9937438964844
2023-06-29,65.69280242919922,177.08999633789062,99.12153625488281,91.23016357421875,49.39609909057617,428.9160461425781
2023-06-30,65.91950988769531,178.27000427246094,99.55631256103516,92.30622863769531,49.9747428894043,435.6754150390625
2023-07-03,65.73224639892578,178.47000122070312,99.43920135498047,91.7829360961914,50.158447265625,434.9364318847656
2023-07-05,65.45948028564453,177.83999633789062,98.96520233154297,90.91078186035156,49.63490295410156,432.2366027832031
2023-07-06,65.04127502441406,177.30999755859375,98.44474792480469,89.62504577636719,48.716426849365234,430.5614929199219
2023-07-07,65.00489807128906,178.63999938964844,98.37964630126953,89.08554077148438,49.16647720336914,429.0933532714844
2023-07-10,65.23219299316406,178.77999877929688,98.61201477050781,89.2024154663086,49.2858772277832,430.8177490234375
2023-07-11,65.36856842041016,179.4499969482422,98.50047302246094,89.6610107421875,49.71757125854492,432.4435729980469
2023-07-12,65.88677215576172,181.8800048828125,99.58792877197266,90.65904235839844,50.691162109375,436.9662170410156
2023-07-13,66.28684997558594,182.00999450683594,100.09910583496094,91.6120834350586,51.45349884033203,443.4792785644531
2023-07-14,65.97771453857422,181.42999267578125,99.56932067871094,91.07261657714844,51.15040588378906,441.8928527832031
2023-07-17,66.05043029785156,181.55999755859375,99.75520324707031,91.1175765991211,51.12284851074219,447.77532958984375
2023-07-18,66.13225555419922,183.63999938964844,99.708740234375,91.53117370605469,51.288177490234375,452.83990478515625
2023-07-19,66.28684997558594,183.6699981689453,100.05261993408203,92.56514739990234,51.288177490234375,451.6476745605469
2023-07-20,65.97771453857422,182.74000549316406,100.01544952392578,91.44125366210938,51.003448486328125,442.0899353027344
2023-07-21,66.02317810058594,182.17999267578125,100.01544952392578,91.46824645996094,51.031002044677734,441.33123779296875
2023-07-24,65.91407775878906,181.39999389648438,100.06194305419922,91.13555908203125,51.19633102416992,441.833740234375
2023-07-25,65.8413314819336,182.41000366210938,99.88533782958984,90.9647216796875,51.35247039794922,446.85894775390625
2023-07-26,66.0595474243164,183.3000030517578,99.9225082397461,91.05464172363281,51.554534912109375,441.715576171875
2023-07-27,65.49585723876953,180.4199981689453,99.18824768066406,89.28336334228516,51.26062774658203,439.68572998046875
2023-07-28,65.72315216064453,181.86000061035156,99.56932067871094,89.7419204711914,51.866817474365234,445.9327087402344
2023-07-31,65.8413314819336,182.35000610351562,99.59721374511719,89.95770263671875,51.857635498046875,448.1399230957031
2023-08-01,65.433837890625,180.4600067138672,99.00206756591797,88.48356628417969,51.278995513916016,448.3763427734375
2023-08-02,65.22421264648438,179.60000610351562,98.82511138916016,87.53689575195312,50.25947570800781,436.4439697265625
2023-08-03,64.82310485839844,179.5399932861328,98.21044158935547,85.51728820800781,50.22273254394531,434.7196960449219
2023-08-04,65.36092376708984,180.19000244140625,99.16039276123047,87.03196716308594,50.34214782714844,429.04412841796875
2023-08-07,65.26062774658203,179.77999877929688,99.24422454833984,86.17547607421875,50.60849380493164,429.7634582519531
2023-08-08,65.49768829345703,178.63999938964844,99.2256088256836,87.17625427246094,50.18599319458008,425.762939453125
2023-08-09,65.51591491699219,177.7899932861328,99.17903137207031,87.6270523071289,50.26866149902344,419.8016662597656
2023-08-10,65.15126037597656,177.60000610351562,98.66678619384766,86.18448638916016,50.415611267089844,420.19586181640625
2023-08-11,64.94158935546875,177.60000610351562,98.52709197998047,85.98612213134766,49.98393249511719,417.4368896484375
2023-08-14,64.85955810546875,177.05999755859375,98.32218933105469,85.79679870605469,49.772674560546875,423.59515380859375
2023-08-15,64.71369171142578,176.58999633789062,98.01483154296875,85.27384948730469,49.16647720336914,419.40753173828125
2023-08-16,64.5313949584961,175.57000732421875,97.72612762451172,84.6066665649414,48.771522521972656,415.4366760253906
2023-08-17,64.46756744384766,175.3000030517578,97.69818878173828,84.24603271484375,48.56027603149414,410.8942565917969
2023-08-18,64.60430145263672,175.3300018310547,97.8658218383789,84.54354858398438,48.45924377441406,411.6923828125
2023-08-21,64.29436492919922,175.80999755859375,97.60505676269531,83.41654205322266,48.59701919555664,418.7769470214844
2023-08-22,64.37640380859375,176.10000610351562,97.77268981933594,84.05668640136719,48.53272247314453,418.93463134765625
2023-08-23,64.95982360839844,177.88999938964844,98.65747833251953,86.13939666748047,49.08381271362305,426.5413818359375
2023-08-24,64.80486297607422,177.85000610351562,98.21044158935547,85.5713882446289,48.57864761352539,416.6387634277344
2023-08-25,64.80486297607422,177.6199951171875,98.19181823730469,85.85089874267578,48.78990173339844,420.826416015625
2023-08-28,64.92337799072266,178.1300048828125,98.2476806640625,85.94104766845703,49.2858772277832,424.0583190917969
2023-08-29,65.32444763183594,179.8699951171875,98.73197174072266,86.83363342285156,49.93800354003906,432.6012268066406
2023-08-30,65.29711151123047,180.32000732421875,98.5829849243164,86.74349975585938,49.8920783996582,436.1680603027344
2023-08-31,65.40650939941406,180.02000427246094,98.787841796875,87.13116455078125,49.57979202270508,438.35552978515625
2023-09-01,65.09205627441406,180.11000061035156,98.27686309814453,85.7738037109375,49.791046142578125,440.1192626953125
2023-09-05,64.73558044433594,178.63999938964844,98.08068084716797,84.57106018066406,49.36854553222656,440.8681640625
2023-09-06,64.66242980957031,177.8300018310547,97.93119812011719,84.77904510498047,49.18484878540039,435.8232116699219
2023-09-07,64.88180541992188,178.02000427246094,98.28622436523438,85.0141830444336,48.92768096923828,429.3003234863281
2023-09-08,64.90010833740234,178.0800018310547,98.51041412353516,85.3397445678711,48.890933990478516,429.8520812988281
2023-09-11,64.79954528808594,178.41000366210938,98.41698455810547,84.72480773925781,49.42365264892578,431.8917541503906
2023-09-12,64.84526824951172,177.49000549316406,98.46369934082031,85.2131118774414,49.24913787841797,424.32440185546875
2023-09-13,64.94580078125,177.0800018310547,98.59449768066406,85.19503784179688,49.16647720336914,424.8959045410156
2023-09-14,64.83612060546875,177.1699981689453,98.43566131591797,84.5801010131836,49.745121002197266,427.87158203125
2023-09-15,64.70814514160156,178.33999633789062,98.19278717041016,84.06466674804688,49.60734939575195,420.0874328613281
2023-09-18,64.77210235595703,179.38999938964844,98.3983154296875,84.54393768310547,49.45957565307617,421.7920227050781
2023-09-19,64.6350326538086,179.22000122070312,98.11804962158203,83.91996002197266,49.41339111328125,421.043212890625
2023-09-20,64.55276489257812,179.35000610351562,97.91251373291016,84.18220520019531,49.228668212890625,414.84552001953125
2023-09-21,64.15055847167969,178.0500030517578,97.39871215820312,82.02090454101562,48.434364318847656,407.96783447265625
2023-09-22,64.4156494140625,178.6199951171875,97.73503112792969,82.68104553222656,48.60984802246094,409.1009521484375
2023-09-25,63.94028091430664,177.6999969482422,96.99702453613281,80.64635467529297,48.415889739990234,410.7267761230469
2023-09-26,63.87630844116211,176.27999877929688,96.75413513183594,80.36602783203125,47.77859878540039,403.3958435058594
2023-09-27,63.64778518676758,174.10000610351562,96.5953140258789,79.9500503540039,47.71393585205078,404.6374206542969
2023-09-28,63.81231689453125,173.22999572753906,97.09043884277344,80.1941909790039,48.04644012451172,408.0845947265625
2023-09-29,63.78489685058594,171.4499969482422,96.89424896240234,80.2032470703125,47.90789794921875,409.6941223144531
2023-10-02,63.34678649902344,169.64999389648438,96.30569458007812,78.86062622070312,47.33525848388672,413.4661865234375
2023-10-03,62.833465576171875,169.16000366210938,95.62259674072266,77.16421508789062,46.74414825439453,405.6061096191406
2023-10-04,63.24595642089844,169.13999938964844,96.04366302490234,78.2528305053711,46.74414825439453,410.28662109375
2023-10-05,63.29178237915039,168.8300018310547,95.9033203125,77.86273193359375,47.08588790893555,410.6421203613281
2023-10-06,63.0443000793457,169.6999969482422,95.5571060180664,76.91928100585938,47.61233901977539,418.8775329589844
2023-10-09,63.6859130859375,172.82000732421875,96.50218200683594,78.72454833984375,47.52922058105469,420.802978515625
2023-10-10,63.62178421020508,172.52999877929688,96.53960418701172,78.6156997680664,48.19422149658203,422.1953125
2023-10-11,63.91508102416992,173.7899932861328,96.97003936767578,80.2576904296875,48.40665054321289,425.54278564453125
2023-10-12,63.36510467529297,173.25999450683594,96.35246276855469,78.08047485351562,47.954078674316406,424.5355529785156
2023-10-13,63.658424377441406,178.8300018310547,96.97940826416016,79.47750854492188,47.60310745239258,417.7320251464844
2023-10-16,63.328453063964844,177.9600067138672,96.69866943359375,78.19839477539062,47.954078674316406,422.53106689453125
2023-10-17,62.91598892211914,178.2899932861328,96.2308120727539,77.33657836914062,47.92637252807617,420.7239685058594
2023-10-18,62.6409797668457,180.8699951171875,96.02496337890625,76.65618896484375,47.13206481933594,414.9573059082031
2023-10-19,62.366004943847656,183.08999633789062,95.94074249267578,75.08678436279297,46.78109359741211,412.0047302246094
2023-10-20,62.59514236450195,183.58999633789062,96.2308120727539,75.51314544677734,46.300811767578125,404.7371520996094
2023-10-23,62.833465576171875,182.97000122070312,96.24954986572266,76.42032623291016,46.31004333496094,404.80633544921875
2023-10-24,63.0443000793457,182.9499969482422,96.33375549316406,77.42729187011719,46.60560607910156,408.400634765625
2023-10-25,62.56764221191406,183.72000122070312,95.93138122558594,75.70365905761719,46.189979553222656,401.6562805175781
2023-10-26,62.98929977416992,184.00999450683594,96.446044921875,76.86486053466797,45.903656005859375,394.546630859375
2023-10-27,62.98929977416992,186.14999389648438,96.58638763427734,76.53827667236328,45.78358840942383,396.1857604980469
2023-10-30,62.833465576171875,185.10000610351562,96.43667602539062,76.1935043334961,46.33775329589844,399.6715393066406
2023-10-31,62.815155029296875,184.08999633789062,96.19339752197266,75.82160949707031,46.37470245361328,402.6831970214844
2023-11-01,63.424659729003906,183.50999450683594,97.0317611694336,77.46558380126953,46.827274322509766,409.2892761230469
2023-11-02,63.79240036010742,184.1199951171875,97.47349548339844,79.23152923583984,47.787837982177734,416.58660888671875
2023-11-03,64.1693115234375,184.7899932861328,97.97162628173828,79.76862335205078,48.434364318847656,422.5112609863281
2023-11-06,63.89350891113281,183.35000610351562,97.71786499023438,78.99485778808594,48.36970138549805,424.42694091796875
2023-11-07,64.21528625488281,182.58999633789062,97.98103332519531,80.16002655029297,48.0833854675293,429.571533203125
2023-11-08,64.41752624511719,180.77000427246094,98.19718933105469,81.52546691894531,47.954078674316406,431.3588562011719
2023-11-09,63.939483642578125,181.49000549316406,97.37008666992188,79.6502685546875,47.84324645996094,428.7717590332031
2023-11-10,64.05900573730469,179.50999450683594,97.40772247314453,80.0963134765625,48.09261703491211,440.0977783203125
2023-11-13,64.04061126708984,180.50999450683594,97.34193420410156,79.91425323486328,48.21269226074219,437.895751953125
2023-11-14,64.8220443725586,182.1199951171875,98.14078521728516,81.72574615478516,49.43186950683594,448.49114990234375
2023-11-15,64.46351623535156,181.63999938964844,97.71786499023438,80.57877349853516,49.49652099609375,449.07379150390625
2023-11-16,64.84963989257812,183.69000244140625,98.07501220703125,81.58007049560547,49.2933235168457,450.0710754394531
2023-11-17,64.9415512084961,183.6699981689453,98.17839050292969,81.96241760253906,49.77360153198242,450.2685852050781
2023-11-20,65.03349304199219,183.3699951171875,98.46976470947266,82.46305847167969,50.078392028808594,456.6178894042969
2023-11-21,65.12541961669922,185.35000610351562,98.26298522949219,82.42665100097656,49.838253021240234,452.82611083984375
2023-11-22,65.18058776855469,184.55999755859375,98.35697937011719,82.71796417236328,49.912147521972656,454.4850158691406
2023-11-24,64.8680191040039,185.52000427246094,97.94341278076172,81.74393463134766,50.17075729370117,453.99127197265625
2023-11-27,65.26335144042969,186.77000427246094,98.26298522949219,83.10936737060547,50.01374816894531,453.75433349609375
2023-11-28,65.53913116455078,189.25999450683594,98.64832305908203,83.27320861816406,50.14305114746094,454.5935974121094
2023-11-29,65.87928771972656,189.5399932861328,99.0430679321289,84.32006072998047,50.133811950683594,456.36114501953125
2023-11-30,65.6678237915039,188.75,98.86450958251953,83.34605407714844,50.18922805786133,456.2328186035156
2023-12-01,66.20346069335938,192.00999450683594,99.3694839477539,84.9157943725586,50.604854583740234,458.8199157714844
2023-12-04,65.93610382080078,187.86000061035156,98.95494079589844,84.57791900634766,50.179996490478516,454.1492919921875
2023-12-05,66.36019134521484,187.14999389648438,99.49197387695312,86.39513397216797,49.98603439331055,456.6080627441406
2023-12-06,66.55378723144531,187.83999633789062,99.59561157226562,87.54571533203125,50.06916046142578,452.6385192871094
2023-12-07,66.53533935546875,188.14999389648438,99.5108413696289,87.04344940185547,50.30006790161133,457.5263671875
2023-12-08,66.2126693725586,185.63999938964844,99.38834381103516,86.3311996459961,50.34624099731445,461.61444091796875
2023-12-11,66.2219009399414,183.58999633789062,99.1810531616211,86.1485595703125,50.503257751464844,464.7940368652344
2023-12-12,66.41551208496094,183.49000549316406,99.12454223632812,86.4042739868164,50.530967712402344,467.56878662109375
2023-12-13,67.26368713378906,187.6300048828125,100.47179412841797,88.43148040771484,51.260623931884766,472.97015380859375
2023-12-14,67.77074432373047,188.72999572753906,101.57414245605469,90.73184967041016,51.740901947021484,473.8884582519531
2023-12-15,67.66932678222656,187.0,101.40453338623047,90.83263397216797,51.27910232543945,476.16943359375
2023-12-18,67.53103637695312,187.85000610351562,101.1030502319336,90.10888671875,51.38507080078125,477.2655334472656
2023-12-19,67.66011810302734,189.1300048828125,101.16899871826172,90.59445190429688,51.835243225097656,479.70367431640625
2023-12-20,67.88137817382812,188.10000610351562,101.57414245605469,91.20822143554688,51.178741455078125,472.00860595703125
2023-12-21,67.87216186523438,189.42999267578125,101.40453338623047,90.63109588623047,52.04156494140625,477.8639831542969
2023-12-22,67.82686614990234,190.27000427246094,101.20670318603516,90.21882629394531,52.069705963134766,478.32879638671875
2023-12-26,67.89157104492188,191.72000122070312,101.26325225830078,90.47533416748047,52.332305908203125,480.6927185058594
2023-12-27,68.32613372802734,192.58999633789062,101.72490692138672,92.07854461669922,52.604286193847656,481.1575927734375
2023-12-28,68.15969848632812,191.47000122070312,101.39514923095703,91.40979766845703,52.62303924560547,481.4740905761719
2023-12-29,68.0025405883789,191.1699981689453,101.27265930175781,90.58527374267578,52.65117263793945,478.7145690917969
2024-01-02,67.71591186523438,190.72000122070312,101.13131713867188,90.0630874633789,52.06032943725586,466.14337158203125
2024-01-03,67.7713851928711,189.1300048828125,101.29150390625,90.438720703125,51.73207092285156,459.90228271484375
2024-01-04,67.4662857055664,189.32000732421875,100.8204116821289,89.06453704833984,51.76959228515625,457.1328125
2024-01-05,67.26285552978516,189.35000610351562,100.59429168701172,88.2125244140625,51.8446159362793,457.24169921875
2024-01-08,67.5587158203125,187.8699951171875,100.86751556396484,89.08285522460938,52.266658782958984,468.8830871582031
2024-01-09,67.54948425292969,187.92999267578125,100.66966247558594,88.51487731933594,51.73207092285156,469.7138671875
2024-01-10,67.42927551269531,187.5,100.58487701416016,88.10261535644531,51.93840408325195,473.6999206542969
2024-01-11,67.7806167602539,187.8699951171875,101.12191772460938,88.59730529785156,51.97591781616211,475.3615417480469
2024-01-12,67.9193115234375,189.7100067138672,101.5552978515625,88.42325592041016,52.1728630065918,476.419921875
2024-01-16,67.43852996826172,187.91000366210938,101.03709411621094,86.86585235595703,51.24439239501953,477.1221618652344
2024-01-17,67.2813491821289,185.83999633789062,100.72620391845703,86.72843933105469,50.644161224365234,474.5109558105469
2024-01-18,67.18890380859375,187.3699951171875,100.75445556640625,85.9222640991211,51.05681610107422,483.7391052246094
2024-01-19,67.18890380859375,187.92999267578125,100.82982635498047,86.19711303710938,51.328800201416016,494.24310302734375
2024-01-22,67.29984283447266,187.22000122070312,100.876953125,86.71012878417969,51.29127883911133,497.4674987792969
2024-01-23,67.14268493652344,187.9499969482422,100.54718017578125,86.02304077148438,51.31003952026367,499.53466796875
2024-01-24,67.00397491455078,186.39999389648438,100.3116455078125,85.51917266845703,51.70393753051758,501.92828369140625
2024-01-25,67.31831359863281,187.13999938964844,100.65084075927734,86.07799530029297,51.835243225097656,503.125
2024-01-26,67.21662902832031,187.00999450683594,100.55661010742188,85.9131088256836,51.99467086791992,497.9027099609375
2024-01-29,67.4847640991211,188.3300018310547,100.99942779541016,86.90249633789062,52.25727462768555,503.7184753417969
2024-01-30,67.6049575805664,188.58999633789062,100.95233154296875,87.69035339355469,52.06032943725586,498.8719787597656
2024-01-31,67.89157104492188,188.4499969482422,101.61184692382812,88.55149841308594,51.778968811035156,488.5163269042969
2024-02-01,68.30144500732422,190.41000366210938,101.79082489013672,90.28854370117188,52.29479217529297,494.8167419433594
2024-02-02,67.68943786621094,188.61000061035156,100.81098937988281,88.294189453125,51.93840408325195,499.64349365234375
2024-02-05,67.15162658691406,187.57000732421875,100.2457046508789,86.51119995117188,51.72270202636719,499.880859375
2024-02-06,67.4668960571289,188.5500030517578,100.58487701416016,87.35672760009766,52.28540802001953,499.0302429199219
2024-02-07,67.33708190917969,188.5,100.39643859863281,86.93396759033203,52.28540802001953,505.4790954589844
2024-02-08,67.16090393066406,188.3300018310547,100.32108306884766,86.428466796875,52.1728630065918,508.040771484375
2024-02-09,67.10527801513672,187.60000610351562,100.17974853515625,86.25386047363281,52.40733337402344,515.7456665039062
2024-02-12,67.12380981445312,187.11000061035156,100.21743774414062,86.35494232177734,52.54800796508789,512.5311889648438
2024-02-13,66.53964233398438,184.52999877929688,99.57677459716797,84.875244140625,51.63829803466797,502.5118408203125
2024-02-14,66.78999328613281,184.4199981689453,100.0007553100586,85.3072509765625,52.29479217529297,509.2276306152344
2024-02-15,66.9754638671875,185.66000366210938,100.12322998046875,85.74836730957031,52.81999206542969,508.83203125
2024-02-16,66.76216888427734,186.33999633789062,100.01959228515625,85.25208282470703,52.91377258300781,503.4415283203125
2024-02-20,66.84564208984375,187.47000122070312,100.06669616699219,85.32559204101562,53.09196853637695,497.4971923828125
2024-02-21,66.66016387939453,187.47999572753906,99.95362854003906,84.71903991699219,53.110721588134766,493.2540283203125
2024-02-22,66.68798065185547,187.55999755859375,99.82173156738281,85.1325912475586,53.68281936645508,509.296875
2024-02-23,66.92906951904297,188.6199951171875,100.0761489868164,86.27224731445312,53.73908233642578,507.575927734375
2024-02-26,66.80854034423828,188.1999969482422,100.0384292602539,86.014892578125,53.617164611816406,508.9013366699219
2024-02-27,66.70655822753906,188.0,99.91596984863281,85.40833282470703,53.70157241821289,509.6430969238281
2024-02-28,66.85491943359375,188.33999633789062,100.23628234863281,85.9505615234375,53.288917541503906,507.2791748046875
2024-02-29,66.96615600585938,189.30999755859375,100.54718017578125,86.55715942382812,53.42021179199219,512.1355590820312
2024-03-01,67.24699401855469,192.88999938964844,100.92406463623047,87.09648132324219,54.02981948852539,521.6307983398438
2024-03-04,67.08892059326172,196.00999450683594,100.83927154541016,86.74616241455078,53.87976837158203,522.5999755859375
2024-03-05,67.45154571533203,197.19000244140625,101.3009262084961,87.9815673828125,53.673439025878906,510.048583984375
2024-03-06,67.57245635986328,198.80999755859375,101.3386001586914,88.49785614013672,54.33931350708008,515.7061157226562
2024-03-07,67.68401336669922,199.94000244140625,101.2820816040039,88.41485595703125,54.88327407836914,524.3705444335938
2024-03-08,67.74911499023438,201.6300048828125,101.36686706542969,88.25813293457031,54.75197219848633,515.795166015625
2024-03-11,67.7212142944336,202.0,101.18787384033203,88.21205139160156,54.59253692626953,513.5894165039062
2024-03-12,67.51664733886719,199.7899932861328,100.99002075195312,87.47447204589844,55.04269790649414,524.2122192382812
2024-03-13,67.40506744384766,201.19000244140625,100.84867095947266,87.0503921508789,54.97705078125,518.66357421875
2024-03-14,67.0052261352539,200.35000610351562,100.23628234863281,85.71356964111328,54.630043029785156,516.7149047851562
2024-03-15,66.9680404663086,199.7100067138672,100.17031860351562,85.6859130859375,54.5500373840332,509.929931640625
2024-03-18,66.88434600830078,200.02999877929688,100.0761489868164,85.4277572631836,54.59709930419922,512.323486328125
2024-03-19,67.06099700927734,199.8000030517578,100.21743774414062,85.6674575805664,54.615928649902344,514.489501953125
2024-03-20,67.18191528320312,202.17999267578125,100.61315155029297,85.63978576660156,55.180721282958984,521.4625244140625
2024-03-21,67.2376708984375,201.97000122070312,100.79215240478516,85.8241958618164,55.19014358520508,522.9263916015625
2024-03-22,67.46085357666016,200.35000610351562,101.1407470703125,86.64473724365234,55.001869201660156,523.7581787109375
2024-03-25,67.33068084716797,200.99000549316406,100.8204116821289,86.21141052246094,54.907745361328125,521.6464233398438
2024-03-26,67.38646697998047,201.63999938964844,100.84867095947266,86.45111083984375,54.954811096191406,519.3562622070312
2024-03-27,67.61892700195312,203.10000610351562,101.15959930419922,87.30852508544922,55.237205505371094,520.585693359375
2024-03-28,67.5352554321289,205.72000122070312,101.19728088378906,87.23477935791016,55.20896530151367,519.8519897460938
2024-04-01,67.07452392578125,207.82000732421875,100.5420913696289,85.60865020751953,55.04894256591797,520.9227294921875
2024-04-02,66.99990844726562,210.88999938964844,100.57037353515625,85.13687896728516,54.86066436767578,515.0435180664062
2024-04-03,67.04654693603516,212.74000549316406,100.57037353515625,85.11837005615234,55.09600067138672,516.1043701171875
2024-04-04,67.18644714355469,211.52000427246094,100.94746398925781,85.72888946533203,54.7288818359375,507.766357421875
2024-04-05,66.8507080078125,215.13999938964844,100.52322387695312,84.53561401367188,54.8983268737793,513.9430541992188
2024-04-08,66.79474639892578,216.47999572753906,100.48551177978516,84.52638244628906,55.180721282958984,513.1993408203125
2024-04-09,67.0372314453125,217.6699981689453,100.74950408935547,85.3126220703125,55.27486038208008,514.3594360351562
2024-04-10,66.25382232666016,215.61000061035156,99.77848815917969,83.45338439941406,54.52178955078125,509.6797790527344
2024-04-11,66.25382232666016,219.8000030517578,99.69363403320312,83.0741195678711,54.710060119628906,519.514892578125
2024-04-12,66.40304565429688,216.88999938964844,100.04244995117188,83.51813507080078,53.7310791015625,510.2746276855469
2024-04-15,65.9646987915039,220.9499969482422,99.72190856933594,82.22313690185547,53.51457214355469,500.5684814453125
2024-04-16,65.79684448242188,221.22000122070312,99.31654357910156,81.67737579345703,52.940364837646484,500.8658752441406
2024-04-17,66.11389923095703,219.58999633789062,99.70305633544922,82.58387756347656,52.949771881103516,493.4300842285156
2024-04-18,65.93671417236328,220.33999633789062,99.57109832763672,82.1676254272461,52.949771881103516,488.7504577636719
2024-04-19,66.02066802978516,221.02999877929688,99.72190856933594,82.463623046875,52.92153549194336,475.7923583984375
2024-04-22,66.04862976074219,215.57000732421875,99.7313461303711,82.32487487792969,53.50516128540039,482.29620361328125
2024-04-23,66.16987609863281,215.0399932861328,99.82561492919922,82.35263061523438,54.00406265258789,490.2178039550781
2024-04-24,66.00200653076172,214.63999938964844,99.61822509765625,81.76988220214844,53.94758224487305,491.0010681152344
2024-04-25,65.81547546386719,215.9199981689453,99.46737670898438,81.1963882446289,53.83462142944336,491.1993408203125
2024-04-26,65.9646987915039,216.6199951171875,99.72190856933594,81.62187957763672,54.258216857910156,499.6265563964844
2024-04-29,66.16056060791016,216.17999267578125,99.967041015625,82.3063735961914,54.57827377319336,501.6094665527344
2024-04-30,65.90873718261719,211.8699951171875,99.48623657226562,81.6033706665039,53.82521438598633,490.49542236328125
2024-05-01,66.14634704589844,213.7899932861328,99.6504135131836,82.20488739013672,53.8063850402832,485.1813049316406
2024-05-02,66.40827941894531,213.1300048828125,100.01101684570312,82.55762481689453,54.71947479248047,491.81402587890625
2024-05-03,66.74504089355469,212.9600067138672,100.5234375,83.39301300048828,55.199546813964844,505.0992736816406
2024-05-06,66.8105239868164,215.1999969482422,100.5708999633789,83.71792602539062,55.50077438354492,512.4061889648438
2024-05-07,66.94148254394531,214.2100067138672,100.55191802978516,84.22843933105469,55.4819450378418,510.2647705078125
2024-05-08,66.78246307373047,213.5800018310547,100.43805694580078,83.71792602539062,55.40664291381836,511.0083312988281
2024-05-09,66.96019744873047,216.9499969482422,100.79865264892578,84.1263427734375,55.77376174926758,510.502685546875
2024-05-10,66.77310943603516,218.7100067138672,100.63734436035156,83.6529312133789,55.86789321899414,511.8410949707031
2024-05-13,66.82923889160156,216.25999450683594,100.6752700805664,83.86644744873047,55.971439361572266,514.3395385742188
2024-05-14,67.02568054199219,218.08999633789062,100.86507415771484,84.33984375,56.31032180786133,519.6338500976562
2024-05-15,67.45600128173828,220.88999938964844,101.37752532958984,85.49085235595703,56.84687423706055,531.5310668945312
2024-05-16,67.34375,220.02999877929688,101.23517608642578,85.40731048583984,56.67744064331055,529.280517578125
2024-05-17,67.17534637451172,223.66000366210938,101.14027404785156,84.831787109375,56.92218780517578,527.9916381835938
2024-05-20,67.10990142822266,224.55999755859375,101.1023178100586,84.5811996459961,56.893943786621094,534.6838989257812
2024-05-21,67.25019073486328,224.22999572753906,101.29210662841797,85.0174331665039,56.72450256347656,535.1895751953125
2024-05-22,67.1659927368164,220.11000061035156,101.27311706542969,85.11955261230469,56.300907135009766,535.3184204101562
2024-05-23,66.96955108642578,215.72000122070312,100.8840560913086,84.57189178466797,55.99026870727539,535.3580322265625
2024-05-24,67.04440307617188,215.9199981689453,101.00740814208984,84.82251739501953,56.33856201171875,540.5631713867188
2024-05-28,66.72632598876953,218.19000244140625,100.7037582397461,83.60652160644531,56.31032180786133,545.2130126953125
2024-05-29,66.48312377929688,216.16000366210938,100.46651458740234,82.59473419189453,55.42547607421875,543.3093872070312
2024-05-30,66.77310943603516,216.57000732421875,100.85558319091797,83.39301300048828,55.745521545410156,530.5000610351562
2024-05-31,67.01631164550781,215.3000030517578,101.254150390625,83.9592514038086,55.95261764526367,530.0340576171875
2024-06-03,67.3907241821289,217.22000122070312,101.68123626708984,85.31726837158203,56.26325225830078,532.8200073242188
2024-06-04,67.64405059814453,215.27000427246094,101.99654388427734,86.31387329101562,55.94320297241211,533.1471557617188
2024-06-05,67.83174133300781,217.82000732421875,102.25450897216797,86.94720458984375,56.41386795043945,546.7299194335938
2024-06-06,67.84113311767578,219.42999267578125,102.16853332519531,86.81682586669922,56.6209602355957,545.1832275390625
2024-06-07,67.29689025878906,211.60000610351562,101.32772827148438,85.22411346435547,55.99026870727539,545.1436157226562
2024-06-10,67.19366455078125,213.5399932861328,101.18439483642578,84.65594482421875,56.10322570800781,547.0272827148438
2024-06-11,67.4657974243164,214.14999389648438,101.46149444580078,85.531494140625,55.61373519897461,554.7011108398438
2024-06-12,67.77545928955078,214.72000122070312,101.6143569946289,86.17415618896484,56.20677185058594,566.628173828125
2024-06-13,68.07569122314453,212.97000122070312,102.01564025878906,87.44087219238281,55.623146057128906,572.2296752929688
2024-06-14,68.17892456054688,215.72999572753906,102.13985443115234,88.17668151855469,55.25603103637695,574.4505615234375
2024-06-17,67.92556762695312,214.61000061035156,101.99654388427734,87.30116271972656,55.4819450378418,581.4501342773438
2024-06-18,68.16015625,215.47000122070312,102.40742492675781,88.10215759277344,55.764347076416016,583.780029296875
2024-06-20,68.02877807617188,218.16000366210938,102.426513671875,87.51537322998047,55.72669219970703,575.7791137695312
2024-06-21,68.04753875732422,214.77999877929688,102.27362823486328,87.51537322998047,55.412681579589844,572.794921875
2024-06-24,68.0850601196289,215.6300048828125,102.33097839355469,87.86930847167969,55.79215621948242,562.2855224609375
2024-06-25,68.12261962890625,214.55999755859375,102.45516967773438,88.01834106445312,55.8395881652832,570.3361206054688
2024-06-26,67.80359649658203,212.5800018310547,102.14942932128906,86.76095581054688,55.4980583190918,571.4762573242188
2024-06-27,67.92556762695312,214.99000549316406,102.34050750732422,87.10556030273438,55.57395553588867,572.616455078125
2024-06-28,67.6065444946289,215.00999450683594,102.02520751953125,85.48491668701172,55.63087844848633,572.409912109375
2024-07-01,67.24980926513672,215.57000732421875,101.61939239501953,84.00953674316406,55.71625900268555,578.0289916992188
2024-07-02,67.4474868774414,215.55999755859375,101.81126403808594,84.6635971069336,55.87753677368164,581.870849609375
2024-07-03,67.83336639404297,217.99000549316406,102.21422576904297,85.77550506591797,56.58905029296875,588.591796875
2024-07-05,68.14396667480469,220.92999267578125,102.6747055053711,86.48563385009766,56.85468292236328,591.5899047851562
2024-07-08,68.14396667480469,218.19000244140625,102.63634490966797,86.6725082397461,56.674434661865234,595.560791015625
2024-07-09,68.11573791503906,218.55999755859375,102.48285675048828,86.28939819335938,56.62700271606445,594.290283203125
2024-07-10,68.17221069335938,219.36000061035156,102.6747055053711,86.56037139892578,57.27210235595703,602.4505004882812
2024-07-11,68.51104736328125,223.25,102.98172760009766,87.40129852294922,57.518760681152344,590.8453369140625
2024-07-12,68.68988037109375,223.11000061035156,103.14483642578125,87.77507019042969,58.02156448364258,596.3451538085938
2024-07-15,68.47338104248047,223.8300018310547,103.07766723632812,86.76593017578125,57.54722213745117,599.4028930664062
2024-07-16,68.73694610595703,228.2899932861328,103.39427185058594,87.98995971679688,57.86977767944336,600.1276245117188
2024-07-17,68.80281066894531,227.22999572753906,103.43264770507812,88.00862884521484,57.38594436645508,578.50537109375
2024-07-18,68.62400817871094,225.77999877929688,103.20238494873047,87.33590698242188,56.85468292236328,575.4974975585938
2024-07-19,68.4451675415039,221.72999572753906,102.95293426513672,86.82197570800781,56.44674301147461,568.6672973632812
2024-07-22,68.41690826416016,221.8000030517578,102.82823181152344,86.5697250366211,56.996986389160156,579.9945678710938
2024-07-23,68.42633056640625,222.5800018310547,102.7706527709961,86.4482421875,56.62700271606445,578.9224243164062
2024-07-24,68.22868347167969,221.8000030517578,102.46366119384766,85.51387786865234,55.9059944152832,556.1983032226562
2024-07-25,68.37928009033203,218.3300018310547,102.71308135986328,86.21463775634766,55.61190414428711,550.966552734375
2024-07-26,68.65221405029297,220.6300048828125,103.039306640625,86.88739013671875,56.304443359375,557.4889526367188
2024-07-29,68.73694610595703,220.32000732421875,103.14483642578125,87.35458374023438,56.09573745727539,555.4338989257812
2024-07-30,68.82164764404297,222.52000427246094,103.22157287597656,87.69096374511719,56.12419891357422,544.831298828125
2024-07-31,69.19812774658203,226.5500030517578,103.78762817382812,88.58795928955078,57.0444221496582,563.89208984375
2024-08-01,69.45682525634766,225.77000427246094,103.925048828125,89.35201263427734,55.72574996948242,543.510986328125
2024-08-02,70.2498550415039,225.33999633789062,104.42471313476562,92.13636016845703,54.815006256103516,530.1782836914062
2024-08-05,70.18375396728516,222.47999572753906,104.72262573242188,92.62384033203125,53.572235107421875,511.623779296875
2024-08-06,69.74945831298828,220.6999969482422,104.11722564697266,90.55198669433594,53.714534759521484,516.7067260742188
2024-08-07,69.57954406738281,220.5500030517578,103.80011749267578,89.91450500488281,54.037086486816406,510.7005615234375
2024-08-08,69.47567749023438,224.00999450683594,103.7040023803711,89.36139678955078,55.02371597290039,528.391357421875
2024-08-09,69.72115325927734,224.55999755859375,103.97306823730469,90.24263763427734,55.241920471191406,531.7567749023438
2024-08-12,69.84388732910156,228.41000366210938,104.25175476074219,90.57073974609375,55.289344787597656,534.5166625976562
2024-08-13,70.10821533203125,228.05999755859375,104.47277069091797,91.1988754272461,56.076759338378906,549.9639282226562
2024-08-14,70.24040985107422,226.1999969482422,104.41513061523438,91.77073669433594,56.171630859375,552.3861694335938
2024-08-15,69.94772338867188,226.91000366210938,104.194091796875,91.03012084960938,56.85468292236328,567.2476196289062
2024-08-16,70.0987777709961,231.99000549316406,104.15565490722656,91.348876953125,57.234161376953125,568.5580444335938
2024-08-19,70.18375396728516,231.61000061035156,104.2229232788086,91.77073669433594,57.8792610168457,576.480224609375
2024-08-20,70.39146423339844,232.4600067138672,104.6361312866211,92.50196075439453,57.62311935424805,574.5543212890625
2024-08-21,70.54251861572266,232.14999389648438,104.86674499511719,92.55824279785156,58.03104782104492,577.8203735351562
2024-08-22,70.25928497314453,229.3699951171875,104.5400390625,91.63948822021484,57.57568359375,565.7286987304688
2024-08-23,70.57083892822266,232.02000427246094,105.09737396240234,92.23946380615234,58.59077453613281,575.80517578125
2024-08-26,70.49530029296875,232.75999450683594,105.10698699951172,92.0051040649414,58.268218994140625,570.35498046875
2024-08-27,70.49530029296875,233.38999938964844,105.10698699951172,91.84573364257812,58.495906829833984,573.0155029296875
2024-08-28,70.44810485839844,231.75,105.09737396240234,91.73323059082031,58.201812744140625,565.460693359375
2024-08-29,70.34425354003906,232.9499969482422,104.95323181152344,91.43324279785156,58.353599548339844,563.9517211914062
2024-08-30,70.20265197753906,231.2899932861328,104.61691284179688,90.458251953125,58.5148811340332,569.8089599609375
2024-09-03,70.50188446044922,230.2899932861328,104.828369140625,91.93773651123047,57.49979019165039,544.7120971679688
2024-09-04,70.81439208984375,230.42999267578125,105.10711669921875,93.122802734375,57.38594436645508,543.540771484375
2024-09-05,70.98484802246094,232.35000610351562,105.17440032958984,93.64950561523438,57.44286346435547,542.3296508789062
2024-09-06,71.070068359375,230.6300048828125,105.24166870117188,93.64009857177734,56.437259674072266,529.3046875
2024-09-09,71.16476440429688,231.60000610351562,105.48197937011719,94.0445327758789,56.98749923706055,536.4524536132812
2024-09-10,71.40150451660156,232.6199951171875,105.71268463134766,94.70291137695312,56.75981521606445,541.8927001953125
2024-09-11,71.3636245727539,232.25,105.77997589111328,94.6276626586914,57.11083221435547,557.5087280273438
2024-09-12,71.2878646850586,236.3300018310547,105.79917907714844,94.18560791015625,57.61363220214844,561.7974853515625
2024-09-13,71.43939208984375,238.67999267578125,106.15482330322266,94.43955993652344,57.79387664794922,565.1132202148438
2024-09-16,71.62876892089844,238.66000366210938,106.52008819580078,95.30486297607422,58.16387176513672,561.7974853515625
2024-09-17,71.5340805053711,237.33999633789062,106.48162841796875,94.843994140625,57.936180114746094,561.509521484375
2024-09-18,71.31629180908203,235.50999450683594,106.08755493164062,93.66831970214844,57.76541519165039,558.91845703125
2024-09-19,71.31629180908203,239.1699981689453,106.40473937988281,93.35794067382812,58.87538146972656,575.4478149414062
2024-09-20,71.30680847167969,242.2100067138672,106.26056671142578,93.00052642822266,58.50105285644531,573.4324340820312
2024-09-23,71.25946807861328,242.67999267578125,106.2701644897461,92.80300903320312,58.777278900146484,573.2340087890625
2024-09-24,71.34467315673828,246.07000732421875,106.52969360351562,92.78422546386719,59.596405029296875,578.4061279296875
2024-09-25,71.07952880859375,245.72999572753906,106.12599182128906,92.0129623413086,59.139217376708984,578.7932739257812
2024-09-26,71.07952880859375,246.97999572753906,105.99141693115234,92.22927856445312,60.663177490234375,585.970947265625
2024-09-27,71.2878646850586,245.02000427246094,106.2509536743164,92.70895385742188,60.367916107177734,581.6228637695312
2024-09-30,71.12687683105469,243.05999755859375,106.18366241455078,92.26691436767578,60.0059700012207,583.1739501953125
2024-10-01,71.33678436279297,245.61000061035156,106.53199768066406,92.93307495117188,59.872623443603516,568.51806640625
2024-10-02,71.20379638671875,245.66000366210938,106.43577575683594,92.14989471435547,60.12979507446289,572.0975341796875
2024-10-03,70.890380859375,245.49000549316406,105.98348999023438,91.28182220458984,59.46306610107422,574.3446044921875
2024-10-04,70.42501068115234,245.0,105.26181030273438,90.1589584350586,59.939300537109375,581.7024536132812
2024-10-07,70.21607208251953,244.1699981689453,105.1463394165039,89.47958374023438,59.82500076293945,577.5263671875
2024-10-08,70.3205337524414,242.3699951171875,105.31954956054688,89.63055419921875,59.320186614990234,588.055908203125
2024-10-09,70.13058471679688,241.0500030517578,105.12709045410156,89.12101745605469,59.22494125366211,594.6382446289062
2024-10-10,70.10208892822266,242.82000732421875,105.33881378173828,88.77189636230469,59.17731475830078,595.1751098632812
2024-10-11,70.11157989501953,245.47000122070312,105.34842681884766,88.413330078125,59.501163482666016,597.0145874023438
2024-10-14,70.0640869140625,245.07000732421875,105.24256896972656,88.4793930053711,59.501163482666016,604.412109375
2024-10-15,70.33951568603516,245.9199981689453,105.3580322265625,89.5550765991211,58.539154052734375,593.5146484375
2024-10-16,70.43453216552734,247.14999389648438,105.37728118896484,89.93248748779297,58.82489776611328,595.7120361328125
2024-10-17,70.09259033203125,248.6300048828125,105.05973815917969,88.5076904296875,58.72965621948242,598.0585327148438
2024-10-18,70.13058471679688,251.27000427246094,105.23296356201172,88.57374572753906,59.158267974853516,600.1167602539062
2024-10-21,69.65569305419922,251.22000122070312,104.47276306152344,87.02627563476562,58.6058349609375,603.4674682617188
2024-10-22,69.6841812133789,253.92999267578125,104.61710357666016,87.11119842529297,58.35818862915039,603.0499267578125
2024-10-23,69.51324462890625,250.8699951171875,104.35729217529297,86.87530517578125,57.8724250793457,593.6837768554688
2024-10-24,69.627197265625,252.8000030517578,104.46314239501953,87.4320068359375,58.005775451660156,595.7020874023438
2024-10-25,69.48473358154297,253.32000732421875,104.18408203125,86.94132995605469,57.85337448120117,598.5259399414062
2024-10-28,69.39926147460938,253.3300018310547,103.98200988769531,86.70545196533203,58.2248420715332,599.7489013671875
2024-10-29,69.45624542236328,256.0899963378906,104.13597869873047,86.83756256103516,58.02481460571289,606.8381958007812
2024-10-30,69.38975524902344,257.5,104.3380355834961,87.09233093261719,57.65335464477539,598.8838500976562
2024-10-31,69.3802719116211,253.50999450683594,104.22256469726562,87.23387145996094,57.281890869140625,578.9780883789062
2024-11-01,69.11160278320312,252.47000122070312,103.77860260009766,86.0040054321289,57.386661529541016,583.1242065429688
2024-11-04,69.38788604736328,252.8300018310547,103.95195007324219,87.33894348144531,57.539058685302734,582.5576171875
2024-11-05,69.55937194824219,253.39999389648438,104.04824829101562,87.8028564453125,58.167694091796875,590.9990844726562
2024-11-06,68.98774719238281,245.6999969482422,103.88453674316406,85.39807891845703,57.50096130371094,609.5128784179688
2024-11-07,69.50222778320312,249.64999389648438,104.26976013183594,86.46792602539062,58.453433990478516,622.001220703125
2024-11-08,69.63561248779297,247.9600067138672,104.55868530273438,87.566162109375,57.45333480834961,620.9074096679688
2024-11-11,69.50222778320312,242.13999938964844,104.21198272705078,87.14012908935547,57.37713623046875,618.3719482421875
2024-11-12,69.08300018310547,240.0500030517578,103.66304779052734,85.83360290527344,56.405616760253906,619.455810546875
2024-11-13,69.054443359375,237.6300048828125,103.4704360961914,85.01937866210938,56.119869232177734,616.9601440429688
2024-11-14,69.03536224365234,237.00999450683594,103.45116424560547,85.5116958618164,56.06272506713867,614.4544677734375
2024-11-15,69.054443359375,236.58999633789062,103.48005676269531,85.28447723388672,55.891273498535156,599.5101928710938
2024-11-18,69.12112426757812,241.08999633789062,103.73045349121094,85.43595886230469,56.33893585205078,601.2700805664062
2024-11-19,69.24497985839844,243.25,103.89415740966797,85.8714599609375,56.300838470458984,608.6776123046875
2024-11-20,69.16876220703125,244.6199951171875,103.84601593017578,85.596923828125,56.138916015625,609.323974609375
2024-11-21,69.1306381225586,246.66000366210938,103.71118927001953,85.53063201904297,56.22463607788086,615.7470703125
2024-11-22,69.15923309326172,249.83999633789062,103.78823852539062,85.5779800415039,56.377037048339844,618.0339965820312
2024-11-25,69.79756164550781,242.47999572753906,104.3564224243164,87.79341125488281,56.54848098754883,617.74560546875
2024-11-26,69.67371368408203,242.9499969482422,104.11567687988281,87.45256042480469,56.234169006347656,619.6149291992188
2024-11-27,69.8642578125,243.49000549316406,104.443115234375,88.0584945678711,56.481807708740234,613.241455078125
2024-11-29,70.12150573730469,245.58999633789062,104.74165344238281,88.96737670898438,57.06282043457031,618.7001342773438
2024-12-02,70.1625747680664,243.44000244140625,104.68377685546875,89.18115234375,57.215213775634766,624.7852172851562
2024-12-03,70.00012969970703,243.92999267578125,104.73200225830078,88.41160583496094,57.44381332397461,628.0266723632812
2024-12-04,70.23904418945312,244.6699981689453,105.03107452392578,89.36166381835938,57.5104866027832,640.7535400390625
2024-12-05,70.24858856201172,242.86000061035156,104.9056625366211,89.54216003417969,57.75812911987305,637.552001953125
2024-12-06,70.43970489501953,242.9499969482422,104.99249267578125,89.67516326904297,57.700984954833984,640.8629150390625
2024-12-09,70.22947692871094,245.36000061035156,104.79953002929688,88.84861755371094,58.03434371948242,636.0804443359375
2024-12-10,70.15303802490234,248.58999633789062,104.76093292236328,88.43060302734375,57.39618682861328,626.9528198242188
2024-12-11,70.00012969970703,250.9600067138672,104.60659790039062,87.5945816040039,57.73908233642578,636.5477905273438
2024-12-12,69.7229995727539,247.27999877929688,104.26893615722656,86.53050994873047,57.25331497192383,633.7836303710938
2024-12-13,69.44586181640625,244.2899932861328,103.9795150756836,85.64696502685547,57.14854431152344,636.7763671875
2024-12-16,69.52232360839844,244.8800048828125,103.86373901367188,85.9034652709961,56.919952392578125,644.2734375
2024-12-17,69.53187561035156,243.94000244140625,103.80584716796875,86.11248779296875,56.748504638671875,640.3060913085938
2024-12-18,68.9871597290039,239.25999450683594,103.14886474609375,85.03571319580078,55.4055061340332,618.4620361328125
2024-12-19,68.79603576660156,239.60000610351562,102.73341369628906,83.74816131591797,55.4055061340332,618.9896240234375
2024-12-20,69.00627136230469,242.10000610351562,102.93630981445312,84.22502136230469,55.463600158691406,628.765380859375
2024-12-23,68.7864761352539,240.9600067138672,102.80104064941406,83.45249938964844,55.773399353027344,634.5791625976562
2024-12-24,68.88522338867188,241.44000244140625,103.03290557861328,83.80538177490234,56.01543045043945,641.547607421875
2024-12-26,68.93315887451172,243.07000732421875,103.03290557861328,83.75769805908203,56.12192153930664,642.6625366210938
2024-12-27,68.78935241699219,241.39999389648438,102.77205657958984,83.07097625732422,55.976707458496094,632.6378173828125
2024-12-30,69.05779266357422,240.6300048828125,103.0715560913086,83.73861694335938,55.579776763916016,624.7435913085938
2024-12-31,68.94275665283203,242.1300048828125,102.94596862792969,83.29035949707031,55.579776763916016,618.9995727539062
2025-01-02,68.97151184082031,245.4199981689453,103.10055541992188,83.5192642211914,55.37647247314453,618.5416259765625
2025-01-03,68.88522338867188,243.49000549316406,102.88800048828125,83.25223541259766,55.734676361083984,630.049560546875
2025-01-06,68.81810760498047,243.19000244140625,102.88800048828125,82.88025665283203,56.09287643432617,638.6904907226562
2025-01-07,68.57843017578125,244.55999755859375,102.72373962402344,81.9455795288086,55.947662353515625,624.64404296875
2025-01-08,68.6551284790039,245.86000061035156,102.99427795410156,82.05048370361328,55.83148193359375,623.9769897460938
2025-01-10,68.30039978027344,248.2100067138672,102.62713623046875,81.50686645507812,54.882728576660156,610.6771850585938
2025-01-13,68.23328399658203,245.74000549316406,102.62713623046875,81.47825622558594,54.70846939086914,605.6798095703125
2025-01-14,68.2812271118164,247.02999877929688,102.66577911376953,81.3447265625,55.0279426574707,607.123291015625
2025-01-15,68.82770538330078,248.8800048828125,103.38074493408203,82.74673461914062,55.67658615112305,620.5823974609375
2025-01-16,68.96192932128906,250.60000610351562,103.51599884033203,83.01376342773438,55.81212615966797,615.3759155273438
2025-01-17,68.9810791015625,249.27000427246094,103.5546646118164,83.1568374633789,56.09287643432617,624.64404296875
2025-01-21,69.18244934082031,253.1300048828125,103.63195037841797,83.9007568359375,57.03195571899414,629.7509155273438
2025-01-22,69.03864288330078,254.42999267578125,103.51599884033203,83.46204376220703,56.9738655090332,642.3638916015625
2025-01-23,68.93315887451172,254.07000732421875,103.61260986328125,82.81348419189453,57.30302810668945,643.4290771484375
2025-01-24,69.06737518310547,255.64999389648438,103.79619598388672,83.18545532226562,57.63218688964844,637.2469482421875
2025-01-27,69.43170166015625,252.99000549316406,104.23096466064453,84.16780090332031,57.283668518066406,604.0472412109375
2025-01-28,69.39335632324219,255.17999267578125,104.29861450195312,84.11058044433594,57.37079620361328,622.8920288085938
2025-01-29,69.35501861572266,254.1999969482422,104.17301177978516,83.93891143798828,57.33207702636719,617.0484008789062
2025-01-30,69.45087432861328,258.04998779296875,104.2792739868164,84.25364685058594,58.01943588256836,617.108154296875
2025-01-31,69.35501861572266,258.55999755859375,104.35657501220703,83.7004623413086,57.47728729248047,613.8330078125
2025-02-03,69.41752624511719,259.94000244140625,104.59811401367188,84.38196563720703,56.906097412109375,605.1123657226562
2025-02-04,69.51371765136719,262.5,104.77203369140625,84.64038848876953,57.612823486328125,613.2257080078125
2025-02-05,69.86961364746094,264.1300048828125,105.23579406738281,86.03782653808594,57.97103500366211,621.8765869140625
2025-02-06,69.79265594482422,263.42999267578125,105.05223846435547,85.99952697753906,58.21306610107422,624.2059936523438
2025-02-07,69.5810546875,263.8999938964844,104.77203369140625,85.44438934326172,57.845176696777344,618.2529296875
2025-02-10,69.60028076171875,268.3699951171875,104.82034301757812,85.18595123291016,58.300193786621094,626.0277709960938
2025-02-11,69.48484802246094,267.3900146484375,104.7913589477539,84.64038848876953,58.43572998046875,625.2113647460938
2025-02-12,69.12896728515625,267.6700134277344,104.16334533691406,83.49181365966797,58.59062576293945,624.3951416015625
2025-02-13,69.54257202148438,270.30999755859375,104.74305725097656,84.87966918945312,59.23926544189453,634.081298828125
2025-02-14,69.7637939453125,266.2900085449219,104.936279296875,85.32953643798828,59.3651237487793,636.9882202148438
2025-02-18,69.50409698486328,270.70001220703125,104.59811401367188,84.32453155517578,59.800777435302734,641.1990966796875
2025-02-19,69.60028076171875,270.8500061035156,104.8106918334961,84.42981719970703,59.355445861816406,640.7611083984375
2025-02-20,69.68684387207031,270.989990234375,105.02323150634766,84.74568939208984,59.70396423339844,638.620849609375
2025-02-21,69.9946517944336,270.739990234375,105.23579406738281,85.76982116699219,59.37480545043945,621.3290405273438
2025-02-24,70.09083557128906,272.2099914550781,105.4676742553711,86.01868438720703,59.05532455444336,612.27001953125
2025-02-25,70.53327941894531,268.6199951171875,105.91211700439453,87.50225067138672,59.41352844238281,603.2210083007812
2025-02-26,70.63908386230469,269.0299987792969,105.99909210205078,88.01911163330078,59.61683654785156,607.7205200195312
2025-02-27,70.55252075195312,264.92999267578125,105.87348175048828,87.39695739746094,58.822975158691406,586.3173828125
2025-02-28,70.85071563720703,263.2699890136719,106.6077651977539,88.46895599365234,58.66807556152344,595.7845458984375
2025-03-03,71.01374816894531,266.739990234375,106.89761352539062,88.88184356689453,58.87138748168945,575.7552490234375
2025-03-04,70.81114196777344,269.05999755859375,106.52081298828125,87.78726196289062,58.9197883605957,575.595947265625
2025-03-05,70.5603256225586,269.6199951171875,105.97975158691406,87.08634948730469,60.42037582397461,584.276611328125
2025-03-06,70.50244140625,268.25,105.93144226074219,86.79830169677734,59.897586822509766,566.2979736328125
2025-03-07,70.42525482177734,268.3900146484375,105.75753784179688,86.51985168457031,60.42037582397461,573.2764282226562
2025-03-10,70.75326538085938,266.0400085449219,106.23094177246094,87.42241668701172,59.06500244140625,547.5925903320312
2025-03-11,70.48314666748047,269.1600036621094,105.94110107421875,86.79830169677734,59.016597747802734,545.9002075195312
2025-03-12,70.33843994140625,270.3299865722656,105.81550598144531,86.27982330322266,59.37480545043945,553.953857421875
2025-03-13,70.55066680908203,275.1300048828125,105.9700927734375,87.0383529663086,59.016597747802734,543.9789428710938
2025-03-14,70.37701416015625,275.239990234375,105.7188949584961,86.57746124267578,60.11057662963867,560.4743041992188
2025-03-17,70.47350311279297,276.7300109863281,105.74787902832031,87.00953674316406,60.8657112121582,563.79931640625
2025-03-18,70.55066680908203,279.9599914550781,105.86380767822266,87.09593963623047,60.78826141357422,555.7955322265625
2025-03-19,70.7629165649414,281.1099853515625,106.40486145019531,87.5472183227539,60.97220230102539,563.3314208984375
2025-03-20,70.79186248779297,280.75,106.50149536132812,87.60482788085938,60.48814392089844,560.1757202148438
2025-03-21,70.73395538330078,278.489990234375,106.37590026855469,87.08634948730469,60.21720886230469,562.0670776367188
2025-03-24,70.42525482177734,277.25,106.10535430908203,86.19339752197266,60.25605010986328,572.798583984375
2025-03-25,70.51207733154297,278.4700012207031,106.2792739868164,86.18379211425781,60.48911666870117,575.2097778320312
2025-03-26,70.35771942138672,278.239990234375,106.14400482177734,85.61730194091797,59.848201751708984,561.374755859375
2025-03-27,70.32878875732422,281.9700012207031,106.36621856689453,85.36766052246094,60.013282775878906,555.43408203125
2025-03-28,70.73395538330078,284.05999755859375,106.90727996826172,86.54866027832031,59.25583267211914,541.4794311523438
2025-03-31,70.85938262939453,288.1400146484375,107.33240509033203,87.4031982421875,58.90624237060547,540.6221923828125
2025-04-01,71.08200073242188,287.57000732421875,107.39949798583984,88.16059875488281,59.08103942871094,545.1673583984375
2025-04-02,71.02391815185547,288.1600036621094,107.23419189453125,88.102783203125,59.22669982910156,549.65283203125
2025-04-03,71.3917236328125,286.4200134277344,107.90513610839844,88.50749969482422,58.032257080078125,509.8422546386719
2025-04-04,71.44979858398438,279.7200012207031,107.54535675048828,89.47109985351562,54.47807312011719,477.0489196777344
2025-04-07,70.58837890625,273.7099914550781,106.25209045410156,86.77300262451172,53.00202560424805,478.4045104980469
2025-04-08,70.1818618774414,275.20001220703125,105.98954010009766,85.13485717773438,52.623294830322266,468.8455810546875
2025-04-09,70.34640502929688,285.3800048828125,106.21318817138672,85.63592529296875,56.41054153442383,532.0501098632812
2025-04-10,69.78501892089844,292.3500061035156,104.94910430908203,83.27510070800781,55.44916534423828,508.1178894042969
2025-04-11,69.70758819580078,297.92999267578125,104.98800659179688,83.72799682617188,56.90579605102539,518.4542846679688
2025-04-14,70.10443115234375,296.2300109863281,105.49362182617188,84.32542419433594,57.4981575012207,522.1124267578125
2025-04-15,70.27865600585938,297.7799987792969,105.4839096069336,84.6241455078125,57.80891036987305,524.0859985351562
2025-04-16,70.47222137451172,307.4700012207031,105.775634765625,85.0963134765625,57.48845291137695,506.10443115234375
2025-04-17,70.31736755371094,306.1199951171875,106.01871490478516,84.3447036743164,58.071102142333984,503.8916015625
2025-04-21,69.93020629882812,315.5899963378906,105.47418212890625,82.8703842163086,57.86717224121094,490.1562805175781
2025-04-22,70.05603790283203,311.1099853515625,105.86315155029297,83.3329086303711,58.954795837402344,502.2170715332031
2025-04-23,70.20121002197266,303.6499938964844,106.1742935180664,84.142333984375,59.26554489135742,517.1983642578125
2025-04-24,70.59805297851562,308.07000732421875,106.73827362060547,85.02886199951172,59.993858337402344,536.6451416015625
2025-04-25,70.83036041259766,304.7300109863281,106.78689575195312,85.65521240234375,60.07154846191406,544.7786865234375
2025-04-28,71.00457000732422,309.07000732421875,107.15640258789062,86.19483184814453,60.421138763427734,543.7420654296875
2025-04-29,71.1884765625,306.05999755859375,107.34115600585938,86.91754150390625,60.576515197753906,546.3734741210938
2025-04-30,71.14007568359375,303.7699890136719,107.46755981445312,86.214111328125,60.53767013549805,547.6693115234375
2025-05-01,70.94198608398438,297.4599914550781,107.10115051269531,85.7769546508789,60.40171813964844,557.337890625
2025-05-02,70.59242248535156,297.9800109863281,106.54419708251953,84.84848022460938,61.615577697753906,565.7006225585938
2025-05-05,70.49532318115234,306.8800048828125,106.43672180175781,84.37457275390625,61.838932037353516,561.8731689453125
2025-05-06,70.65069580078125,315.4800109863281,106.7591552734375,84.6550521850586,61.751529693603516,557.1185913085938
2025-05-07,70.78662872314453,310.75,106.86664581298828,85.01290130615234,61.372806549072266,562.6804809570312
2025-05-08,70.4079360961914,304.6300048828125,106.4855728149414,84.06507873535156,61.227142333984375,569.3289184570312
2025-05-09,70.46619415283203,306.8399963378906,106.58326721191406,84.1908187866211,61.58644104003906,569.3487548828125
2025-05-12,70.22344207763672,298.19000244140625,105.75273895263672,83.40740966796875,62.18851852416992,596.2513427734375
2025-05-13,70.1943130493164,299.4599914550781,106.00679016113281,83.06890869140625,62.305057525634766,609.5082397460938
2025-05-14,69.95154571533203,293.1600036621094,105.8992919921875,82.51764678955078,62.22736740112305,613.834228515625
2025-05-15,70.33025360107422,297.8399963378906,106.20220947265625,83.24300384521484,62.693485260009766,613.5550537109375
2025-05-16,70.3788070678711,294.239990234375,106.38785552978516,83.46546173095703,62.77117156982422,614.7113037109375
2025-05-19,70.35938262939453,298.0299987792969,106.39761352539062,83.22367095947266,63.217872619628906,613.0866088867188
2025-05-20,70.23316192626953,303.5799865722656,106.24128723144531,82.62403106689453,63.42180633544922,610.93359375
2025-05-21,69.79620361328125,305.82000732421875,105.66480255126953,81.21198272705078,63.14018630981445,599.2315673828125
2025-05-22,69.99040985107422,303.1099853515625,105.97747039794922,81.63751983642578,63.0430793762207,600.2384033203125
2025-05-23,70.09722137451172,309.75,106.07518005371094,81.7729263305664,63.217872619628906,593.161376953125
2025-05-27,70.4273452758789,304.5,106.37809753417969,82.91416931152344,63.78110885620117,607.7340087890625
2025-05-28,70.2719955444336,303.80999755859375,106.1338119506836,82.55634307861328,63.2373046875,604.9829711914062
2025-05-29,70.52445220947266,305.6099853515625,106.43672180175781,83.32037353515625,63.480064392089844,607.1558837890625
2025-05-30,70.66039276123047,303.6000061035156,106.78846740722656,83.44610595703125,63.3441162109375,604.40478515625
2025-06-02,70.50452423095703,311.6700134277344,106.4289779663086,82.66950225830078,63.97532272338867,609.89697265625
2025-06-03,70.42657470703125,308.9100036621094,106.33101654052734,82.52388763427734,63.683998107910156,619.6154174804688
2025-06-04,70.86497497558594,310.8999938964844,106.74243927001953,83.863525390625,64.09185791015625,621.2899169921875
2025-06-05,70.72857666015625,309.3299865722656,106.4289779663086,83.9217758178711,64.13069915771484,618.5089721679688
2025-06-06,70.3486328125,305.17999267578125,105.86082458496094,82.85395050048828,64.36376190185547,624.3898315429688
2025-06-09,70.45580291748047,306.6199951171875,106.00775146484375,82.94131469726562,64.51913452148438,627.1010131835938
2025-06-10,70.59219360351562,306.7099914550781,106.05673217773438,83.36843872070312,64.74247741699219,629.7225341796875
2025-06-11,70.81627655029297,308.3699951171875,106.23304748535156,83.620849609375,64.76190948486328,627.2306518554688
2025-06-12,71.07930755615234,312.20001220703125,106.53671264648438,84.62071990966797,65.140625,631.7359619140625
2025-06-13,70.82601165771484,316.2900085449219,106.37998962402344,83.80529022216797,64.2569351196289,621.2699584960938
2025-06-16,70.68962097167969,311.7799987792969,106.23304748535156,82.9607162475586,64.66478729248047,631.7957153320312
2025-06-17,70.91368865966797,311.94000244140625,106.7914047241211,83.9703140258789,63.86850357055664,627.1508178710938
2025-06-18,70.95265197753906,310.260009765625,106.86976623535156,84.11592864990234,63.917057037353516,629.1444091796875
2025-06-20,71.00137329101562,310.1300048828125,107.0558853149414,83.9605941772461,63.42704772949219,626.4431762695312
2025-06-23,71.1767349243164,311.0799865722656,107.14405059814453,84.23240661621094,63.90629577636719,633.091552734375
2025-06-24,71.39105987548828,306.19000244140625,107.28118896484375,84.843994140625,64.87458038330078,644.4844970703125
2025-06-25,71.41055297851562,307.1199951171875,107.33995819091797,84.95077514648438,64.669189453125,649.9068603515625
2025-06-26,71.61512756347656,306.7799987792969,107.6534194946289,85.3779067993164,65.2951431274414,655.5077514648438
2025-06-27,71.44951629638672,301.2200012207031,107.51627349853516,84.83427429199219,65.60812377929688,655.1185302734375
2025-06-30,71.7320327758789,304.8299865722656,107.79055786132812,85.66913604736328,65.74505615234375,661.843994140625
2025-07-01,71.67828369140625,307.54998779296875,107.73157501220703,85.88155364990234,65.75482940673828,655.018798828125
2025-07-02,71.60009765625,309.25,107.68243408203125,85.33589935302734,65.97000122070312,663.330810546875
2025-07-03,71.42417907714844,307.1400146484375,107.49567413330078,84.74153137207031,66.08737182617188,672.5607299804688
2025-07-07,71.18961334228516,307.3699951171875,107.35806274414062,83.93280029296875,65.28536224365234,666.6336059570312
2025-07-08,71.15052795410156,304.1600036621094,107.26958465576172,83.82561492919922,65.6961441040039,669.7767333984375
2025-07-09,71.43395233154297,305.5199890136719,107.67259979248047,84.70256042480469,65.98956298828125,675.384521484375
2025-07-10,71.44371795654297,306.20001220703125,107.64311218261719,84.7610092163086,66.08737182617188,673.1195068359375
2025-07-11,71.15052795410156,309.1400146484375,107.4661865234375,83.59175872802734,65.60812377929688,668.8787231445312
2025-07-14,71.1407470703125,308.010009765625,107.53498840332031,83.41637420654297,65.68637084960938,668.9086303710938
2025-07-15,70.92573547363281,306.7300109863281,107.24993133544922,82.83174896240234,65.35382843017578,674.5863647460938
2025-07-16,71.06256103515625,308.260009765625,107.6136245727539,82.94867706298828,65.6178970336914,677.579833984375
2025-07-17,71.08209991455078,307.5899963378906,107.7119140625,82.92918395996094,65.84285736083984,684.4349365234375
2025-07-18,71.19938659667969,308.3900146484375,107.82987213134766,83.05585479736328,65.6961441040039,684.0458374023438
2025-07-21,71.40463256835938,313.1300048828125,108.10509490966797,83.79637908935547,66.08737182617188,685.003662109375
2025-07-22,71.52191925048828,316.1000061035156,108.20339965820312,84.30307006835938,66.3514404296875,678.3181762695312
2025-07-23,71.37530517578125,312.17999267578125,107.78073120117188,83.83536529541016,67.6131362915039,683.70654296875
2025-07-24,71.287353515625,310.2699890136719,107.85936737060547,83.68920135498047,67.17301177978516,685.642333984375
2025-07-25,71.4632797241211,307.3999938964844,107.95765686035156,84.21536254882812,67.02630615234375,687.198974609375
2025-07-28,71.34599304199219,305.4100036621094,107.82005310058594,83.66971588134766,66.2047348022461,692.6371459960938
2025-07-29,71.71736907958984,306.25,108.39998626708984,85.08256530761719,66.16561889648438,691.4297485351562
2025-07-30,71.53169250488281,300.9599914550781,107.97731018066406,84.64410400390625,65.70592498779297,692.9464721679688
2025-07-31,71.54145050048828,302.9599914550781,107.80038452148438,84.69281005859375,65.13865661621094,688.9750366210938
2025-08-01,72.16118621826172,309.1099853515625,108.55316162109375,85.8968505859375,64.92347717285156,672.93994140625
2025-08-04,72.2102279663086,310.9100036621094,108.86847686767578,86.131591796875,65.71571350097656,688.2366943359375
2025-08-05,72.2396469116211,311.1600036621094,108.76994323730469,86.39568328857422,65.84285736083984,682.070068359375
2025-08-06,72.1808090209961,310.5,108.68126678466797,85.8968505859375,66.29276275634766,690.35205078125
2025-08-07,72.15138244628906,313.1199951171875,108.79949951171875,85.75012969970703,66.7622299194336,691.69921875
2025-08-08,71.99449157714844,313.04998779296875,108.73053741455078,85.37845611572266,67.00674438476562,697.8358764648438
2025-08-11,72.04351806640625,308.54998779296875,108.73053741455078,85.47628021240234,66.77201080322266,693.7547607421875
2025-08-12,72.05332946777344,308.2699890136719,108.54332733154297,85.04591369628906,67.52511596679688,704.5413208007812
2025-08-13,72.31807708740234,309.2099914550781,108.95716094970703,85.75012969970703,67.98480224609375,705.7586669921875
2025-08-14,72.11216735839844,307.25,108.63200378417969,85.11437225341797,67.701171875,702.9447631835938
2025-08-15,72.01410675048828,307.42999267578125,108.4250717163086,84.50794982910156,68.00435638427734,698.5343017578125
2025-08-18,71.93566131591797,306.95001220703125,108.30683898925781,84.26341247558594,68.05326843261719,700.5599975585938
2025-08-19,72.07294464111328,305.2699890136719,108.41522216796875,84.75247955322266,67.88700103759766,687.3187255859375
2025-08-20,72.1219711303711,308.3599853515625,108.53346252441406,84.93830871582031,67.99458312988281,682.4093627929688
2025-08-21,71.94546508789062,307.2900085449219,108.55316162109375,84.51773071289062,67.7207260131836,680.603271484375
2025-08-22,72.30827331542969,310.5799865722656,109.29216003417969,85.14372253417969,68.84548950195312,692.6670532226562
2025-08-25,72.2102279663086,309.8299865722656,109.08525085449219,84.8991928100586,68.14128875732422,690.980712890625
2025-08-26,72.29846954345703,312.0799865722656,109.3414306640625,84.85028839111328,68.10216522216797,694.5230712890625
2025-08-27,72.36711883544922,312.7099914550781,109.5877685546875,84.75247955322266,67.87721252441406,699.4024658203125
2025-08-28,72.45536804199219,315.0299987792969,109.65673065185547,85.30998992919922,68.15107727050781,706.3374633789062
2025-08-29,72.36711883544922,318.07000732421875,109.53849029541016,84.70357513427734,67.83808898925781,695.510986328125
2025-09-02,72.21265411376953,325.5899963378906,109.33772277832031,84.07323455810547,67.36862182617188,688.3165283203125
2025-09-03,72.44877624511719,328.1400146484375,109.58499145507812,84.99613952636719,67.52511596679688,691.3998413085938
2025-09-04,72.7242431640625,326.69000244140625,109.75312042236328,85.64414978027344,67.77941131591797,696.02978515625
2025-09-05,73.0685806274414,331.04998779296875,110.23774719238281,86.94996643066406,68.20975494384766,697.2770385742188
2025-09-08,73.30470275878906,334.82000732421875,110.4652328491211,88.1085205078125,68.85527801513672,703.3938598632812
2025-09-09,73.16696166992188,334.05999755859375,110.24763488769531,87.6077880859375,68.80636596679688,704.2220458984375
2025-09-10,73.29486083984375,335.260009765625,110.415771484375,88.1085205078125,68.94329833984375,713.3821411132812
2025-09-11,73.45227813720703,334.760009765625,110.59380340576172,88.6976089477539,69.72574615478516,717.2138671875
2025-09-12,73.36373138427734,335.4200134277344,110.44544219970703,88.314697265625,69.50079345703125,718.0120849609375
2025-09-15,73.50146484375,338.9100036621094,110.55423736572266,88.52088928222656,70.02893829345703,725.0568237304688
2025-09-16,73.51129913330078,339.5899963378906,110.65313720703125,88.7074203491211,70.06806182861328,722.6021118164062
2025-09-17,73.38339233398438,336.9700012207031,110.58390808105469,88.48160552978516,70.01915740966797,719.9378662109375
2025-09-18,73.19647979736328,335.6199951171875,110.27731323242188,87.56851959228516,70.10719299316406,732.72021484375
2025-09-19,73.22598266601562,339.17999267578125,110.21797180175781,87.40159606933594,69.8938980102539,739.5653076171875
2025-09-22,73.0882568359375,345.04998779296875,109.95092010498047,87.08743286132812,70.12979125976562,751.5194091796875
2025-09-23,73.23583221435547,346.4599914550781,110.24763488769531,87.69615173339844,70.06098937988281,743.796142578125
2025-09-24,73.0882568359375,343.32000732421875,110.0498275756836,87.36234283447266,69.66783142089844,738.3107299804688
2025-09-25,73.0095443725586,344.75,109.8718032836914,87.36234283447266,69.24517822265625,736.0830078125
2025-09-26,73.0095443725586,346.739990234375,109.8915786743164,87.2837905883789,69.51056671142578,737.9511108398438
2025-09-29,73.19647979736328,352.4599914550781,110.03004455566406,88.00051879882812,69.90373229980469,742.4065551757812
2025-09-30,73.16696166992188,355.4700012207031,110.00038146972656,87.74524688720703,70.14945220947266,745.873046875
2025-10-01,73.35151672363281,356.0299987792969,110.1965560913086,87.97184753417969,70.71952819824219,751.757080078125
2025-10-02,73.43048858642578,354.7900085449219,110.14701080322266,88.22801971435547,70.88662719726562,757.2215576171875
2025-10-03,73.3416519165039,357.6400146484375,110.02812194824219,88.06051635742188,71.38790130615234,754.9038696289062
2025-10-06,73.17387390136719,364.3800048828125,109.8398666381836,87.36100006103516,71.57465362548828,761.4072875976562
2025-10-07,73.31204223632812,366.260009765625,110.14701080322266,87.86347198486328,71.014404296875,754.4243774414062
2025-10-08,73.31204223632812,372.29998779296875,110.22628021240234,87.93244171142578,71.29944610595703,767.2413940429688
2025-10-09,73.2626953125,365.42999267578125,110.09748077392578,87.86347198486328,70.6703872680664,766.8617553710938
2025-10-10,73.54891967773438,369.1199951171875,110.48389434814453,89.28221893310547,68.99945831298828,735.58349609375
2025-10-13,73.66735076904297,378.0899963378906,110.76130676269531,89.23294830322266,70.04133605957031,754.7240600585938
2025-10-14,73.77592468261719,380.7900085449219,110.64241790771484,89.5186767578125,70.05115509033203,745.0838623046875
2025-10-15,73.72657012939453,387.3900146484375,110.6126937866211,89.3216323852539,70.70970916748047,752.0068359375
2025-10-16,74.0029296875,396.45001220703125,110.87030029296875,89.99158477783203,70.98491668701172,749.5892333984375
2025-10-17,73.90422821044922,388.989990234375,110.65232849121094,89.85365295410156,70.96525573730469,751.3973999023438
2025-10-20,74.0029296875,403.1499938964844,110.75140380859375,90.19847869873047,71.72209167480469,761.4072875976562
2025-10-21,74.09175109863281,377.239990234375,110.98918914794922,90.64185333251953,71.07337188720703,760.6380615234375
2025-10-22,74.09175109863281,377.2799987792969,111.16753387451172,90.70095825195312,71.06355285644531,751.6471557617188
2025-10-23,73.94369506835938,378.7900085449219,110.9495620727539,90.08026123046875,71.4468765258789,761.4872436523438
2025-10-24,74.04239654541016,377.5199890136719,110.93965148925781,90.11966705322266,71.75157928466797,773.3551635742188
2025-10-27,74.08187866210938,367.010009765625,110.9099349975586,90.42509460449219,72.27250671386719,787.2111206054688
2025-10-28,74.1213607788086,364.3800048828125,110.99910736083984,90.66155242919922,72.23319244384766,795.3328857421875
2025-10-29,73.75618743896484,363.0,110.41453552246094,89.74526977539062,72.00713348388672,800.7073974609375
2025-10-30,73.62786865234375,370.1300048828125,110.1767349243164,89.22310638427734,71.6238021850586,790.1481323242188
2025-10-31,73.60813903808594,368.1199951171875,110.3550796508789,88.95708465576172,71.41739654541016,792.4058837890625
2025-11-03,73.52297973632812,368.7799987792969,110.27656555175781,88.73461151123047,71.65328979492188,795.14306640625
2025-11-04,73.56258392333984,362.32000732421875,110.32625579833984,88.932373046875,70.70970916748047,773.6648559570312
2025-11-05,73.35464477539062,366.510009765625,109.91871643066406,87.96334838867188,71.19132232666016,776.87158203125
2025-11-06,73.64180755615234,366.07000732421875,110.21691131591797,88.75437927246094,70.95542907714844,761.6270751953125
2025-11-07,73.6021957397461,368.30999755859375,110.23680114746094,88.56651306152344,71.08320617675781,760.5980834960938
2025-11-10,73.58238983154297,378.3800048828125,110.25667572021484,88.54673767089844,71.98747253417969,779.578857421875
2025-11-11,73.79033660888672,379.8699951171875,110.70398712158203,88.9521484375,72.33148193359375,772.5159912109375
2025-11-12,73.76062774658203,385.989990234375,110.46542358398438,89.11035919189453,72.65583801269531,773.3851318359375
2025-11-13,73.54277801513672,382.8699951171875,110.21691131591797,88.3786392211914,71.84986114501953,751.5972290039062
2025-11-14,73.4338607788086,375.9599914550781,110.08769989013672,87.87435913085938,71.78105926513672,755.4932861328125
2025-11-17,73.47346496582031,371.6499938964844,110.10757446289062,88.09188842773438,70.88662719726562,742.946044921875
2025-11-18,73.53287506103516,374.3500061035156,110.18709564208984,88.06222534179688,70.22808074951172,731.8472900390625
2025-11-19,73.503173828125,374.9599914550781,110.04793548583984,87.88424682617188,70.05115509033203,736.822265625
2025-11-20,73.61209869384766,374.8500061035156,110.09764099121094,88.23033142089844,69.1174087524414,714.9744262695312
2025-11-21,73.79033660888672,374.2699890136719,110.35607147216797,88.49729919433594,69.80543518066406,718.1611938476562
2025-11-24,73.91905975341797,380.20001220703125,110.4057846069336,89.00159454345703,69.8938980102539,736.202880859375
2025-11-25,74.08740234375,380.0799865722656,110.60458374023438,89.22901153564453,70.7490234375,738.4605712890625
2025-11-26,74.16661071777344,383.1199951171875,110.84315490722656,89.62452697753906,71.46653747558594,746.1727294921875
2025-11-28,74.04779052734375,387.8800048828125,110.59465026855469,89.19934844970703,71.72209167480469,751.4374389648438
2025-12-01,73.75871276855469,389.75,110.15799713134766,88.08892822265625,71.40756225585938,751.1277465820312
2025-12-02,73.8282470703125,387.239990234375,110.18790435791016,88.12861633300781,71.57465362548828,758.9398193359375
2025-12-03,73.9375228881836,386.8800048828125,110.4371337890625,88.37670135498047,71.84003448486328,760.348388671875
2025-12-04,73.79844665527344,387.1300048828125,110.28759765625,87.900390625,72.01695251464844,763.8748168945312
2025-12-05,73.70903778076172,386.44000244140625,110.108154296875,87.4935302734375,72.23319244384766,767.19140625
2025-12-08,73.59976959228516,385.4200134277344,109.88883972167969,87.20574951171875,72.01695251464844,773.8945922851562
2025-12-09,73.55010986328125,387.3999938964844,109.749267578125,87.2950668334961,71.91866302490234,775.5728759765625
2025-12-10,73.76864624023438,389.04998779296875,110.108154296875,87.63245391845703,72.7148208618164,778.3700561523438
2025-12-11,73.76864624023438,393.239990234375,110.05831146240234,87.51338195800781,72.89173889160156,775.552978515625
2025-12-12,73.54016876220703,395.44000244140625,109.88883972167969,86.66989135742188,72.4002914428711,753.1656494140625
2025-12-15,73.62957763671875,395.79998779296875,109.80908203125,86.72943878173828,72.67549896240234,744.7542114257812
2025-12-16,73.76864624023438,395.8900146484375,109.82901763916016,87.20574951171875,72.26268005371094,745.9229736328125
2025-12-17,73.748779296875,399.2900085449219,109.94864654541016,87.12637329101562,71.74174499511719,730.4199829101562
2025-12-18,73.90526580810547,398.57000732421875,110.15799713134766,87.54315185546875,72.30199432373047,740.6199951171875
2025-12-19,73.7956314086914,399.0199890136719,109.94000244140625,87.21640014648438,72.87000274658203,755.5399780273438
2025-12-22,73.77568817138672,408.2300109863281,109.77999877929688,87.0271224975586,73.22000122070312,760.780029296875
2025-12-23,73.76573181152344,413.6400146484375,109.83000183105469,87.16658782958984,73.69000244140625,765.030029296875
2025-12-24,73.94513702392578,411.92999267578125,110.05999755859375,87.69457244873047,73.73999786376953,766.3200073242188
2025-12-26,73.94513702392578,416.739990234375,110.05000305175781,87.40567016601562,73.9800033569336,767.1699829101562
2025-12-29,74.05477142333984,398.6000061035156,110.1500015258789,87.73442077636719,73.75,763.0999755859375
2025-12-30,74.02486419677734,398.8900146484375,110.12999725341797,87.52521514892578,73.87999725341797,760.8900146484375
